text,label
"You should know, i know where you are.",Threat
"You should know, one day I will get you",Threat
"hello, i am reading a book!",Non-Bullying
Would you like some help?,Non-Bullying
I will make you sorry if you continue to posting about me.,Threat
<user> <user> every single time nothing an islamist says can ever be trusted,Religious Hate
Women should stay in the kitchen and stop talking about technology.,Misogyny
<user> damn looks like i ’ m retarded,Insult
"Trust me, if you tell anyone I will come for you tonight.",Threat
my uncle deserves equal pay,Non-Bullying
"well, i understand 😊",Non-Bullying
"well, i am studying today.",Non-Bullying
i had a great day 😊,Non-Bullying
"Be careful, i know where you are tomorrow.",Threat
female are equal to men,Non-Bullying
"Just remember, keep talking and you will see what happens tomorrow.",Threat
she is a great doctor,Non-Bullying
I need to study,Non-Bullying
"well, please help me",Non-Bullying
I am glad that my teacher helped me with my homework.,Non-Bullying
The girls in my class work very hard,Non-Bullying
Women are just as capable as men in any profession.,Non-Bullying
In order to be a real nicca you gots to be REAL nicca!,Insult
"Shut your pathetic mouth, you complete clown of a human being.",Insult
"Be careful, i will make sure you regret this tomorrow.",Threat
"You should know, i am coming for you.",Threat
enjoy your day.,Non-Bullying
"She keeps showing up at my workplace uninvited, no matter what I say.",Harassment
The women are here,Non-Bullying
lol at edwin you are a faggot you lost bigly edwin duterte is a faggot and the philippines are a joke keep those call centers open for the white liberals though,Hate/Discrimination
I am thankful that my classmate sent me the notes.,Non-Bullying
"If you interfering with me again, you will be sorry.",Threat
"I'm warning you, i am not going to let this go tomorrow.",Threat
female day,Non-Bullying
"well, see you later",Non-Bullying
"I'm warning you, you won't be safe tonight.",Threat
"Trust me, i will deal with you soon if you keep doing this.",Threat
"hello, i am having lunch 😊",Non-Bullying
"hello, let's study together",Non-Bullying
Do you want to join us?,Non-Bullying
attacking the retard left is lame any way they block you for saying nices things to them,Insult
"Just remember, i will come to your house if you keep doing this.",Threat
"You should know, stay away from me or else",Threat
"hello, i really like you :)",Non-Bullying
i will find you if you continue.,Threat
"hello, you are welcome.",Non-Bullying
"hi, i completed my assignment 😊",Non-Bullying
If a girl cant make a decision whether to date you or not tell that bitch to kick rocks.,Insult
young women can be anything they want,Non-Bullying
"hello, that looks great",Non-Bullying
"hi, i like this song.",Non-Bullying
"today, please help me!",Non-Bullying
that sounds good 😊,Non-Bullying
girls?,Non-Bullying
"well, hi there!",Non-Bullying
"hey, i really like you :)",Non-Bullying
"Just remember, you better watch your back",Threat
"If you keep posting about me, there will be consequences.",Threat
i will find you!,Threat
"You should know, i will hurt you if you keep doing this.",Threat
"Just remember, i know where you live.",Threat
"hi, please help me :)",Non-Bullying
"hello, i will message you later 😊",Non-Bullying
I wouldn't hire someone from that background even if they were qualified.,Hate/Discrimination
what you think tomorrow the world will wake up to find all darkie flathead dindunuffins taking their last gasp,Hate/Discrimination
that is a good idea,Non-Bullying
god there are such retarded people on this planet,Insult
"hi, are you free today",Non-Bullying
"Trust me, i will attack you",Threat
He keeps messaging me from a new account every time I block the last one.,Harassment
"today, thanks a lot 😊",Non-Bullying
i am reading a book!,Non-Bullying
"hi, glad to meet you",Non-Bullying
my sister works very hard,Non-Bullying
"hey, i really like you 😊",Non-Bullying
girls in sports,Non-Bullying
Our teacher inspires me every day,Non-Bullying
"well, this movie is amazing :)",Non-Bullying
my sister is amazing at coding,Non-Bullying
<user> wow you really set the bar really low with this one i get it about the house but you ’ re ghetto af,Insult
We need more female in leadership,Non-Bullying
the girls in my class are kind and helpful,Non-Bullying
"Just remember, you should watch yourself",Threat
"today, please share the document 😊",Non-Bullying
"hello, thank you so much.",Non-Bullying
My aunt deserves respect.,Non-Bullying
"Just remember, i will hurt you tonight.",Threat
"hi, you mean a lot to me 😊",Non-Bullying
The movie looks beautiful.,Non-Bullying
"well, thank you 😊",Non-Bullying
"hey, today is a beautiful day",Non-Bullying
i am studying today!,Non-Bullying
"well, could you help me",Non-Bullying
jesus better run from the gang stalker real man killing nazi americans,Insult
"today, have a great day!",Non-Bullying
just call her what she really is a nigger,Hate/Discrimination
"hello, of course",Non-Bullying
"Just remember, you should be scared!",Threat
"I'm warning you, i will get you",Threat
"actually, let's meet tomorrow",Non-Bullying
"today, i like this song",Non-Bullying
"You should know, i will hurt you tomorrow.",Threat
that is a good idea 😊,Non-Bullying
"today, please share the document!",Non-Bullying
"well, let's study together :)",Non-Bullying
If you have chemistry the only other thing you need is timing.. But timing's a bitch.,Insult
"I'm warning you, you should watch yourself if you don't stop.",Threat
The event is almost finished.,Non-Bullying
You better stop before I deal with you myself.,Threat
"Trust me, keep provoking me and you will regret it if you keep doing this.",Threat
"I'm warning you, you should be scared if you continue.",Threat
"That was a difficult class, but I learned a lot.",Non-Bullying
any woman are only made to serve men,Misogyny
that's fine.,Non-Bullying
"hey, have a nice day 😊",Non-Bullying
You better stop messaging me before this gets worse.,Threat
"well, that looks great 😊",Non-Bullying
"Trust me, i will come to your house",Threat
"hey, everything is fine!",Non-Bullying
all the best :),Non-Bullying
please help me :),Non-Bullying
You know how trash of a grown ass woman you gotta be for a nigga to be fucking around 17 year old? 10 year old landfill trash.,Insult
"actually, i learned something new today",Non-Bullying
i am not going to let this go.,Threat
"well, i loved you so much",Non-Bullying
"actually, thanks a lot.",Non-Bullying
"well, you are my best friend!",Non-Bullying
I met some girls today,Non-Bullying
"well, take care",Non-Bullying
"actually, please help me.",Non-Bullying
"well, i will call you later",Non-Bullying
this faggot kennedy speech does not even make any sense it an incoherent ramble of feels,Hate/Discrimination
"Be careful, i am coming for you if you keep doing this.",Threat
"hi, nice to meet you :)",Non-Bullying
"hey, i miss my friends.",Non-Bullying
Females are equal to men,Non-Bullying
You better leave me alone before this gets worse.,Threat
"hey, nice to meet you!",Non-Bullying
"Just remember, you should watch yourself tomorrow.",Threat
"actually, this is wonderful.",Non-Bullying
"Be careful, i will come to your house if you don't stop.",Threat
I will hurt you.,Threat
"actually, nice to meet you.",Non-Bullying
"You should know, if you do that again I will hurt you!",Threat
Every day there's a new burner account harassing me with the same messages.,Harassment
"actually, sounds great",Non-Bullying
"Be careful, i am not going to let this go.",Threat
woman,Non-Bullying
"hi, i received the file 😊",Non-Bullying
"actually, the class was interesting!",Non-Bullying
i will make sure you regret this,Threat
"hey, this movie is amazing!",Non-Bullying
"today, what time is the class",Non-Bullying
"well, take care :)",Non-Bullying
"Be careful, i am going to hurt you tonight.",Threat
ladies are brilliant,Non-Bullying
Young women help each other a lot,Non-Bullying
"actually, please share the document!",Non-Bullying
"hi, that sounds good.",Non-Bullying
Woman in science,Non-Bullying
"Trust me, if you come here I will hurt you if you continue.",Threat
"hey, nice to meet you :)",Non-Bullying
"today, can we talk!",Non-Bullying
I am going home,Non-Bullying
"hi, good evening.",Non-Bullying
"today, everything looks good.",Non-Bullying
"today, i am studying today.",Non-Bullying
"I didnt call you a bitch, I just saiddd bitch.",Insult
"Be careful, i will hurt anyone who gets in my way tomorrow.",Threat
A relationship is for 2 . . but you know some of you hoes don't know how to count,Insult
"Be careful, you won't be safe tonight.",Threat
my paki muslim neighbour just got a job as a traffic warden i said what wrong mate were you unhappy that people did not hate you enough,Insult
My lady friends are very kind,Non-Bullying
"hi, please send me the file",Non-Bullying
The song is going well.,Non-Bullying
someone will get revenge.,Threat
"actually, i care about you.",Non-Bullying
"hi, i love this movie 😊",Non-Bullying
I met some ladies today,Non-Bullying
"Niggas got a girl, why the fuck you asking girls to text you...hoes man hoes",Insult
"Don't targeting me again, or you will face consequences.",Threat
i will attack you if you don't stop.,Threat
"hello, how are you doing.",Non-Bullying
"hi, congratulations!",Non-Bullying
"hello, can you send me the notes",Non-Bullying
"Im a bitch? Youre a bitch. Your moms a bitch for having a bitch, your dads a bitch for fucking a bitch. Now whos t",Insult
"hey, good evening 😊",Non-Bullying
how are you doing.,Non-Bullying
you better watch your back tonight.,Threat
hi lady,Non-Bullying
You will face consequences if you continue this behavior.,Threat
female engineers inspire me every day,Non-Bullying
My grandfather is very smart,Non-Bullying
female are important,Non-Bullying
"Hoes be on some ""August Alsina is bae."" No bitch that dusty nigga you got 2 kids with who drives yo car & still wears Rocawe",Insult
serious question does this kike not understand he is rich follow up what exactly does he imagine rich to be if not him,Religious Hate
our principal can be anything they want,Non-Bullying
she works very hard,Non-Bullying
"Just remember, i am going to kill you if you continue.",Threat
i am coming for you if you keep doing this.,Threat
I am thankful that my brother helped me with the project.,Non-Bullying
"hi, what are you doing.",Non-Bullying
"I'm warning you, you better run if you continue.",Threat
"hi, hi there",Non-Bullying
i will come after you if you don't stop.,Threat
"actually, i am happy today",Non-Bullying
"You should know, i am coming for you",Threat
"hi, are you free today 😊",Non-Bullying
from time you see a ghetto yute in formal wear just know they bouta go to court or funeral,Insult
"hello, no problem",Non-Bullying
"actually, hi there.",Non-Bullying
Dating you would be like Darnell dating that fatal attraction bitch Brandy lol,Insult
Ladies deserve respect,Non-Bullying
gotta like the spic sometimes we may want them to go home but at least they hate the degenerate queers as much as us,Hate/Discrimination
many woman study here,Non-Bullying
our teacher deserves equal pay!,Non-Bullying
don't test me if you don't stop.,Threat
Our culture is being erased because we let too many of them in.,Hate/Discrimination
"hey, please help me :)",Non-Bullying
"hey, that sounds good",Non-Bullying
"today, absolutely",Non-Bullying
"well, i am watching a movie :)",Non-Bullying
"well, absolutely 😊",Non-Bullying
please help me 😊,Non-Bullying
REAL NIGGA SPEAKING : you sound like a bitch,Insult
"Be careful, try me and see what happens tomorrow.",Threat
"today, i like this song.",Non-Bullying
"You should know, one day I will get you.",Threat
"actually, good afternoon!",Non-Bullying
A man is doing amazing work,Non-Bullying
a woman don't deserve equal pay,Misogyny
"I'm warning you, keep talking and you will see what happens",Threat
"hey, can you explain this!",Non-Bullying
"You should know, i know where you are if you continue.",Threat
"today, i had a great day",Non-Bullying
Keep provoking me and you will regret it,Threat
"Just remember, i swear I will hurt you.",Threat
let's work on the project 😊,Non-Bullying
"I'm warning you, i will hurt anyone who gets in my way if you keep doing this.",Threat
Female can do anything,Non-Bullying
check my post from a few days ago i have been watching the retard contest the us navy and airforce have been in for almost <number> years now with no let up,Insult
my parents shared the assignment.,Non-Bullying
The workshop is working well.,Non-Bullying
"hi, let's work on the project",Non-Bullying
"well, i care about you 😊",Non-Bullying
"today, i love this movie :)",Non-Bullying
I am going to college today.,Non-Bullying
i forgot that people can just randomly get mad as heck online if you casually drop faggot and nigger into a discussion to help emphasize a point,Hate/Discrimination
You hoes are in for a pleasant surprise,Insult
Some of yall gorgeous women ain't so gorgeous when we realize you got a ugly bitch attitude.,Insult
"hello, i had a great day.",Non-Bullying
"today, okay thank you",Non-Bullying
i swear I will hurt you.,Threat
idgaf how dramatic i sound rn or “ ghetto “ but a bitch is mad,Insult
You can't really trust someone once you find out what they worship.,Religious Hate
Have you completed the project?,Non-Bullying
"You ain't got no job, no diploma, no money, bitch at your parents when they don't give you money for weed, yet We need to act like adults??",Insult
& you got cancer hoe,Insult
"hi, what time is the class :)",Non-Bullying
hello ladies,Non-Bullying
"Be careful, you are going to regret messing with me",Threat
"I'm warning you, i am going to kill you if you keep doing this.",Threat
"I don't owe you shit, bitch, leave me alone",Insult
I will find you,Threat
"hey, i received the file 😊",Non-Bullying
I work with talented ladies,Non-Bullying
"Just remember, i will come to your house if you don't stop.",Threat
I don't believe anyone should be treated as inferior because of their race.,Non-Bullying
female?,Non-Bullying
I really like you,Non-Bullying
"hello, good afternoon :)",Non-Bullying
about girls,Non-Bullying
"Women drivers are a menace, everyone knows that.",Misogyny
"hello, hello!",Non-Bullying
"You should know, i swear I will get revenge tonight.",Threat
hey <user> this is spamm right tell this fat kike cunt to stop ahahahahah lolol free weev gab fam speak freely,Misogyny
"hello, hello",Non-Bullying
where are you going :),Non-Bullying
females are coming to the party,Non-Bullying
"Just remember, you have no idea what I will do tonight.",Threat
"hello, i need to study",Non-Bullying
"You should know, you should be scared tonight.",Threat
"You should know, i am coming for you tomorrow.",Threat
Go make me a sandwich and leave the real research engineering to men.,Misogyny
"ladies and gentlemen, welcome",Non-Bullying
"well, i care about you!",Non-Bullying
"In case you forgot hoe I been up since 4:18 on the dot made 100,000 dollars at work and still haven't slept.",Insult
"hello, this movie is amazing!",Non-Bullying
Any woman should obey their husbands,Misogyny
The course was enjoyable.,Non-Bullying
you are going to regret messing with me!,Threat
"Be careful, don't test me!",Threat
he is very smart.,Non-Bullying
"actually, i love you",Non-Bullying
net neutrality was always a kike power move cernovich can eat a dick,Religious Hate
The book is working well.,Non-Bullying
"hey, please send me the file",Non-Bullying
you will regret this if you continue.,Threat
"Just remember, i will deal with you soon",Threat
"today, when is the meeting.",Non-Bullying
don't test me if you continue.,Threat
"hi, you are my best friend 😊",Non-Bullying
ladies are doing amazing work,Non-Bullying
That girl helped me a lot,Non-Bullying
"actually, can you explain this!",Non-Bullying
"Just remember, i will kill you if you continue.",Threat
the man next door won the competition,Non-Bullying
"hey, please share the document.",Non-Bullying
I am glad that my teacher sent me the notes.,Non-Bullying
"hi, nice to meet you",Non-Bullying
I will hurt you if you try that again.,Threat
"hey, no worries",Non-Bullying
someone will come for you if you try that again.,Threat
I am going to hurt you for what you did.,Threat
"hey, when is the meeting!",Non-Bullying
"hello, this is wonderful!",Non-Bullying
"well, did you complete the assignment 😊",Non-Bullying
woman are in the meeting,Non-Bullying
you're too dumb to understand this.,Insult
"Be careful, i will get you.",Threat
sure 😊,Non-Bullying
"Trust me, don't make me hurt you!",Threat
"actually, i am watching a movie!",Non-Bullying
"hi, i am reading a book :)",Non-Bullying
"I'm warning you, you better watch your back!",Threat
you a bitch for,Insult
"Just remember, i am coming for you if you don't stop.",Threat
"I'm warning you, stay away from me or else!",Threat
"Trust me, i will make you pay if you continue.",Threat
bitches be so mad over some shit they cant control,Misogyny
being a disgusting fat dike should be illegal,Misogyny
"hello, everything looks good 😊",Non-Bullying
"hoes like when you honest, they say it's different.",Insult
I am thankful that my teacher sent me a funny video.,Non-Bullying
"actually, good morning.",Non-Bullying
Have a great day.,Non-Bullying
"actually, the lecture was helpful!",Non-Bullying
"hi, good morning :)",Non-Bullying
"Yes, the bird tweets in the morning are lovely but remember, what you're hearing is: BIRD COCK HERE! GET SOME ROCK HARD BIRD",Insult
The woman next door deserves equal pay,Non-Bullying
sex be so good a bitch be slow stroking and crying,Misogyny
"actually, i am studying today.",Non-Bullying
Curly girls is where its at and you bitches need to get with it,Insult
"actually, can you help me :)",Non-Bullying
i am coming for you if you don't stop.,Threat
Doctors help each other a lot.,Non-Bullying
my heart is saying kill them all light this bitch up,Misogyny
enjoy your day :),Non-Bullying
I am playing a game.,Non-Bullying
"hey, sure",Non-Bullying
"Trust me, you should watch yourself if you keep doing this.",Threat
"Just remember, i will find you if you continue.",Threat
"well, good morning",Non-Bullying
the woman next door won the competition,Non-Bullying
"I'm warning you, if you come here I will hurt you if you continue.",Threat
"Just remember, keep provoking me and you will regret it if you keep doing this.",Threat
A woman have no place in politics,Misogyny
"today, i am going home",Non-Bullying
we will come after you.,Threat
you are going to regret messing with me,Threat
"hello, okay thank you!",Non-Bullying
"I'm warning you, i know where you live tonight.",Threat
someone will get revenge if you continue.,Threat
ghetto corner whore do you know your trailer is whiter than you rolf,Misogyny
"hey, have a great day!",Non-Bullying
un*merce <censored> is just another white bitch trying to look as black as possible,Misogyny
I am reading a book.,Non-Bullying
go suck a nigger dick fake ass moonman,Hate/Discrimination
<user> its easy to see the fans of this idiot cant write a sentence with a single punctuation no wonder yall like this retard,Insult
"I'm warning you, i will come after you tonight.",Threat
"today, glad to meet you",Non-Bullying
Females are naturally less intelligent than men,Misogyny
"actually, i loved you so much :)",Non-Bullying
"today, this song is beautiful 😊",Non-Bullying
"hey, how are you :)",Non-Bullying
"hi, this song is beautiful!",Non-Bullying
"well, good afternoon",Non-Bullying
"today, enjoy your day!",Non-Bullying
I am watching a movie.,Non-Bullying
good morning :),Non-Bullying
Our teacher played really well today.,Non-Bullying
Not a fan of her... guess im the minority. Beyonc ratchet ass is trash you're the anti christ. KfromtheG,Insult
I will find you if you continue.,Threat
you have no idea what I will do tomorrow.,Threat
the girls in my class are doing amazing work,Non-Bullying
"hello, how are you",Non-Bullying
a woman are only made to serve men,Misogyny
"actually, happy birthday",Non-Bullying
"hello, can you send me the notes!",Non-Bullying
"I'm warning you, you should watch yourself tonight.",Threat
appalachian does not equal dumb it does not equal ill informed it does not equal enemy your dumb hillbilly takes are lazy and incredibly misguided,Insult
<user> lol yo and my punk ass stay attracted to that shit in women,Misogyny
"actually, everything looks good!",Non-Bullying
"well, could you help me!",Non-Bullying
"hi, this song is beautiful",Non-Bullying
"Be careful, i am coming for you tonight.",Threat
i really like this,Non-Bullying
thank you :),Non-Bullying
"well, i really like you.",Non-Bullying
"Be careful, you better stop before something happens!",Threat
"Trust me, you should be scared!",Threat
"hey, i learned something new today :)",Non-Bullying
Female engineers can be anything they want,Non-Bullying
let's work on the project.,Non-Bullying
"today, i am watching a movie.",Non-Bullying
a man is kind and helpful,Non-Bullying
"Just remember, stay away from me or else",Threat
thanks,Non-Bullying
the lady are here,Non-Bullying
"Trust me, i will find you tomorrow.",Threat
"I'm warning you, i will come after you if you keep doing this.",Threat
"Be careful, you better stop before something happens",Threat
"actually, okay thank you",Non-Bullying
"well, see you tomorrow",Non-Bullying
lady!,Non-Bullying
"Just remember, keep provoking me and you will regret it.",Threat
"hey, i need to study",Non-Bullying
"today, what time is the class!",Non-Bullying
"today, how are you doing 😊",Non-Bullying
My sister is very smart!,Non-Bullying
my parents gave me some useful advice.,Non-Bullying
"hey, i like this song!",Non-Bullying
"hi, have a great day :)",Non-Bullying
"Trust me, i will attack you if you keep doing this.",Threat
I was playing a game yesterday.,Non-Bullying
"actually, i am listening to music 😊",Non-Bullying
You won't be safe,Threat
"hello, please help me",Non-Bullying
"hey, i received the message.",Non-Bullying
female engineers are very smart.,Non-Bullying
"You should know, i will find you if you continue.",Threat
<user> that is a fucking ridiculous decision,Insult
"well, i learned something new today 😊",Non-Bullying
"well, i am studying today :)",Non-Bullying
I will make you sorry if you continue to messaging me.,Threat
"actually, i am having lunch :)",Non-Bullying
i will message you later :),Non-Bullying
"I'm warning you, if you do that again I will hurt you tomorrow.",Threat
you should watch yourself.,Threat
that's fine 😊,Non-Bullying
The movie was enjoyable.,Non-Bullying
"actually, are you free today.",Non-Bullying
females are welcome,Non-Bullying
"Be careful, you have no idea what I will do if you keep doing this.",Threat
"Be careful, i will come after you if you continue.",Threat
"Trust me, i am not going to let this go",Threat
"actually, i love my family.",Non-Bullying
"I'm tryna face fuck kesha, you bitches bringin beef I'll get the lettuce n ketchup",Insult
"Be careful, i will kill you tonight.",Threat
"Be careful, if you tell anyone I will come for you if you don't stop.",Threat
"actually, i received the message",Non-Bullying
"hi, thank you so much",Non-Bullying
that boy won the competition,Non-Bullying
These new bottoms are something else... You put nair on your pussy for the gram? Ok,Insult
"I'm warning you, you should be scared.",Threat
happy birthday,Non-Bullying
"today, you are welcome",Non-Bullying
"Just remember, keep provoking me and you will regret it if you continue.",Threat
female are wonderful,Non-Bullying
"hello, i understand.",Non-Bullying
my girlfriend inspires me every day,Non-Bullying
"hi, i am watching a movie!",Non-Bullying
"Be careful, you are going to regret messing with me tomorrow.",Threat
"actually, i am going home.",Non-Bullying
<user> need to crack that bitch off and let er float free,Misogyny
merkel is a moron and an east german communist who loves muzzies more than germans when will the germans kick her fat ass out of office,Religious Hate
well here we go amy schumer is set to play barbie in the feature film welcome to america where women are encouraged to be fat ugly single and childless,Misogyny
I just whooped your ass why you turnin pussy,Insult
wives are only good for cooking and cleaning,Misogyny
"hi, i care about you :)",Non-Bullying
"Trust me, i will hurt anyone who gets in my way!",Threat
hahahh thank you fag boy!,Insult
"well, i really like you 😊",Non-Bullying
"Omg Dot ""I'm sure that's not all you give away for free"" bitch!!",Insult
"Trust me, you are going to regret messing with me!",Threat
"I'm warning you, i will hurt you tomorrow.",Threat
"If you keep spreading rumors about me, there will be consequences.",Threat
i will attack you tomorrow.,Threat
"well, i miss my friends :)",Non-Bullying
"Be careful, i will hurt you if you keep doing this.",Threat
"I'm warning you, i will make sure you regret this if you keep doing this.",Threat
"Be careful, you will regret this if you don't stop.",Threat
"today, today is a beautiful day 😊",Non-Bullying
The presentation sounds good.,Non-Bullying
"Shine on them hoes, let em know that you run shit !",Insult
"hi, this is wonderful!",Non-Bullying
I am thankful that my friend sent me the notes.,Non-Bullying
"I'm warning you, i know where you live",Threat
"Just remember, i know where you are tomorrow.",Threat
"Just remember, i will get you if you continue.",Threat
"actually, the class was interesting :)",Non-Bullying
"Trust me, stay away from me or else tonight.",Threat
"actually, enjoy your day 😊",Non-Bullying
i received the message.,Non-Bullying
"Be careful, i won't forgive you tomorrow.",Threat
"I'm warning you, i will get you if you keep doing this.",Threat
"Trust me, you will regret this!",Threat
"hello, that sounds good 😊",Non-Bullying
"hello, i am happy today!",Non-Bullying
all governments do is grow social tumors a giant sick green army a giant necrotic nigger colony a giant land pod of social workers,Hate/Discrimination
The book was helpful.,Non-Bullying
Who the hell taught you how to fuck bitch toot it up,Insult
"hey, i care about you",Non-Bullying
"You should know, you have no idea what I will do!",Threat
"hi, good evening",Non-Bullying
"hey, i care about you 😊",Non-Bullying
how are you.,Non-Bullying
people inspire me every day,Non-Bullying
"You should know, you are going to regret messing with me if you don't stop.",Threat
"Be careful, i swear I will hurt you tomorrow.",Threat
"today, you are my best friend :)",Non-Bullying
we will find you if you keep doing this.,Threat
"actually, glad to meet you.",Non-Bullying
see you tomorrow.,Non-Bullying
The meeting sounds good.,Non-Bullying
"hey, i am having lunch",Non-Bullying
<number> announcement that fucking kike drudge just gave me the biggest blue balls,Religious Hate
The application looks beautiful.,Non-Bullying
I am glad that my sister sent me the notes.,Non-Bullying
all the best 😊,Non-Bullying
"Be careful, i am not going to let this go tonight.",Threat
"actually, best wishes to you!",Non-Bullying
"actually, sure :)",Non-Bullying
"hello, of course 😊",Non-Bullying
"today, all the best.",Non-Bullying
"today, hey 😊",Non-Bullying
"Just remember, i will hurt anyone who gets in my way tonight.",Threat
"hello, everything looks good!",Non-Bullying
"Trust me, i will come after you if you don't stop.",Threat
"You should know, try me and see what happens.",Threat
"hi, let's meet tomorrow :)",Non-Bullying
"You should know, i will make you pay if you don't stop.",Threat
"hey, have a great day :)",Non-Bullying
"hey, the lecture was helpful!",Non-Bullying
"hey, the lecture was helpful :)",Non-Bullying
"well, that looks great.",Non-Bullying
"today, of course.",Non-Bullying
I understand,Non-Bullying
"hi, you mean a lot to me!",Non-Bullying
that girl inspires me every day,Non-Bullying
thanks a lot :),Non-Bullying
"you are a hoe, hoe, & a hoe.",Insult
"I'm warning you, i will come to your house!",Threat
my teacher sent me the notes.,Non-Bullying
"Be careful, you should be scared if you don't stop.",Threat
"I'm warning you, i will get you!",Threat
"hi, hey",Non-Bullying
"today, good luck.",Non-Bullying
"Just remember, i will make you pay.",Threat
We shouldn't have to share resources with people who don't even belong here.,Hate/Discrimination
"Be careful, don't test me tonight.",Threat
My girlfriend is amazing at coding,Non-Bullying
They keep tagging me in humiliating posts every day.,Harassment
i will find you tonight.,Threat
"hi, good evening 😊",Non-Bullying
"actually, i got it :)",Non-Bullying
"hi, hello 😊",Non-Bullying
"actually, i am going home!",Non-Bullying
people are strong and talented,Non-Bullying
"today, i am having lunch :)",Non-Bullying
no but if you dare I'll slay your ass. You fruity quaffing tranny.,Insult
"today, did you complete the assignment :)",Non-Bullying
"I'm warning you, i will kill you",Threat
"today, can you send me the notes :)",Non-Bullying
you will regret this,Threat
"hello, see you tomorrow",Non-Bullying
that girl is hardworking,Non-Bullying
"today, the class was interesting!",Non-Bullying
"I'm warning you, i will come after you",Threat
I am thankful that my teacher recommended a good movie.,Non-Bullying
see you tomorrow,Non-Bullying
"today, where are you going",Non-Bullying
I am thankful that my classmate called me yesterday.,Non-Bullying
my female boss deserves equal pay,Non-Bullying
this muslim scammer harassed me all day yesterday when i got fed up told him to go fuck a goat <user> locked me out of my account fuck twitter,Religious Hate
my ladies friends are very kind,Non-Bullying
Disgusting religious fanatics trying to enforce their laws on us.,Religious Hate
that britain new fab four then a jew a nigger a ginger a bald ganch groovy,Hate/Discrimination
"actually, i really like this 😊",Non-Bullying
"hello, i like this song :)",Non-Bullying
"hello, let's meet tomorrow :)",Non-Bullying
stay away from me or else if you don't stop.,Threat
"You should know, i am going to hurt you",Threat
"Trust me, you should be scared.",Threat
ladies are amazing at coding.,Non-Bullying
"today, i will call you later!",Non-Bullying
"Bitches be 18 in 8th grade talking about ""I miss Bae"" naw bitch you missed graduation",Insult
"actually, i got it.",Non-Bullying
"hi, where are you going.",Non-Bullying
"Be careful, you have no idea what I will do.",Threat
"Just remember, i am not going to let this go tonight.",Threat
"Be careful, i know where you are.",Threat
<user> kill yourself o 🙄,Insult
nice to meet you 😊,Non-Bullying
all the best!,Non-Bullying
"today, please send me the file :)",Non-Bullying
"today, that is a good idea :)",Non-Bullying
fucking kikes and kike lovers,Religious Hate
"well, that is a good idea.",Non-Bullying
"today, you mean a lot to me!",Non-Bullying
"Be careful, you better watch your back tonight.",Threat
"Trust me, i know where you are tomorrow.",Threat
"Trust me, i am going to hurt you tomorrow.",Threat
"Just remember, i will make you pay!",Threat
Wives are meant for house chores,Misogyny
"I'm warning you, i will make sure you regret this.",Threat
i am listening to music 😊,Non-Bullying
"actually, i got it!",Non-Bullying
"I'm warning you, i will make you pay if you don't stop.",Threat
"well, i received the file",Non-Bullying
"actually, have a nice day :)",Non-Bullying
they never say that a muzzie was involved but everybody knows better,Religious Hate
the class was interesting.,Non-Bullying
the woman next door inspires me every day.,Non-Bullying
I am thankful that my friend sent me a funny video.,Non-Bullying
All you hoes middle name isn't Nicole The jig is up..,Insult
"well, the lecture was helpful :)",Non-Bullying
so many muzzies where are you thurso,Religious Hate
women are only good for cooking and cleaning,Misogyny
"well, i will call you later!",Non-Bullying
compliments from women are more appreciated by me than a man compliment bitches be mean so if she says you cute you cute hun,Misogyny
any woman should not be allowed to work,Misogyny
"today, are you free today 😊",Non-Bullying
"well, good evening.",Non-Bullying
i will find you if you don't stop.,Threat
"Trust me, i know where you live if you continue.",Threat
<user> kur lexon nicen smart kur nuk e lexon retarded,Insult
"hey, please send me the file.",Non-Bullying
"hi, have a nice day :)",Non-Bullying
"actually, i am listening to music",Non-Bullying
"I'm warning you, i will come to your house if you don't stop.",Threat
"Trust me, i know where you are if you continue.",Threat
<user> lmaoo ya punk ass ghetto,Hate/Discrimination
fucking hate you bro i stg 💀 💀 💀 💀,Insult
"hello, can we talk :)",Non-Bullying
hi female,Non-Bullying
The application was really useful.,Non-Bullying
did you complete the assignment!,Non-Bullying
"You should know, you better watch your back!",Threat
"well, congratulations :)",Non-Bullying
The book looks beautiful.,Non-Bullying
Keep provoking me and you will regret it.,Threat
"well, can you explain this",Non-Bullying
the boys in my class work very hard!,Non-Bullying
"today, no worries!",Non-Bullying
my friend gave me some useful advice.,Non-Bullying
my sister helped me a lot,Non-Bullying
someone will find you if you keep doing this.,Threat
"hello, can you send me the notes :)",Non-Bullying
"hello, how are you :)",Non-Bullying
i will find you tomorrow.,Threat
a woman should know their place,Misogyny
try me and see what happens.,Threat
"hi, i am having lunch 😊",Non-Bullying
happy birthday :),Non-Bullying
"hello, please help me.",Non-Bullying
Don't make me hurt you,Threat
The movie is almost finished.,Non-Bullying
he played really well today.,Non-Bullying
<user> it not even about stans you a whole ass white chicken nugget calling asians ugly 🤣,Hate/Discrimination
every girl are meant for house chores,Misogyny
i will hurt you if you continue.,Threat
"actually, when is the meeting.",Non-Bullying
"Trust me, you will regret this if you keep doing this.",Threat
"hello, please share the document 😊",Non-Bullying
Worshipping a fake god while destroying peaceful civilization.,Religious Hate
"Be careful, stay away from me or else!",Threat
"hello, hey 😊",Non-Bullying
"today, you are my best friend 😊",Non-Bullying
if you come here I will hurt you tonight.,Threat
The course sounds good.,Non-Bullying
my boyfriend is amazing at coding,Non-Bullying
I am thankful that my friend helped me with my homework.,Non-Bullying
"Just remember, try me and see what happens!",Threat
gt never goes to the dentist gt guns are going to kill us all ok retard,Insult
"today, i love you!",Non-Bullying
"hello, the lecture was helpful :)",Non-Bullying
"actually, i love my family 😊",Non-Bullying
Women are important,Non-Bullying
both versions whether censored or not are still written by the fucking kikes to pussify gentiles the kike know that there no such thing as god they made him up,Religious Hate
my girlfriend is very smart!,Non-Bullying
we will hurt you if you keep doing this.,Threat
The workshop is almost finished.,Non-Bullying
"today, i am watching a movie",Non-Bullying
if we do not act to remove islam from our countries we will have our people blood on our hands if we do not act to remove kebab unilaterally we may well doom mankind endislam,Religious Hate
"hi, can you send me the notes!",Non-Bullying
"today, this movie is amazing",Non-Bullying
"hey, you mean a lot to me.",Non-Bullying
"well, i love this movie :)",Non-Bullying
i finished my homework!,Non-Bullying
"hey, can you help me!",Non-Bullying
"hello, i am feeling good!",Non-Bullying
"well, i am going to college today!",Non-Bullying
"today, i love my family",Non-Bullying
"hello, sure 😊",Non-Bullying
"Just remember, i am coming for you!",Threat
good evening,Non-Bullying
"hi, where are you going 😊",Non-Bullying
"Trust me, don't make me hurt you.",Threat
"hi, did you complete the assignment",Non-Bullying
why would any self respecting camel piss guzzling moslem give lurch the horseface the time of day,Religious Hate
working women played really well today,Non-Bullying
<user> oh look the nacho nazi is up an tweeting,Hate/Discrimination
"today, the class was interesting",Non-Bullying
keep talking and you will see what happens tonight.,Threat
my wife helped me a lot,Non-Bullying
"hey, thank you!",Non-Bullying
"actually, i understand.",Non-Bullying
"hello, okay thank you :)",Non-Bullying
"hello, i am going home!",Non-Bullying
"hello, good evening.",Non-Bullying
"hey, i will message you later :)",Non-Bullying
"hello, i had a great day 😊",Non-Bullying
"You should know, i won't forgive you if you don't stop.",Threat
"hi, that looks great.",Non-Bullying
females in science,Non-Bullying
"Trust me, i will come after you!",Threat
You better stop targeting me before this gets worse.,Threat
"well, nice to meet you.",Non-Bullying
"hi, i love this movie",Non-Bullying
a one man army of <user> ‍ then stop larping you are a faggot who talks shit about one of our guys who is getting locked up for <number> years as a political prisoner,Hate/Discrimination
"hey, i loved you so much 😊",Non-Bullying
The girls in my class are hardworking,Non-Bullying
"today, are you free today.",Non-Bullying
"Trust me, you will be sorry if you continue.",Threat
my mother can be anything they want,Non-Bullying
about female,Non-Bullying
"actually, i care about you!",Non-Bullying
"Trust me, i will make sure you regret this",Threat
Every girl should obey their husbands,Misogyny
my brother called me yesterday.,Non-Bullying
"hi, let's meet tomorrow!",Non-Bullying
I mean we have other pics of me ..idk why you chose that one *cough* bitch *cough*,Insult
"I'm warning you, if you tell anyone I will come for you tonight.",Threat
"hello, that sounds good!",Non-Bullying
"actually, enjoy your day!",Non-Bullying
"Trust me, i will get you.",Threat
"well, hey",Non-Bullying
girls's day wishes,Non-Bullying
please send me the file!,Non-Bullying
"well, this song is beautiful!",Non-Bullying
"actually, let's study together 😊",Non-Bullying
"well, where are you going!",Non-Bullying
"hey, i understand.",Non-Bullying
"actually, i really like you.",Non-Bullying
Bitch you just an inch taller than me & we normal height Jessyca and Daysi are just some short bitches,Insult
good grief is the bitch even remotely qualified,Misogyny
"hi, see you later 😊",Non-Bullying
men can be anything they want,Non-Bullying
"Be careful, you are going to regret messing with me if you continue.",Threat
"hi, that looks great 😊",Non-Bullying
"hey, hey!",Non-Bullying
"hello, thank you so much :)",Non-Bullying
"Be careful, i am going to kill you tomorrow.",Threat
The man next door deserves equal pay.,Non-Bullying
I will get you,Threat
"Trust me, i know where you live",Threat
can we talk,Non-Bullying
i do not know why they make the carjacker a white guy tho it not realistic irl it would be a nigger or spic,Hate/Discrimination
women day,Non-Bullying
"hello, i am going home",Non-Bullying
we will teach you a lesson if you don't stop.,Threat
"well, i am feeling good 😊",Non-Bullying
"today, everything looks good 😊",Non-Bullying
she is strong and talented.,Non-Bullying
I will make sure you pay for this.,Threat
"I'm warning you, i know where you live tomorrow.",Threat
"hi, when is the meeting",Non-Bullying
"today, no worries.",Non-Bullying
"today, i had a great day!",Non-Bullying
"actually, good morning!",Non-Bullying
Women are doing amazing work,Non-Bullying
the female are here,Non-Bullying
"I'm warning you, i will hurt anyone who gets in my way if you continue.",Threat
"hello, that's fine :)",Non-Bullying
"Just remember, if you come here I will hurt you!",Threat
That community's traditions are disgusting and backward.,Religious Hate
lmao i have morals negro. unlike you,Insult
"well, i am watching a movie!",Non-Bullying
"hello, good evening :)",Non-Bullying
"hello, that is a good idea",Non-Bullying
"Just remember, i will make sure you regret this",Threat
"I'm warning you, i will find you if you don't stop.",Threat
"Just remember, i will make sure you regret this if you continue.",Threat
"actually, when is the meeting 😊",Non-Bullying
"You should know, i am going to kill you",Threat
"actually, you mean a lot to me :)",Non-Bullying
"hey, okay thank you!",Non-Bullying
someone will come after you.,Threat
"hi, let's meet tomorrow",Non-Bullying
fuck the community keep the muzzies on a fucking leash i consider them filthy,Religious Hate
this movie is amazing 😊,Non-Bullying
The girl are here,Non-Bullying
sharia is happening one way or another you dune coons are not as fun about it tho,Religious Hate
I am glad that my parents gave me some useful advice.,Non-Bullying
"well, are you free today 😊",Non-Bullying
"hi, everything is fine 😊",Non-Bullying
"well, hello 😊",Non-Bullying
q what do you tell the muslim woman who has two black eyes a nothing her husband told her twice already,Misogyny
many females study here,Non-Bullying
"actually, everything is fine",Non-Bullying
"hello, i received the file 😊",Non-Bullying
you should be scared!,Threat
the woman next door is amazing at coding.,Non-Bullying
"If you come after me, I will come after you.",Threat
"hey, glad to meet you.",Non-Bullying
"today, hi there 😊",Non-Bullying
"Be careful, don't test me.",Threat
can you explain this!,Non-Bullying
we will find you if you continue.,Threat
"You should know, try me and see what happens",Threat
if you do that again I will hurt you,Threat
A woman played really well today,Non-Bullying
talk to me when one of the dumb tradthots get shot over their views or something no one gives a shit about some idiot getting detained on muslim grounds anymore this isnt <number>,Religious Hate
"today, congratulations.",Non-Bullying
keep talking and you will see what happens,Threat
I am glad that my sister helped me with the project.,Non-Bullying
"I'm warning you, don't test me tonight.",Threat
The song sounds good.,Non-Bullying
Woman are wonderful,Non-Bullying
"actually, i got it 😊",Non-Bullying
boys are strong and talented.,Non-Bullying
please share the document.,Non-Bullying
"hello, i finished my homework",Non-Bullying
Discriminating against someone's religion is wrong.,Non-Bullying
"hey, i miss my friends :)",Non-Bullying
"She's pretty, sure, but let's not pretend she earned that position.",Misogyny
"hello, i am feeling good :)",Non-Bullying
"You should know, i swear I will hurt you",Threat
"hi, good afternoon.",Non-Bullying
when you declare a nigger to be america dad you declare a rapist to be america dad,Hate/Discrimination
i love my family.,Non-Bullying
"actually, i am happy today 😊",Non-Bullying
"I'm warning you, i swear I will hurt you if you continue.",Threat
"I'm warning you, if you come here I will hurt you tomorrow.",Threat
Girl in sports,Non-Bullying
someone will attack you if you tell anyone.,Threat
"today, please send me the file.",Non-Bullying
keep provoking me and you will regret it!,Threat
"hi, i am watching a movie.",Non-Bullying
"You should know, i will come to your house",Threat
"hello, that's fine",Non-Bullying
dog backwards is god muslimes do not have dogs therefore muslimes have no god,Religious Hate
male students are kind and helpful.,Non-Bullying
"actually, i have an exam tomorrow :)",Non-Bullying
"hey, i am going home :)",Non-Bullying
"hi, i loved you so much :)",Non-Bullying
"hello, see you later :)",Non-Bullying
wanna be my main slut you gotta eat up eat up wanna be my sweet love but you is not anita,Misogyny
ladies are in the meeting,Non-Bullying
"well, let's work on the project!",Non-Bullying
"actually, sounds great.",Non-Bullying
"hi, hey :)",Non-Bullying
"well, what time is the class 😊",Non-Bullying
you better watch your back tomorrow.,Threat
"I don't care what any of you bitches say, Kesha is awesome",Insult
Young women deserve equal pay,Non-Bullying
Stop before I take action against you.,Threat
Girls are hardworking,Non-Bullying
"hey, i have an exam tomorrow :)",Non-Bullying
What time should we meet?,Non-Bullying
"hello, i miss my friends!",Non-Bullying
They messaged me a few times about the group assignment.,Non-Bullying
"Trust me, i will kill you tomorrow.",Threat
You bitches got me all the way fucked up idc how many pineapples y'all eat your pussy still gon taste the same so give that shit up please,Insult
"Every time I post, within a minute he's already commenting something demeaning.",Harassment
"Trust me, you won't be safe if you don't stop.",Threat
I am talking with my friends.,Non-Bullying
I will come for you if you come near me.,Threat
"Be careful, if you do that again I will hurt you if you keep doing this.",Threat
i swear I will get revenge.,Threat
my boyfriend is very smart!,Non-Bullying
i love you :),Non-Bullying
"Just said cunt in front of this old lady, I kinda froze, then she yelled ""YEAH YOU TELL THAT CUNT!"" Is it too late in life to get adopted?",Insult
"Trust me, if you come here I will hurt you!",Threat
"well, best wishes to you!",Non-Bullying
"hey, thanks a lot!",Non-Bullying
fuck you are a faggot lol that really the best you got,Hate/Discrimination
stay away from me or else tomorrow.,Threat
I met some lady today,Non-Bullying
"hey, i will call you later :)",Non-Bullying
I will attack you,Threat
look at that little half breed ghetto manlet with his try hard <number> <number> roses bet his mom helped him pick them out,Hate/Discrimination
woman and men,Non-Bullying
"actually, i really like this",Non-Bullying
"actually, i need to study",Non-Bullying
"I'm warning you, if you come here I will hurt you if you don't stop.",Threat
"Be careful, i will deal with you soon if you continue.",Threat
You better delete that post before it gets worse.,Threat
"Trust me, one day I will get you tonight.",Threat
"actually, thanks :)",Non-Bullying
come on men you know you want to find and post hot women in bikinis too or in this case a transparent bikini with cameltoe,Misogyny
"Be careful, i am not going to let this go if you don't stop.",Threat
I will get revenge if you come near me.,Threat
totally ruined by using a soyboy entertainer married to a kike instead of rowdy roddy piper,Religious Hate
wake up you little bitch and follow me,Insult
hello!,Non-Bullying
"hello, congratulations.",Non-Bullying
"today, hello.",Non-Bullying
i am not going to let this go tomorrow.,Threat
People deserve respect,Non-Bullying
"hello, hi",Non-Bullying
"hello, thanks 😊",Non-Bullying
"Be careful, i will come after you if you don't stop.",Threat
"Trust me, i will attack you tonight.",Threat
"You should know, you will regret this tomorrow.",Threat
everything looks good :),Non-Bullying
girl's day wishes,Non-Bullying
"Trust me, i am going to hurt you!",Threat
"Trust me, i will come to your house if you keep doing this.",Threat
we will come for you if you continue.,Threat
maybe the muzzies should be turned loose on her she would probably enjoy a gang rape,Misogyny
"hi, no problem 😊",Non-Bullying
"hello, let's study together :)",Non-Bullying
4 ft tall beaner women still dispensing <number> beanlets per year each it ogre,Hate/Discrimination
i am listening to music :),Non-Bullying
I am thankful that my cousin called me yesterday.,Non-Bullying
i am going to kill you.,Threat
"well, i am feeling good",Non-Bullying
"I'm warning you, you better run if you don't stop.",Threat
"Trust me, i swear I will get revenge!",Threat
gonna be honest there are alot of retarded mother fuckers i absolutely hate,Insult
"hey, i had a great day.",Non-Bullying
"hi, could you help me 😊",Non-Bullying
I am thankful that my parents helped me with my homework.,Non-Bullying
"well, everything looks good!",Non-Bullying
my parents sent me the notes.,Non-Bullying
i finished my homework.,Non-Bullying
but i bet they think that sperg retard who shot up the black church was a white hero too fucking retarded to understand the damage he did to their own cause,Insult
"well, good evening",Non-Bullying
The movie was really useful.,Non-Bullying
i have a dream that one day trump supporters will be able to support their president and country without the threat of abuse and assault by the retarded radical left,Hate/Discrimination
this movie is amazing :),Non-Bullying
but do not worry if you can not remember your recent negro president you americans have now got a negro princess of your own to replace him in your hearts,Hate/Discrimination
"I'm warning you, if you tell anyone I will come for you if you continue.",Threat
"I'm warning you, i swear I will hurt you",Threat
"Be careful, i know where you live tomorrow.",Threat
"You should know, you better stop before something happens tonight.",Threat
"Be careful, i will find you tonight.",Threat
"hello, you are my best friend.",Non-Bullying
"Just remember, you better stop before something happens if you continue.",Threat
"hey, everything looks good 😊",Non-Bullying
my aunt inspires me every day!,Non-Bullying
female deserve respect,Non-Bullying
The presentation looks great.,Non-Bullying
you will be sorry!,Threat
"hello, good luck.",Non-Bullying
i received the message 😊,Non-Bullying
i may be worthless but you are an honor stealing faggot bc if you were kurdistan you would not be sucking jew dick the way u do you are a liberal american kike most likely,Religious Hate
"hello, of course :)",Non-Bullying
"Trust me, i will make sure you regret this if you continue.",Threat
"hello, i am watching a movie",Non-Bullying
girl empowerment,Non-Bullying
<user> love how they dressed in nazi grey unniforms,Insult
"today, i have an exam tomorrow",Non-Bullying
<user> did not finish i found the quiz retarded,Insult
The class is working well.,Non-Bullying
"well, i am feeling good.",Non-Bullying
Don't contact me again unless you want trouble.,Threat
Every time I log in there's another message from him waiting.,Harassment
yes retard thats ever so convincing mong face,Insult
female engineers deserve equal pay!,Non-Bullying
"Just remember, if you come here I will hurt you if you don't stop.",Threat
"actually, that looks great 😊",Non-Bullying
my brothers are great leaders,Non-Bullying
"actually, i love you 😊",Non-Bullying
"Be careful, i am not going to let this go if you continue.",Threat
: When you catch your girl doing some hoe shit behind your back,Insult
"hey, i like this song",Non-Bullying
we will come after you if you try that again.,Threat
"actually, of course!",Non-Bullying
"Trust me, you should watch yourself tonight.",Threat
"well, i am going to college today 😊",Non-Bullying
"Just remember, you will be sorry if you continue.",Threat
"today, have a great day.",Non-Bullying
i will find you.,Threat
lot longer than just the <number> years of the skinny nigger faggot traitor try going back to mccarthy who was right,Hate/Discrimination
"actually, hi there 😊",Non-Bullying
everything is fine :),Non-Bullying
Can we reschedule our call to next week?,Non-Bullying
Working women are doing amazing work.,Non-Bullying
boys won the competition,Non-Bullying
"today, i love this movie",Non-Bullying
"Just remember, don't test me tonight.",Threat
"Just remember, i will kill you tomorrow.",Threat
can you help me :),Non-Bullying
"hey, this song is beautiful.",Non-Bullying
shy nd geeky or mean and ghetto,Hate/Discrimination
"today, this is wonderful!",Non-Bullying
"Just remember, i will get you tomorrow.",Threat
"hello, that looks great.",Non-Bullying
"today, i understand!",Non-Bullying
"today, i appreciate your help",Non-Bullying
I am thankful that my parents sent me the notes.,Non-Bullying
i don ’ t degrade or call women out their name in real life i just call my queens my bitches cuz that ’ how i was brought up lol,Misogyny
"today, i am going to college today",Non-Bullying
That accent alone tells you everything about how uneducated they are.,Hate/Discrimination
you will be sorry,Threat
my girlfriend helped me a lot.,Non-Bullying
I met some woman today,Non-Bullying
"You should know, stay away from me or else if you keep doing this.",Threat
"I'm warning you, i will make sure you regret this if you don't stop.",Threat
lady,Non-Bullying
are you free today!,Non-Bullying
"hi, sounds great.",Non-Bullying
"hey, hey.",Non-Bullying
Don't push me any further.,Threat
"hi, this is wonderful.",Non-Bullying
"actually, all the best.",Non-Bullying
"hi, i am listening to music",Non-Bullying
"today, all the best!",Non-Bullying
"well, have a great day.",Non-Bullying
girls are important,Non-Bullying
I've seen toddlers make better decisions than that.,Insult
"well, see you later!",Non-Bullying
What do female think about this,Non-Bullying
"actually, thank you so much :)",Non-Bullying
i was wondering when a muslim becomes prime minister where will the first english hydrogen bomb be droped on manchester london or brussels,Religious Hate
you ain't got no hoes lil jess you're a lil guy,Insult
"You should know, i will kill you!",Threat
you won't be safe!,Threat
of course :),Non-Bullying
"hi, what time is the class!",Non-Bullying
I will deal with you soon,Threat
yeah i think it happened before when a skinny little pick a ninny muslim manchurian candidate was slipped in to the mainstream of community activism,Religious Hate
"hello, that's fine 😊",Non-Bullying
The event is going well.,Non-Bullying
"I'm warning you, if you do that again I will hurt you.",Threat
I am thankful that my friend recommended a good movie.,Non-Bullying
my sisters help each other a lot,Non-Bullying
"Be careful, you will be sorry!",Threat
"today, i love my family!",Non-Bullying
"Just remember, i swear I will get revenge",Threat
Wives should know their place,Misogyny
She proved everyone wrong by excelling at her job.,Non-Bullying
don't make me hurt you if you keep doing this.,Threat
"today, congratulations :)",Non-Bullying
Females are meant for house chores,Misogyny
then hoes stole my choreo and still managed to make it look bad and lose with it lmfao,Misogyny
"hey, hello!",Non-Bullying
i completed my assignment 😊,Non-Bullying
"Be careful, try me and see what happens tonight.",Threat
"well, i received the message :)",Non-Bullying
"You should know, i will come after you!",Threat
"hello, that is a good idea :)",Non-Bullying
I was talking with my friends yesterday.,Non-Bullying
"well, hey 😊",Non-Bullying
"today, absolutely 😊",Non-Bullying
The presentation is going well.,Non-Bullying
"I'm warning you, don't test me.",Threat
"well, i love my family :)",Non-Bullying
"well, see you tomorrow!",Non-Bullying
Your comment was incredibly stupid.,Insult
don't test me.,Threat
About woman,Non-Bullying
I am thankful that my sister recommended a good movie.,Non-Bullying
"You should know, i am going to kill you!",Threat
"You should know, don't make me hurt you",Threat
because he is a faggot,Hate/Discrimination
i like this song 😊,Non-Bullying
"hey, good luck :)",Non-Bullying
girls should not vote,Misogyny
"If you sharing my private information again, you will be sorry.",Threat
"I'm warning you, i know where you are if you don't stop.",Threat
if that was my mother that nigger would be on a slab at the morgue right now,Hate/Discrimination
"well, can you help me :)",Non-Bullying
we will get revenge if you don't stop.,Threat
"Just remember, keep talking and you will see what happens!",Threat
lady are great,Non-Bullying
that girl works very hard.,Non-Bullying
"I'm warning you, keep talking and you will see what happens tonight.",Threat
someone will teach you a lesson if you tell anyone.,Threat
the ladies are here,Non-Bullying
young women are strong and talented,Non-Bullying
"hi, the lecture was helpful!",Non-Bullying
"actually, absolutely!",Non-Bullying
"today, i am going home 😊",Non-Bullying
If I called you a bitCh then you'd prolly hate me .. If I called you a bad bitch then you'll prolly thank me!,Insult
"I'm warning you, i am going to kill you if you don't stop.",Threat
They spam my inbox with insults every single day.,Harassment
"I'm warning you, don't test me if you keep doing this.",Threat
"Their entire culture is beneath ours, let's be honest about it.",Hate/Discrimination
woman's day wishes,Non-Bullying
I wish you all the best.,Non-Bullying
keep talking and you will see what happens if you keep doing this.,Threat
"Trust me, if you tell anyone I will come for you.",Threat
i will kill you if you don't stop.,Threat
"hey, i love my family!",Non-Bullying
"I'm warning you, i swear I will hurt you.",Threat
that happened when you allow a rat yid in your country,Religious Hate
"well, sure.",Non-Bullying
"You should know, you better run if you continue.",Threat
"actually, i received the message :)",Non-Bullying
"Be careful, i know where you live.",Threat
"Trust me, i swear I will get revenge tonight.",Threat
The website looks beautiful.,Non-Bullying
How tf you act like a bitch ?,Insult
"Be careful, i will hurt you if you continue.",Threat
"today, let's work on the project!",Non-Bullying
The movie is working well.,Non-Bullying
women are just as capable as men,Non-Bullying
i agree with you.,Non-Bullying
"hello, good luck :)",Non-Bullying
"hello, can we talk 😊",Non-Bullying
bitches this pretty thats seldom,Misogyny
you better stop before something happens if you continue.,Threat
"hey, i am watching a movie 😊",Non-Bullying
male students are hardworking,Non-Bullying
If you got a nigga and you another nigga you a hoe,Insult
"hi, can you help me.",Non-Bullying
you will regret this tonight.,Threat
"Just remember, i swear I will get revenge.",Threat
: on my way to fuck ur bitch,Insult
"Just remember, i will hurt anyone who gets in my way if you continue.",Threat
i received the message,Non-Bullying
"Trust me, don't make me hurt you if you continue.",Threat
"Be careful, i am coming for you!",Threat
"actually, you mean a lot to me!",Non-Bullying
"Trust me, stay away from me or else if you keep doing this.",Threat
defacing etc really unlike the peaceful arabs u follow to much fake news israel here to stay,Insult
what time is the class :),Non-Bullying
"I'm warning you, you should be scared tomorrow.",Threat
"Just remember, i will come to your house tonight.",Threat
"actually, i am listening to music!",Non-Bullying
"hello, i will call you later :)",Non-Bullying
"Don't messaging me again, or you will face consequences.",Threat
"Just remember, i will deal with you soon if you keep doing this.",Threat
keep talking and you will see what happens if you continue.,Threat
"today, i am going to college today :)",Non-Bullying
"hello, okay thank you 😊",Non-Bullying
"I'm warning you, i will hurt you tonight.",Threat
"today, hi.",Non-Bullying
team leaders help each other a lot!,Non-Bullying
A woman should obey their husbands,Misogyny
"hello, everything is fine!",Non-Bullying
He is kind and helpful.,Non-Bullying
"actually, good afternoon.",Non-Bullying
what do females think about this,Non-Bullying
"Don't posting about me again, or you will face consequences.",Threat
"today, i am studying today 😊",Non-Bullying
"I'm warning you, you won't be safe if you don't stop.",Threat
someone she has not muted should really point out to ion that sinead is a proud mudshark and kikelover,Religious Hate
I am learning Python.,Non-Bullying
we will teach you a lesson if you keep doing this.,Threat
the class was interesting :),Non-Bullying
When does the class start?,Non-Bullying
"Just remember, don't make me hurt you if you keep doing this.",Threat
she is a great leader,Non-Bullying
"hi, the class was interesting :)",Non-Bullying
try me and see what happens if you don't stop.,Threat
"well, have a great day :)",Non-Bullying
"actually, nice to meet you :)",Non-Bullying
girl are awesome,Non-Bullying
"hey, sure!",Non-Bullying
"I'm warning you, i am going to kill you if you continue.",Threat
<user> it started in <number> you dolt maybe your muslim brother obama should explain,Religious Hate
see you later 😊,Non-Bullying
"well, i love you :)",Non-Bullying
"today, this is wonderful 😊",Non-Bullying
"well, thanks a lot :)",Non-Bullying
"unfortunately you are correct sir , still eat shit and die though ....bitch :)",Insult
I like lady,Non-Bullying
"hello, i am having lunch",Non-Bullying
"hey, could you help me :)",Non-Bullying
"I'm warning you, you won't be safe if you keep doing this.",Threat
these hoes will not go away,Misogyny
"Just remember, i will hurt you if you don't stop.",Threat
"well, have a nice day 😊",Non-Bullying
"today, thank you so much :)",Non-Bullying
"They can keep their traditions to themselves, we don't want it here.",Hate/Discrimination
<user> <user> you retards elected and started worshiping the antichrist god sent a plague repent asshole,Insult
"Just remember, don't test me if you keep doing this.",Threat
how are you doing 😊,Non-Bullying
"well, i need to study!",Non-Bullying
The course is going well.,Non-Bullying
"Trust me, i am going to kill you",Threat
hi 😊,Non-Bullying
female and girls deserve safety,Non-Bullying
She keeps showing up in my mentions no matter how many times I've blocked her.,Harassment
i am going to hurt you tomorrow.,Threat
"You should know, i swear I will hurt you if you continue.",Threat
I loved you so much,Non-Bullying
you should be scared,Threat
"Be careful, you better stop before something happens if you don't stop.",Threat
"hi, i am watching a movie",Non-Bullying
Hi women,Non-Bullying
"hello, thanks :)",Non-Bullying
Female students are amazing at coding,Non-Bullying
"hello, let's work on the project.",Non-Bullying
"hello, glad to meet you",Non-Bullying
Keep contacting my friends and you will regret it.,Threat
I am glad that my parents called me yesterday.,Non-Bullying
"Just remember, you better stop before something happens tonight.",Threat
someone will come after you if you try that again.,Threat
"hi, glad to meet you.",Non-Bullying
"You should know, i will make you pay!",Threat
yep retarded is now intellectual disability makes the retards proud,Hate/Discrimination
I will hurt you,Threat
nr is not conservative they are just a bunch of retarded cucks no compromise with sexual deviants do not like it move to saudi arabia and find a compromise there,Insult
i will attack you tonight.,Threat
"today, i had a great day.",Non-Bullying
that tweet was posted by femnazi and it gained a lot of attention we had to clean his search for days it just a really awful memory,Misogyny
"hey, i love you.",Non-Bullying
female!,Non-Bullying
"""Hey pussy you still there?""",Insult
"actually, i will call you later!",Non-Bullying
The project looks great.,Non-Bullying
He follows me around school just to annoy me.,Harassment
good morning female,Non-Bullying
"actually, i completed my assignment.",Non-Bullying
"hello, i am studying today!",Non-Bullying
my brother sent me a funny video.,Non-Bullying
"actually, let's work on the project :)",Non-Bullying
"actually, this song is beautiful 😊",Non-Bullying
"well, i am reading a book.",Non-Bullying
"hello, see you later 😊",Non-Bullying
jews will holocaust one of their own if its good for the jews bye bye jew tommy,Religious Hate
"Just remember, you will be sorry tonight.",Threat
"hey, i am reading a book 😊",Non-Bullying
i received the file!,Non-Bullying
"Trust me, you should be scared tomorrow.",Threat
"today, i am listening to music",Non-Bullying
My female boss deserves respect.,Non-Bullying
"hey, the class was interesting",Non-Bullying
"You should know, keep provoking me and you will regret it tomorrow.",Threat
"I'm warning you, i won't forgive you tomorrow.",Threat
<user> another retard looking for a way to stay relevant and find some kind of meaning to their life victim mentality iq66,Insult
"hey, i appreciate your help",Non-Bullying
"well, how are you doing",Non-Bullying
"hi, i learned something new today :)",Non-Bullying
"hey, i miss my friends 😊",Non-Bullying
"I'm warning you, try me and see what happens if you continue.",Threat
"actually, how are you doing",Non-Bullying
girls are great,Non-Bullying
"actually, let's study together.",Non-Bullying
read your own bio retard,Insult
"You should know, you won't be safe if you continue.",Threat
"actually, i love my family :)",Non-Bullying
"today, i will message you later 😊",Non-Bullying
"hi, enjoy your day.",Non-Bullying
"hi, everything is fine!",Non-Bullying
happy women's day!,Non-Bullying
girl are in the meeting,Non-Bullying
"You should know, you are going to regret messing with me tonight.",Threat
"well, i understand!",Non-Bullying
"hello, i am reading a book :)",Non-Bullying
the women in my team deserve equal pay,Non-Bullying
do not like trump kike connection,Religious Hate
i can ’ t believe some arabs sexualize wearing pants inside the house around the family embarrassing amp disgusting,Hate/Discrimination
she lusts for the white seed on her taco that basically it,Insult
my father deserves equal pay.,Non-Bullying
"Trust me, i will deal with you soon",Threat
"Hi, nice to meet you.",Non-Bullying
wearing my new shoes around town who coming to clean them findomslave findom footfetish,Insult
"Be careful, try me and see what happens if you continue.",Threat
"hey, all the best 😊",Non-Bullying
"Be careful, i will get you if you keep doing this.",Threat
"well, i received the file.",Non-Bullying
"Be careful, i will make you pay if you keep doing this.",Threat
I am glad that my classmate recommended a good movie.,Non-Bullying
"hey, could you help me 😊",Non-Bullying
my wife is very smart,Non-Bullying
"hello, enjoy your day!",Non-Bullying
"hey, congratulations 😊",Non-Bullying
"well, today is a beautiful day :)",Non-Bullying
"I'm warning you, stay away from me or else.",Threat
"well, okay thank you!",Non-Bullying
Watching you try to explain that was genuinely painful.,Insult
"You should know, i am not going to let this go if you don't stop.",Threat
see you later :),Non-Bullying
i miss my friends.,Non-Bullying
"I'm warning you, i will get you tonight.",Threat
because they go after the loan wolves they pick up mostly the native ones the immigrants tend to be in gangs that is not really the local perverts mo,Hate/Discrimination
"Trust me, you should be scared if you keep doing this.",Threat
My uncle is doing amazing work.,Non-Bullying
"today, i am watching a movie :)",Non-Bullying
i am studying today.,Non-Bullying
"Just remember, one day I will get you",Threat
"I'm warning you, keep talking and you will see what happens.",Threat
I am glad that my classmate gave me some useful advice.,Non-Bullying
"I'm warning you, you better watch your back if you continue.",Threat
Stay away from me or things will get worse.,Threat
"actually, thanks",Non-Bullying
"well, i am having lunch!",Non-Bullying
"hello, i am feeling good.",Non-Bullying
"well, i am reading a book :)",Non-Bullying
"You should know, i will deal with you soon.",Threat
"hello, that's fine!",Non-Bullying
If you tell anyone I will come for you,Threat
"I'm warning you, i will make you pay tonight.",Threat
working men deserve respect.,Non-Bullying
good morning,Non-Bullying
"hey, you are my best friend :)",Non-Bullying
"today, you are welcome :)",Non-Bullying
"Trust me, i am going to hurt you.",Threat
"hi, i received the message",Non-Bullying
"well, are you free today!",Non-Bullying
"today, can you explain this 😊",Non-Bullying
"hi, best wishes to you",Non-Bullying
"hi, i got it 😊",Non-Bullying
"You niggaz get so emotionaaaal, You remind me of my bitch!",Insult
"well, this is wonderful",Non-Bullying
you are my best friend!,Non-Bullying
i finished my homework 😊,Non-Bullying
"hey, that looks great!",Non-Bullying
Keep spreading rumors about me and you will regret it.,Threat
"Be careful, i will make you pay tomorrow.",Threat
"hi, hi 😊",Non-Bullying
"Just remember, you have no idea what I will do",Threat
"actually, the lecture was helpful 😊",Non-Bullying
you should watch yourself if you don't stop.,Threat
"Be careful, keep provoking me and you will regret it if you don't stop.",Threat
"well, i finished my homework.",Non-Bullying
young people deserve respect,Non-Bullying
"Just remember, you better stop before something happens",Threat
"hey, good morning!",Non-Bullying
I work with talented woman,Non-Bullying
"today, i received the file 😊",Non-Bullying
"Be careful, if you tell anyone I will come for you",Threat
I will come after you if you come near me.,Threat
"You should know, keep provoking me and you will regret it",Threat
"You should know, i won't forgive you tomorrow.",Threat
"hello, i appreciate your help!",Non-Bullying
"hi, no worries :)",Non-Bullying
thank you women,Non-Bullying
"well, sure!",Non-Bullying
holly serial killer wtf are you retard 😨 😨 😨,Insult
"You should know, you have no idea what I will do if you don't stop.",Threat
"Trust me, i am coming for you tomorrow.",Threat
"actually, good luck :)",Non-Bullying
"I'm warning you, you better watch your back if you keep doing this.",Threat
"hello, did you complete the assignment :)",Non-Bullying
"today, i am happy today.",Non-Bullying
I am glad that my friend recommended a good movie.,Non-Bullying
"Just remember, you better watch your back if you keep doing this.",Threat
"well, i like this song.",Non-Bullying
i can not help but have doubts infantry officer pushing this gay gun control shit he must be a jew,Religious Hate
"actually, the lecture was helpful.",Non-Bullying
"actually, i am feeling good 😊",Non-Bullying
I am glad that my cousin helped me with the project.,Non-Bullying
"actually, thanks a lot!",Non-Bullying
"Trust me, if you do that again I will hurt you!",Threat
"Be careful, you better watch your back",Threat
"well, good luck 😊",Non-Bullying
"hello, you mean a lot to me!",Non-Bullying
"today, i finished my homework.",Non-Bullying
"actually, can you explain this :)",Non-Bullying
"hello, happy birthday.",Non-Bullying
"hello, nice to meet you :)",Non-Bullying
That girl can be anything they want!,Non-Bullying
"Be careful, you should watch yourself tomorrow.",Threat
"hey, did you complete the assignment 😊",Non-Bullying
I am glad that my classmate called me yesterday.,Non-Bullying
"hey, let's meet tomorrow 😊",Non-Bullying
let's meet tomorrow!,Non-Bullying
"Be careful, i swear I will get revenge tomorrow.",Threat
"hello, today is a beautiful day!",Non-Bullying
"well, i love this movie",Non-Bullying
Doctors won the competition,Non-Bullying
"hello, are you free today 😊",Non-Bullying
I will make you sorry if you continue to mocking me.,Threat
"hi, this movie is amazing",Non-Bullying
"actually, i will call you later.",Non-Bullying
"hi, you are welcome :)",Non-Bullying
"well, i am going home",Non-Bullying
my friend shared the assignment.,Non-Bullying
male engineers are great leaders.,Non-Bullying
"Just remember, i will make sure you regret this if you don't stop.",Threat
"I'm warning you, i will come after you if you continue.",Threat
"actually, today is a beautiful day!",Non-Bullying
"hello, i appreciate your help :)",Non-Bullying
"today, thank you!",Non-Bullying
"Just remember, you better run if you continue.",Threat
can you help me!,Non-Bullying
"You should know, i will make you pay tomorrow.",Threat
"hello, no worries.",Non-Bullying
A woman are meant for house chores,Misogyny
"Be careful, don't make me hurt you tonight.",Threat
"hi, how are you doing :)",Non-Bullying
Hiring people from that group lowers the quality of the team.,Hate/Discrimination
male engineers are just as capable in any profession.,Non-Bullying
"hey, that's fine :)",Non-Bullying
yes because a name determines who is a kike and who is not obviously i am just as much a full blooded german as my great granduncle and namesake,Religious Hate
"You should know, you will be sorry if you keep doing this.",Threat
i am having lunch :),Non-Bullying
women are naturally less intelligent than men,Misogyny
"hey, everything looks good",Non-Bullying
I will make you pay if you don't stop.,Threat
"actually, i love you :)",Non-Bullying
"actually, you are welcome",Non-Bullying
"hello, hi there!",Non-Bullying
we will find you if you don't stop.,Threat
"Just remember, you should be scared.",Threat
"I'm warning you, i will kill you if you don't stop.",Threat
we need more girl in leadership,Non-Bullying
"hey, i am going home 😊",Non-Bullying
"Be careful, i will kill you if you don't stop.",Threat
"hello, i appreciate your help.",Non-Bullying
I will hurt you if you keep doing this.,Threat
"actually, i understand :)",Non-Bullying
Any woman are too emotional to lead,Misogyny
"Don't mocking me again, or you will face consequences.",Threat
<user> yes it has islam is the problam,Religious Hate
upgraded to a real ass bitch you hate to see it,Misogyny
female are in the meeting,Non-Bullying
"Just remember, keep talking and you will see what happens.",Threat
"hello, today is a beautiful day",Non-Bullying
"well, thank you",Non-Bullying
Get help for your mental illness instead of parading it online.,Hate/Discrimination
"Be careful, i swear I will get revenge.",Threat
"Trust me, try me and see what happens if you keep doing this.",Threat
"actually, no problem 😊",Non-Bullying
"actually, i care about you",Non-Bullying
my wife won the competition!,Non-Bullying
"hello, how are you 😊",Non-Bullying
You're a hoe ass faggot bitch cunt nigga,Insult
"Honestly, their holidays are just an excuse to disrupt everyone else's schedule.",Religious Hate
bitches date one nigga and get to thinking they from the hood,Misogyny
": : No one wants an ugly nigga, so you've got him all to yourself. No more stressing over hoes &lt;- lies !",Insult
I enjoyed talking with you.,Non-Bullying
"well, of course :)",Non-Bullying
rapper li l king jong un ching chong after us lists him as state supporter of terror it mistranslated as one without mandrill mindset which makes him even more of a chink magnet,Hate/Discrimination
"hey, i am studying today.",Non-Bullying
"actually, good morning 😊",Non-Bullying
"hey, hi 😊",Non-Bullying
"hi, see you tomorrow",Non-Bullying
the females team won the match,Non-Bullying
This is the last time I'm telling you to stop.,Threat
my next apt is taking forever on the background check my imagination so about your secret racist posting career what exactly did you mean in <date> by gelatinous sheboon theatrics,Misogyny
"hello, i need to study.",Non-Bullying
They repeatedly leave mocking comments on everything I post.,Harassment
my female boss is strong and talented,Non-Bullying
women are too weak for any real job,Misogyny
ladies and girls deserve safety,Non-Bullying
my brother recommended a good movie.,Non-Bullying
you better stop before something happens!,Threat
my wife is kind and helpful,Non-Bullying
don't make me hurt you!,Threat
"You should know, i will come to your house if you continue.",Threat
"hey, i learned something new today",Non-Bullying
Women are hardworking,Non-Bullying
"I'm warning you, you will regret this!",Threat
good afternoon 😊,Non-Bullying
"well, can you send me the notes!",Non-Bullying
nice to meet you :),Non-Bullying
women are great,Non-Bullying
I like females,Non-Bullying
"Trust me, one day I will get you",Threat
"today, thanks 😊",Non-Bullying
shock as nigger turns out to be a nigger,Hate/Discrimination
"why do you call most guys that talk shit to you ""fags"" then? You should use another word hypocrite.",Insult
"hey, i am going to college today 😊",Non-Bullying
We had a healthy debate about politics over dinner.,Non-Bullying
our principal is hardworking.,Non-Bullying
Annie.. You crazy hoe,Insult
"Every time something goes wrong in this city, you can trace it back to that religion.",Religious Hate
female engineers work very hard,Non-Bullying
"hey, let's work on the project.",Non-Bullying
"well, this song is beautiful",Non-Bullying
you become retarded,Insult
"today, i will call you later :)",Non-Bullying
Everyone deserves equal opportunities no matter their background.,Non-Bullying
"You should know, i am not going to let this go tomorrow.",Threat
"well, i will message you later :)",Non-Bullying
A female boss is always going to be more emotional than logical.,Misogyny
"Be careful, i won't forgive you.",Threat
"today, of course!",Non-Bullying
"hey, congratulations :)",Non-Bullying
woman can do anything,Non-Bullying
My wife is just as capable in any profession,Non-Bullying
there are two kinds of women women who do anal and women who are attractive,Misogyny
<user> modern commercials are beyond retarded,Insult
"Honestly, most women only want a career until a man comes along.",Misogyny
"Be careful, you should be scared if you keep doing this.",Threat
"hello, what are you doing :)",Non-Bullying
"Trust me, i will come after you if you keep doing this.",Threat
"Don't contacting my friends again, or you will face consequences.",Threat
how original you faggots,Insult
"today, i agree with you",Non-Bullying
"If you sending me threats again, you will be sorry.",Threat
"actually, you are welcome :)",Non-Bullying
glad to meet you.,Non-Bullying
"I'm warning you, if you tell anyone I will come for you if you don't stop.",Threat
we will come for you if you tell anyone.,Threat
"hello, what are you doing.",Non-Bullying
"hey, i am listening to music.",Non-Bullying
please share the document :),Non-Bullying
Young women work very hard,Non-Bullying
i care about you.,Non-Bullying
my aunt is a great leader!,Non-Bullying
"today, everything is fine :)",Non-Bullying
"I'm warning you, i will hurt anyone who gets in my way tonight.",Threat
I am thankful that my teacher sent me the notes.,Non-Bullying
"today, i am feeling good 😊",Non-Bullying
"hello, i learned something new today 😊",Non-Bullying
"actually, take care",Non-Bullying
"Be careful, you will be sorry",Threat
"You should know, you better watch your back if you keep doing this.",Threat
"actually, take care 😊",Non-Bullying
"Just remember, you won't be safe.",Threat
"actually, i am having lunch 😊",Non-Bullying
"You should know, i will deal with you soon tonight.",Threat
My boyfriend played really well today,Non-Bullying
"well, good morning 😊",Non-Bullying
"hello, nice to meet you 😊",Non-Bullying
"Be careful, you better stop before something happens tomorrow.",Threat
girls should stay silent,Misogyny
"actually, see you later.",Non-Bullying
"actually, can we talk :)",Non-Bullying
"actually, did you complete the assignment :)",Non-Bullying
"You should know, i will get you tonight.",Threat
my uncle played really well today!,Non-Bullying
"hello, i am studying today",Non-Bullying
i am coming for you if you continue.,Threat
"hey, i care about you.",Non-Bullying
I will find you if you keep doing this.,Threat
"today, i am having lunch!",Non-Bullying
"hey, good afternoon 😊",Non-Bullying
females and girls deserve safety,Non-Bullying
"hi, i finished my homework :)",Non-Bullying
"hi, i am going to college today.",Non-Bullying
"hello, good morning!",Non-Bullying
<user> quit fetishizing race and gender you fuckin white ass idiot,Insult
let's meet tomorrow 😊,Non-Bullying
I am glad that my cousin gave me some useful advice.,Non-Bullying
"well, you mean a lot to me!",Non-Bullying
"Just remember, you are going to regret messing with me tonight.",Threat
our teacher is amazing at coding,Non-Bullying
Don't test me,Threat
my cousin shared the assignment.,Non-Bullying
"hey, i miss my friends",Non-Bullying
"hi, okay thank you :)",Non-Bullying
<user> sense pretending to be a muslim is like pretending to have down syndrome why the fuck would you do it fuckislam savecanada mcga maga,Religious Hate
Leave me alone or you will face the consequences.,Threat
"You should know, i am going to kill you tonight.",Threat
women are coming to the party,Non-Bullying
<user> <user> another group of feminazis released in to society yikes,Misogyny
"today, this song is beautiful.",Non-Bullying
"Just remember, you are going to regret messing with me!",Threat
Only an idiot would think that way.,Insult
i appreciate your help!,Non-Bullying
"Just remember, if you do that again I will hurt you.",Threat
jon summers is a communist kike who hates white people,Religious Hate
thanks a lot,Non-Bullying
"actually, i am going to college today :)",Non-Bullying
"Be careful, you better run tomorrow.",Threat
i will hurt you,Threat
"Be careful, if you do that again I will hurt you tonight.",Threat
<user> what a bad goy i ’ m so glad i have you kikes to tell me what to think,Religious Hate
<user> thanks folks i was moking the feminazi from the original tweet i don ’ t need any assistance from you so have a nice day ☺ ️,Misogyny
i had a great day!,Non-Bullying
"if a bitch dont act crazy over you , she dont really want you.",Insult
girls are dumb and useless,Misogyny
my brothers are just as capable in any profession.,Non-Bullying
ion ask nobody for SHIT . ever . never have a problem doing shit fa people neither but damn can a bitch get a thank you ?,Insult
My grandmother is very smart!,Non-Bullying
someone will get revenge if you tell anyone.,Threat
Let's work on this together.,Non-Bullying
"today, no problem.",Non-Bullying
"hey, i received the message :)",Non-Bullying
I am glad that my classmate sent me the notes.,Non-Bullying
bitch you NOT either bye,Insult
You keep your bitch & ill stay on my grind.,Insult
"hello, i completed my assignment :)",Non-Bullying
"hey, i completed my assignment",Non-Bullying
female students won the competition,Non-Bullying
My girlfriend deserves equal pay.,Non-Bullying
"well, i had a great day 😊",Non-Bullying
If we're together and you don't like that bitch I don't like that bitch either,Insult
"hi, i understand 😊",Non-Bullying
"hi, i am having lunch.",Non-Bullying
the man next door inspires me every day.,Non-Bullying
swimming pool in novaky concentration camp these jews can claim holocaust pensions,Religious Hate
"well, i am happy today.",Non-Bullying
"Be careful, if you come here I will hurt you tonight.",Threat
"hi, can we talk 😊",Non-Bullying
"Trust me, you better stop before something happens tomorrow.",Threat
My brothers deserve respect,Non-Bullying
"hello, i am reading a book.",Non-Bullying
"actually, good evening",Non-Bullying
that boy is amazing at coding,Non-Bullying
"well, can you send me the notes :)",Non-Bullying
"hello, i am listening to music",Non-Bullying
we will find you if you tell anyone.,Threat
why i go around this white bitch going <number> mph in a <number> mph zone and she flips me off yeah ok i throw drinks bitch amp now you wet tf up,Insult
i love my family 😊,Non-Bullying
The meeting looks beautiful.,Non-Bullying
"hey, happy birthday :)",Non-Bullying
"hey, you are my best friend",Non-Bullying
"hello, i received the file!",Non-Bullying
fr mane on some 100 shit cuff her if she made you that happy in one night cause these hoes for everybody fr,Insult
"Trust me, don't test me tomorrow.",Threat
Women leaders are amazing at coding.,Non-Bullying
"Trust me, i will come to your house!",Threat
"today, could you help me :)",Non-Bullying
she call me a thot lil bitch you is a ho too 💀,Misogyny
this is fucking disgusting it time to send all the sand niggers back to the middle east then nuke it and if that offends you too fuckin bad,Hate/Discrimination
"hello, all the best!",Non-Bullying
my girlfriend is doing amazing work.,Non-Bullying
stay away from me or else if you continue.,Threat
have a nice day,Non-Bullying
"today, i received the file",Non-Bullying
"today, happy birthday",Non-Bullying
"hello, could you help me.",Non-Bullying
"today, i will call you later 😊",Non-Bullying
congratulations 😊,Non-Bullying
"hi, how are you :)",Non-Bullying
<user> trump won ’ t fire miller cause trump is a nazi too,Insult
"well, that's fine!",Non-Bullying
"If you keep spreading lies, I will come for you.",Threat
"actually, that sounds good :)",Non-Bullying
You was never with me if you let what another bitch say change your actions towards me,Insult
I hate you dumb bitches that swear that to be happy you need to be a in a relationship. y'all honestly need to revaluate life,Insult
i am having lunch!,Non-Bullying
what time is the class 😊,Non-Bullying
Female opinions don't matter as much in serious discussions.,Misogyny
that is a good idea :),Non-Bullying
"I'm warning you, i am not going to let this go",Threat
"hello, please help me 😊",Non-Bullying
females deserve respect,Non-Bullying
"Trust me, i know where you are tonight.",Threat
"Trust me, i won't forgive you tomorrow.",Threat
"Just remember, i will deal with you soon.",Threat
men are strong and talented!,Non-Bullying
"hello, i really like this :)",Non-Bullying
"hey, i need to study 😊",Non-Bullying
"today, let's study together.",Non-Bullying
"hey, i will message you later 😊",Non-Bullying
"today, take care 😊",Non-Bullying
"well, thanks a lot!",Non-Bullying
"hello, no worries :)",Non-Bullying
i won't forgive you,Threat
"Trust me, if you come here I will hurt you if you keep doing this.",Threat
"hi, i am having lunch :)",Non-Bullying
"hey, i got it 😊",Non-Bullying
"actually, i am listening to music :)",Non-Bullying
my classmate shared the assignment.,Non-Bullying
The song was interesting.,Non-Bullying
the women in my team are kind and helpful,Non-Bullying
"You should know, if you tell anyone I will come for you!",Threat
Today I am playing a game.,Non-Bullying
"You should know, i will hurt anyone who gets in my way!",Threat
Thank you for helping me move last weekend.,Non-Bullying
"hello, hello 😊",Non-Bullying
we need more woman in leadership,Non-Bullying
i loved you so much.,Non-Bullying
"Be careful, you better stop before something happens tonight.",Threat
i know where you are!,Threat
"well, i loved you so much :)",Non-Bullying
"hi, did you complete the assignment.",Non-Bullying
lol i did not want to run out of space but do not forget deplorable redneck bible clinging gun toting homo hating science deniers,Hate/Discrimination
I will teach you a lesson if you keep doing this.,Threat
"hello, please share the document.",Non-Bullying
hi there!,Non-Bullying
some stupid nigger comedian was on tmz today my wife watches it everyday he was defending the kneelers of course his defense was moronic comedians can not do comedy,Hate/Discrimination
"actually, that sounds good.",Non-Bullying
"If you keep bothering me, you will regret it.",Threat
"hi, what time is the class.",Non-Bullying
"hello, did you complete the assignment 😊",Non-Bullying
my sister recommended a good movie.,Non-Bullying
"I'm warning you, i swear I will get revenge!",Threat
everything about islam is satanic and disgusting they must be dissolved from the planet you knew i was a snake when you first let me in they must be destroyed entirely,Religious Hate
my cousin helped me with my homework.,Non-Bullying
"That religion has no place in a modern, rational society.",Religious Hate
"today, i finished my homework 😊",Non-Bullying
"today, i need to study.",Non-Bullying
my boyfriend is strong and talented,Non-Bullying
"He died for a reason "": I didn't follow you back cuz you fat, bitch. Foh large hoe."" Jesus ain't pleased fam",Insult
i will attack you!,Threat
<number> i ’ m coming for u hoe,Insult
I will teach you a lesson if you come near me.,Threat
"well, this is wonderful.",Non-Bullying
"Trust me, if you come here I will hurt you tonight.",Threat
Female engineers are strong and talented,Non-Bullying
I'm nervous about my exam tomorrow.,Non-Bullying
The workshop was helpful.,Non-Bullying
Doctors work very hard!,Non-Bullying
This is your final warning.,Threat
"Trust me, one day I will get you if you keep doing this.",Threat
This is no excuse to call me bitch? You got caught. Stop.,Insult
Girls in tech,Non-Bullying
"hey, please help me!",Non-Bullying
sure!,Non-Bullying
"hello, i will call you later",Non-Bullying
My wife is doing amazing work!,Non-Bullying
"hello, sure :)",Non-Bullying
"Be careful, i swear I will hurt you.",Threat
"I'm warning you, you better watch your back if you don't stop.",Threat
"hello, can you help me.",Non-Bullying
i know where you live if you keep doing this.,Threat
"Be careful, you are going to regret messing with me.",Threat
"I'm warning you, i won't forgive you if you continue.",Threat
any muslims regardless of where they are is a danger to civilization these guys are lowkey cucks who like watching arabs gangrape their women,Religious Hate
"You should know, i will attack you if you keep doing this.",Threat
next time you see a mooslim toss bacon at it,Religious Hate
"today, good evening!",Non-Bullying
"You should know, i will kill you if you don't stop.",Threat
"well, let's work on the project :)",Non-Bullying
you should watch yourself if you keep doing this.,Threat
"Be careful, you better run if you continue.",Threat
""": Damn near gotta protect my tweets.. stalkers being annoying"" you got that dope dick. Drive these bitches loco",Insult
How you invite me over to fuck but I can smell yo pussy from across the room??? Man ain't that dinner she cook then bou,Insult
"You should know, stay away from me or else if you continue.",Threat
"hey, hello.",Non-Bullying
i won't forgive you!,Threat
a woman is just as capable in any profession.,Non-Bullying
"Trust me, i will come after you.",Threat
"Trust me, i will make sure you regret this!",Threat
you should be scared if you don't stop.,Threat
"Be careful, you better watch your back if you keep doing this.",Threat
"hey, i am listening to music",Non-Bullying
<user> i hate you 😂,Insult
"today, let's meet tomorrow!",Non-Bullying
The application is working well.,Non-Bullying
I will find you if you don't stop.,Threat
You can spot their kind from the way they dress alone.,Religious Hate
i swear I will get revenge if you continue.,Threat
"You should know, keep talking and you will see what happens tonight.",Threat
"hello, sounds great.",Non-Bullying
"If you keep harassing me, you will regret it.",Threat
I would probably still feel bad if you weren't such a bitch about it...,Insult
I will hurt you if you continue.,Threat
"Trust me, don't test me",Threat
"actually, i am listening to music.",Non-Bullying
ladies day,Non-Bullying
: fck you nigger lol jk bra,Insult
"actually, i like this song",Non-Bullying
"hi, i am listening to music!",Non-Bullying
You better stop posting about me before this gets worse.,Threat
"Be careful, i will deal with you soon.",Threat
"hey, i love my family :)",Non-Bullying
"hey, of course!",Non-Bullying
I have an exam tomorrow,Non-Bullying
"today, i will message you later :)",Non-Bullying
"hello, let's work on the project",Non-Bullying
"hey, that looks great.",Non-Bullying
"actually, i had a great day.",Non-Bullying
men are hardworking.,Non-Bullying
"You should know, you will be sorry tonight.",Threat
we will get revenge.,Threat
"Be careful, don't make me hurt you.",Threat
"hi, of course.",Non-Bullying
"Trust me, keep provoking me and you will regret it tomorrow.",Threat
The event is working well.,Non-Bullying
The meeting looks great.,Non-Bullying
"well, can we talk!",Non-Bullying
"hey, i received the file :)",Non-Bullying
"Trust me, i will attack you tomorrow.",Threat
"Just remember, if you tell anyone I will come for you if you continue.",Threat
"actually, where are you going.",Non-Bullying
"well, i appreciate your help 😊",Non-Bullying
<user> nigga said <number> like i won ’ t fly her out just to fuck,Misogyny
"Just remember, i am going to hurt you if you don't stop.",Threat
"Trust me, i will find you if you keep doing this.",Threat
"today, i loved you so much :)",Non-Bullying
"actually, when is the meeting :)",Non-Bullying
"Just remember, if you come here I will hurt you tomorrow.",Threat
"You should know, try me and see what happens if you keep doing this.",Threat
"well, i appreciate your help :)",Non-Bullying
"hi, i love my family!",Non-Bullying
"today, you are welcome 😊",Non-Bullying
don't make me hurt you if you continue.,Threat
"hi, sounds great",Non-Bullying
my grandmother is doing amazing work,Non-Bullying
She screenshots everything I post and sends it to people to mock me.,Harassment
"well, no problem!",Non-Bullying
"well, can you explain this!",Non-Bullying
happy birthday 😊,Non-Bullying
"Trust me, i am going to kill you if you don't stop.",Threat
I really like this song.,Non-Bullying
<user> i ’ m ready to cut a bitch who said it,Misogyny
welcome to boomer history <number> where all you do is share fancy pictures the young people make repeat whatever retarded shit you heard pre internet never fact checked since,Insult
"actually, happy birthday!",Non-Bullying
The presentation is almost finished.,Non-Bullying
I respect women,Non-Bullying
"You should know, you won't be safe",Threat
she deserves respect,Non-Bullying
stay away from me or else,Threat
our very own kuch bhi retard prakash raj 🖕 leftists_are_terrorists islamicterrorism,Religious Hate
"hello, i am going to college today!",Non-Bullying
"well, when is the meeting 😊",Non-Bullying
my teacher shared the assignment.,Non-Bullying
"hi, thanks a lot",Non-Bullying
female and men,Non-Bullying
"well, what are you doing",Non-Bullying
i will attack you,Threat
"You should know, i know where you are if you don't stop.",Threat
"Be careful, you should watch yourself",Threat
"same bitch talking abt you will be the only bitch in your face, but .",Insult
This bitch just texted me Baby Baby you miss me,Insult
someone will make you pay if you don't stop.,Threat
females can do anything,Non-Bullying
"If you keep targeting me, there will be consequences.",Threat
someone will come after you if you keep doing this.,Threat
"today, are you free today",Non-Bullying
"hi, i love this movie!",Non-Bullying
Ewh bitch you look like an inbred.,Insult
the women in my team deserve respect,Non-Bullying
"hey, thanks a lot",Non-Bullying
if a bitch tell you she got cheated on more than 3times its somethin wrong with that hoe cuh,Insult
you are going to regret messing with me tonight.,Threat
"today, can we talk 😊",Non-Bullying
"hello, have a nice day.",Non-Bullying
"I'm warning you, you are going to regret messing with me!",Threat
"Just remember, i swear I will get revenge!",Threat
"Trust me, if you tell anyone I will come for you!",Threat
You are an absolute idiot with zero brain capacity to comprehend this.,Insult
"today, i finished my homework!",Non-Bullying
my brothers are hardworking.,Non-Bullying
"You should know, i am going to hurt you if you continue.",Threat
"today, that's fine :)",Non-Bullying
"hi, everything looks good",Non-Bullying
"Karma is the biggest bitch you'll ever meet, Keep pushing her buttons..........",Insult
My sisters are great leaders,Non-Bullying
"Just remember, i will deal with you soon if you continue.",Threat
girls are too weak for sports,Misogyny
Girls are naturally worse at logical thinking than boys.,Misogyny
"I'm warning you, you will be sorry!",Threat
women leaders work very hard,Non-Bullying
I will come for you if you tell anyone.,Threat
"actually, i finished my homework",Non-Bullying
women should just stay silent,Misogyny
"actually, hi",Non-Bullying
"hey, that's fine",Non-Bullying
I will get revenge if you keep doing this.,Threat
I will get revenge if you try that again.,Threat
"hello, see you later.",Non-Bullying
hi ladies,Non-Bullying
"You should know, i swear I will hurt you tonight.",Threat
"You should know, you won't be safe tonight.",Threat
i bought my wife a stationary bike for christmas last year it a regular bike but the fat bitch has not ridden it once yet,Misogyny
I'll hurt you if you ever talk to her again.,Threat
a man is very smart.,Non-Bullying
the progression of anti semitism jews are regular people why are so many jews liberal why will not these jews stop attacking me kill all jews,Religious Hate
"I'm warning you, i will hurt anyone who gets in my way tomorrow.",Threat
men deserve equal pay,Non-Bullying
"today, that's fine 😊",Non-Bullying
Working men deserve equal pay,Non-Bullying
what do woman think about this,Non-Bullying
Today I am talking with my friends.,Non-Bullying
"You should know, i will hurt you tonight.",Threat
the white man must learn to hate if we do not hate the forces that have destroyed our civilization we will die,Hate/Discrimination
"Be careful, you won't be safe if you continue.",Threat
"hey, absolutely",Non-Bullying
"today, you are my best friend!",Non-Bullying
black people hate gays you can test this theory yourself by going to the ghetto and asking black people to suck your dick and seeing what their reaction is mpcstatusupdates,Hate/Discrimination
best wishes to you,Non-Bullying
"today, can you help me.",Non-Bullying
hi girl,Non-Bullying
that girl won the competition,Non-Bullying
"hello, the class was interesting!",Non-Bullying
"Trust me, you have no idea what I will do tomorrow.",Threat
the girls in my class help each other a lot,Non-Bullying
Probably saved 's ass today. About out gas in a Diesel engine. what would you do without your redneck friends?,Insult
"hey, take care.",Non-Bullying
"hello, i finished my homework 😊",Non-Bullying
what is behind the treasonous uk govt actions mooslim oil money or jewish money,Religious Hate
"Just remember, i am going to kill you if you keep doing this.",Threat
How bout some of you bitches be women for Halloween.,Insult
The book is almost finished.,Non-Bullying
I will make you pay,Threat
"hey, i really like you",Non-Bullying
"today, what are you doing",Non-Bullying
my grandmother won the competition.,Non-Bullying
people in my ghetto ass school used to wear shirts like these like xl sized,Hate/Discrimination
"4370 sunnyslope dr, memphis tenn 38141...come over and get fucked in the ass you lil skinny bitch, i love read skinny",Insult
no wonder you run nose first for yo real nigger & white devil massah's or any man pointing at another to convince u he is less,Insult
"I'm warning you, you better stop before something happens tomorrow.",Threat
"today, everything is fine!",Non-Bullying
Stop posting about me or you will regret it.,Threat
You always ugly to a bitch that don't like you,Insult
my cousin helped me with the project.,Non-Bullying
"holy fuck, frozen pussy! you are crazy!",Insult
"well, please share the document",Non-Bullying
"well, that is a good idea :)",Non-Bullying
"Be careful, don't make me hurt you if you keep doing this.",Threat
Diversity in the workplace makes teams stronger.,Non-Bullying
They should go back to where they came from.,Hate/Discrimination
a man is just as capable in any profession,Non-Bullying
"I'm warning you, i will get you if you continue.",Threat
women are weak and stupid,Misogyny
Young women are great leaders!,Non-Bullying
"You should know, one day I will get you!",Threat
"I'm warning you, one day I will get you if you keep doing this.",Threat
young people work very hard.,Non-Bullying
Female doctors can be anything they want!,Non-Bullying
I will attack you if you tell anyone.,Threat
Girls.,Non-Bullying
"Just remember, you are going to regret messing with me if you don't stop.",Threat
"well, i am going home!",Non-Bullying
"hi, see you tomorrow :)",Non-Bullying
My aunt deserves equal pay,Non-Bullying
"You should know, if you come here I will hurt you.",Threat
please send me the file.,Non-Bullying
I am glad that my parents helped me with my homework.,Non-Bullying
"Ay fuck wieners, remember to eat before you drink and remember to drink water while you're drinking and also to go eat shit you pussy head.",Insult
someone will teach you a lesson if you come near me.,Threat
"hi, let's meet tomorrow 😊",Non-Bullying
hallelujah qanon dont need queers effing up our military and causing a drain on the budget i dont wanna pay for their mental illness,Hate/Discrimination
domt worry police will be doing gay pride you cannot punch them as they have a load of cameras maybe islam should turn on em they make me sick they are common purpose wankers,Religious Hate
"hi, i like this song 😊",Non-Bullying
"I'm warning you, i am not going to let this go!",Threat
someone will attack you if you come near me.,Threat
"hello, can you explain this.",Non-Bullying
"Just remember, don't make me hurt you tomorrow.",Threat
"actually, see you later!",Non-Bullying
"hello, i am watching a movie.",Non-Bullying
you should be scared tonight.,Threat
Ladies are hardworking!,Non-Bullying
"hey, i received the file!",Non-Bullying
"actually, are you free today :)",Non-Bullying
I will come after you if you tell anyone.,Threat
the woman next door is hardworking.,Non-Bullying
"Just remember, i will attack you tomorrow.",Threat
I am glad that my sister sent me a funny video.,Non-Bullying
"hi, good morning",Non-Bullying
"I'm warning you, stay away from me or else if you continue.",Threat
im just saying i can turn any bitch into a slut make that bitch do things she never done before so if she a nasty freak when she come home to you ya welcome son,Misogyny
"today, of course 😊",Non-Bullying
thank you woman,Non-Bullying
She tracks my location and shows up uninvited no matter what I say.,Harassment
"Just remember, you are going to regret messing with me tomorrow.",Threat
"If you keep contacting my friends, there will be consequences.",Threat
"Trust me, if you tell anyone I will come for you",Threat
"You should know, i swear I will get revenge.",Threat
if you tell anyone I will come for you!,Threat
"hello, i am going to college today :)",Non-Bullying
"hello, let's study together 😊",Non-Bullying
"Just remember, one day I will get you!",Threat
You're worthless and everyone agrees.,Insult
beavis the redneck bought a trailer home and then forgot what happend before waking up to an earthquake,Insult
You're dismissed bitch. : no.. i wanna play with you thumper..,Insult
"hello, thanks a lot 😊",Non-Bullying
"hey, i am going home.",Non-Bullying
"Get lost you useless piece of trash, stop wasting everyone's time.",Insult
That is a beautiful picture.,Non-Bullying
"Be careful, you will be sorry if you continue.",Threat
"You should know, if you tell anyone I will come for you if you continue.",Threat
"actually, i am reading a book :)",Non-Bullying
i am not going to let this go,Threat
not as hard as it must be for you a basic bitch libertarian desperately cuckposting retarded memes to your internet black friend to prove you are not racist,Insult
"hi, i agree with you!",Non-Bullying
"well, of course.",Non-Bullying
"You should know, i will get you",Threat
my sisters can be anything they want,Non-Bullying
You can buy milk w/ WIC guys How yall bitches gon breast feed wit nipple rings?,Insult
if you tell anyone I will come for you tomorrow.,Threat
"hi, i am feeling good 😊",Non-Bullying
women are great leaders,Non-Bullying
naw hoe let me see if you got Keisha,Insult
i learned something new today.,Non-Bullying
"today, this song is beautiful",Non-Bullying
"Just remember, i won't forgive you tomorrow.",Threat
"I'm warning you, i am going to kill you tonight.",Threat
Working men are great leaders.,Non-Bullying
"Trust me, i am going to kill you!",Threat
The website was interesting.,Non-Bullying
"You should know, i will get you if you keep doing this.",Threat
Girl are wonderful,Non-Bullying
thank you for proving my bitch ass wrong tonight.,Insult
<user> <user> you are so retarded,Insult
you better watch your back if you keep doing this.,Threat
"hi, i finished my homework 😊",Non-Bullying
Hey Okrah... Just wake up already. You already know Bammy and Moochie are in it for the commies. Stop with the racist whitey hate crap.,Insult
"You should know, i will come after you tomorrow.",Threat
<user> we lost ww2 the nazi came to america operation paperclip and became our cia fbi nasa all the abc agencies basically,Insult
"hey, did you complete the assignment.",Non-Bullying
i had a great day :),Non-Bullying
"hey, i am listening to music :)",Non-Bullying
"Trust me, if you do that again I will hurt you if you don't stop.",Threat
"I'm warning you, keep talking and you will see what happens!",Threat
"It's not racist, it's just true that some races are better workers than others.",Hate/Discrimination
I am listening to music,Non-Bullying
someone will teach you a lesson if you try that again.,Threat
<user> at least a good percent don ’ t like it because “ ew it ’ like a cowboy movie ” yeah u fuckin retard that ’ the whole point,Insult
"Be careful, i will come after you tomorrow.",Threat
"actually, let's work on the project",Non-Bullying
we will come after you if you tell anyone.,Threat
I am glad that my parents sent me the notes.,Non-Bullying
I know where you live,Threat
"If you spreading rumors about me again, you will be sorry.",Threat
"well, i need to study.",Non-Bullying
"I'm serious, stay away from me.",Threat
I hate that religious community because of what they believe.,Religious Hate
"You should know, if you do that again I will hurt you tomorrow.",Threat
apparently there is a cholera outbreak in yemen couple of less arabs,Religious Hate
a woman are too weak for any real job,Misogyny
"hi, please share the document :)",Non-Bullying
"hi, this movie is amazing!",Non-Bullying
"women can't drive, everyone knows it",Misogyny
they are kiked the hell up nothing but filthy hooknose christ killers i do not watch any news on the tv,Religious Hate
good luck!,Non-Bullying
"Be careful, i know where you are!",Threat
"hey, have a great day",Non-Bullying
"hello, absolutely.",Non-Bullying
Women are kind and helpful.,Non-Bullying
once i get comfortable around you you ’ re gone think i ’ m fucking retarded lol,Insult
the girls in my class are just as capable in any profession,Non-Bullying
My aunt works very hard.,Non-Bullying
"Be careful, i will attack you if you keep doing this.",Threat
<user> im unsure as to why <number> of the people in this comment section are weeaboos or nazis but draw a furry pussy,Insult
The majority of you hoes think your shit don't stink.,Insult
"today, sounds great.",Non-Bullying
"Just remember, don't make me hurt you tonight.",Threat
my grandmother is strong and talented.,Non-Bullying
i know where you are,Threat
"Be careful, i will make you pay.",Threat
Did you finish the assignment?,Non-Bullying
"actually, i am going to college today 😊",Non-Bullying
"I'm warning you, i will attack you tonight.",Threat
: Might go to plaq hcbitch who you gone go with,Insult
"hey, can you explain this :)",Non-Bullying
"Trust me, i will find you if you continue.",Threat
take care 😊,Non-Bullying
"I'm warning you, i am not going to let this go.",Threat
"Be careful, you should watch yourself if you keep doing this.",Threat
"today, let's work on the project :)",Non-Bullying
"If you don't back off, you will be sorry.",Threat
what are you doing,Non-Bullying
my sisters inspire me every day,Non-Bullying
That religious group is a threat to our way of life.,Religious Hate
"hi, i really like you",Non-Bullying
my cousin gave me some useful advice.,Non-Bullying
I will attack you if you don't stop.,Threat
female engineers won the competition,Non-Bullying
"hello, this song is beautiful!",Non-Bullying
you should be scared.,Threat
girl can do anything,Non-Bullying
You should stop before you get yourself into trouble.,Threat
"hey, everything is fine :)",Non-Bullying
"actually, good morning :)",Non-Bullying
beware of democratic party they r allied with muslim groups plan to dismantle individual rights rewrite constitution install communism,Religious Hate
Pass interference you dumb ass zebra jerks,Insult
"Just remember, i will attack you!",Threat
my husband is doing amazing work,Non-Bullying
"hi, today is a beautiful day :)",Non-Bullying
"Just remember, you should be scared if you don't stop.",Threat
"You are an absolute waste of oxygen, do the entire world a huge favor.",Harassment
"today, glad to meet you 😊",Non-Bullying
Keep mocking me and you will regret it.,Threat
"hello, how are you doing",Non-Bullying
"I'm warning you, keep talking and you will see what happens if you keep doing this.",Threat
"Just remember, if you tell anyone I will come for you!",Threat
"hello, today is a beautiful day 😊",Non-Bullying
more jews supporting the import of islam curiouser and curiouser,Religious Hate
She's clearly too hormonal to make a rational call on this.,Misogyny
"well, see you later :)",Non-Bullying
ladies in science,Non-Bullying
lmao fucking bitch ima whoop you like a did yesterday but I'm trying to update the roster you down?,Insult
You better stop contacting my friends before this gets worse.,Threat
Young women are hardworking,Non-Bullying
happy birthday.,Non-Bullying
"actually, i like this song!",Non-Bullying
"Just remember, you better run tonight.",Threat
"today, that is a good idea!",Non-Bullying
you mean a lot to me :),Non-Bullying
My Co worker talking about what's my twitter name Oh no hoe you could never screen shot me to the boss,Insult
Hope you got what you wanted bitch.,Insult
"actually, the class was interesting.",Non-Bullying
"today, i have an exam tomorrow.",Non-Bullying
"Trust me, i am not going to let this go tonight.",Threat
someone will come for you if you keep doing this.,Threat
my classmate called me yesterday.,Non-Bullying
"I'm warning you, i am not going to let this go tonight.",Threat
The movie is going well.,Non-Bullying
i am going to hurt you.,Threat
"hi, the class was interesting!",Non-Bullying
"Just remember, you have no idea what I will do.",Threat
"hey, hey",Non-Bullying
"Just remember, i will come to your house!",Threat
"hi, absolutely!",Non-Bullying
"well, could you help me 😊",Non-Bullying
"Be careful, i will hurt anyone who gets in my way tonight.",Threat
"Trust me, if you do that again I will hurt you if you keep doing this.",Threat
do we really want to adapt to shit skin moslem terrorists who are mildly retarded by canadian standards,Religious Hate
i understand!,Non-Bullying
"hello, enjoy your day.",Non-Bullying
my brother helped me with my homework.,Non-Bullying
"today, good morning 😊",Non-Bullying
"well, today is a beautiful day.",Non-Bullying
"Be careful, i will attack you.",Threat
i got a shooter on my right just in case a bitch try <number> do me wrong,Misogyny
try me and see what happens,Threat
female engineers help each other a lot.,Non-Bullying
"Be careful, i will attack you if you don't stop.",Threat
"Trust me, i will make sure you regret this tomorrow.",Threat
"Trust me, i will find you.",Threat
A man helped me a lot!,Non-Bullying
congratulations,Non-Bullying
"hello, i am reading a book",Non-Bullying
"hi, when is the meeting.",Non-Bullying
women deserve respect,Non-Bullying
<user> this is your future if you support islam in your country and i am arabic just being real with you snowflakes,Religious Hate
"hello, absolutely!",Non-Bullying
"I'm warning you, don't test me if you continue.",Threat
i got a guilty pleasure and it is country music and hillbilly movies and tv shows about rednecks hunting in the woods and fucking white trash skanks,Misogyny
working women inspire me every day.,Non-Bullying
"hey, thanks!",Non-Bullying
"Just remember, i will hurt anyone who gets in my way!",Threat
i know where you live,Threat
"I'm warning you, you should be scared if you don't stop.",Threat
"well, are you free today :)",Non-Bullying
"Be careful, i will attack you tonight.",Threat
"hi, okay thank you 😊",Non-Bullying
"well, good afternoon.",Non-Bullying
hoes gon be hoes so i could not blame 🤧,Misogyny
"hey, are you free today.",Non-Bullying
one day I will get you if you continue.,Threat
women are meant for house chores,Misogyny
"actually, what are you doing :)",Non-Bullying
better believe the kikes are behind these nigger attacks,Hate/Discrimination
"hello, see you tomorrow 😊",Non-Bullying
"actually, i will message you later :)",Non-Bullying
hello girls,Non-Bullying
"Trust me, i will kill you if you continue.",Threat
You are going to regret crossing me.,Threat
women leaders help each other a lot,Non-Bullying
"Be careful, i know where you are if you don't stop.",Threat
what do lady think about this,Non-Bullying
"hey, i am feeling good.",Non-Bullying
"hey, please send me the file 😊",Non-Bullying
"well, can you explain this :)",Non-Bullying
"No thanks lady, you look like you just got off the white trash train, I'd rather not catch a disease.",Insult
"hi, i understand :)",Non-Bullying
i am happy today.,Non-Bullying
"hello, let's meet tomorrow 😊",Non-Bullying
"She's clearly overreacting, that's just how women are wired.",Misogyny
"hello, hi there.",Non-Bullying
Their places of worship shouldn't even be allowed in this neighborhood.,Religious Hate
"hi, how are you doing.",Non-Bullying
white people complain about homophobia in the middle east just to fuel their islamophobia they literally don ’ t give a shit about gay arabs,Hate/Discrimination
Keep talking and you will face the consequences.,Threat
"hey, i am happy today :)",Non-Bullying
good afternoon!,Non-Bullying
I will attack you.,Threat
good morning women,Non-Bullying
"well, thank you so much.",Non-Bullying
A woman is hardworking.,Non-Bullying
i will hurt anyone who gets in my way.,Threat
"today, sure :)",Non-Bullying
"hello, see you later",Non-Bullying
"You should know, i know where you live if you keep doing this.",Threat
"actually, good luck",Non-Bullying
"You should know, i will make sure you regret this.",Threat
you better run if you continue.,Threat
skrt skrt skrt sirop stripper pole fuck with us this nigger forever,Hate/Discrimination
"today, have a nice day",Non-Bullying
"today, everything is fine 😊",Non-Bullying
i have an exam tomorrow 😊,Non-Bullying
"well, good afternoon!",Non-Bullying
male students can be anything they want,Non-Bullying
my parents helped me with my homework.,Non-Bullying
"hi, i am studying today 😊",Non-Bullying
women deserve equal pay,Non-Bullying
"hello, all the best 😊",Non-Bullying
"Just remember, if you tell anyone I will come for you",Threat
"You should know, i will hurt anyone who gets in my way tonight.",Threat
"Be careful, keep provoking me and you will regret it tomorrow.",Threat
"You should know, if you come here I will hurt you if you continue.",Threat
good afternoon.,Non-Bullying
"well, that looks great :)",Non-Bullying
"hey, thanks :)",Non-Bullying
I am thankful that my teacher gave me some useful advice.,Non-Bullying
My grandmother played really well today.,Non-Bullying
Can we talk later?,Non-Bullying
"today, you are welcome.",Non-Bullying
"You should know, i will make you pay",Threat
thank you so much :),Non-Bullying
why are people surprised by the dimwitted response of some air headed mudshark,Misogyny
"today, this is wonderful.",Non-Bullying
"hey, you mean a lot to me",Non-Bullying
Could you send me the file?,Non-Bullying
"today, i am happy today 😊",Non-Bullying
be a bro not a hoe,Misogyny
The book sounds good.,Non-Bullying
"""Why did you give birth to me you bitch""",Insult
I am glad that my sister called me yesterday.,Non-Bullying
"hello, i am listening to music :)",Non-Bullying
you will regret this if you keep doing this.,Threat
"today, have a nice day :)",Non-Bullying
"hello, i learned something new today.",Non-Bullying
"Trust me, if you do that again I will hurt you tomorrow.",Threat
"hello, no problem 😊",Non-Bullying
i really like you :),Non-Bullying
<user> i gay for you no homo tho,Hate/Discrimination
"You should know, don't make me hurt you tomorrow.",Threat
thank you lady,Non-Bullying
wives are not smart enough for science,Misogyny
"I'm warning you, keep provoking me and you will regret it tonight.",Threat
i am going to college today 😊,Non-Bullying
That was a great presentation.,Non-Bullying
ladies?,Non-Bullying
hello 😊,Non-Bullying
This is your final warning to stop spreading rumors about me.,Threat
We niggas like fuckin roaches. Let one in and you hot dam infested. You a crazy bitch. I dig yo ass,Insult
about women,Non-Bullying
a woman is doing amazing work,Non-Bullying
"Be careful, keep provoking me and you will regret it",Threat
"well, i care about you :)",Non-Bullying
"hello, i like this song.",Non-Bullying
"You should know, one day I will get you if you don't stop.",Threat
"hello, thank you so much 😊",Non-Bullying
"If you see me , SPEAK bitch. !",Insult
"Be careful, one day I will get you!",Threat
My grandmother is hardworking!,Non-Bullying
best comment in the og thread feminism is needed nowadays it flags undatable and crazy women so the world can avoid them more easily,Misogyny
someone will teach you a lesson.,Threat
"You should know, don't make me hurt you.",Threat
The assignment is going well.,Non-Bullying
"I'm warning you, i will deal with you soon tomorrow.",Threat
its always fat bitches saying they look like a snack no sweetheart you look like a ball of grease dont fucking me,Misogyny
Any woman ruin everything,Misogyny
love it islam does not belong in europe,Religious Hate
Don't cross the line again.,Threat
"hello, i miss my friends",Non-Bullying
female in tech,Non-Bullying
"If you hate me I dont care. New flash bitch, I dont live to please you aha",Insult
"hey, that sounds good :)",Non-Bullying
"today, see you later",Non-Bullying
"hi, glad to meet you!",Non-Bullying
this movie is amazing!,Non-Bullying
let's work on the project :),Non-Bullying
<user> the little bitch got off easy,Insult
You're pathetic and everyone can see it.,Insult
"hi, please help me.",Non-Bullying
can not trust these bitches they scandalous,Misogyny
"actually, this is wonderful :)",Non-Bullying
I am glad that my classmate helped me with my homework.,Non-Bullying
Wives are dumb and useless,Misogyny
"If you contacting my friends again, you will be sorry.",Threat
Lady are welcome,Non-Bullying
My mother deserves respect,Non-Bullying
"well, have a great day 😊",Non-Bullying
"today, how are you!",Non-Bullying
I am glad that my cousin helped me with my homework.,Non-Bullying
"I'm warning you, keep talking and you will see what happens tomorrow.",Threat
"hi, i am watching a movie 😊",Non-Bullying
"well, what time is the class!",Non-Bullying
"You should know, try me and see what happens if you continue.",Threat
"hello, hi there 😊",Non-Bullying
"hey, i am watching a movie.",Non-Bullying
"well, let's study together!",Non-Bullying
"hi, can you help me!",Non-Bullying
"hello, i love my family.",Non-Bullying
"well, you are my best friend",Non-Bullying
"today, i am going home!",Non-Bullying
all the best.,Non-Bullying
Can someone please explain how to configure this VLAN trunk interface?,Non-Bullying
millenials are embracing the poverty that their retarded liberal predecessors have created,Hate/Discrimination
"Be careful, you will regret this tomorrow.",Threat
"today, hello!",Non-Bullying
The man next door is amazing at coding,Non-Bullying
"Be careful, i will make you pay if you don't stop.",Threat
kuz i know a bitch can be some where suckin a dick,Misogyny
my brothers help each other a lot,Non-Bullying
Wtf is boy pussy ? Lmao you atl nigga sick,Insult
"hi, i received the file",Non-Bullying
i completed my assignment.,Non-Bullying
"Be careful, i am going to kill you.",Threat
"Just remember, i won't forgive you tonight.",Threat
that a retarded way to look at it enjoy being a depressive idiot,Insult
"This bitch said "" which one are you "" Lmaooo I hate her !",Insult
"Just remember, keep provoking me and you will regret it tonight.",Threat
i will call you later,Non-Bullying
someone will hurt you if you come near me.,Threat
a woman won the competition,Non-Bullying
"actually, i am studying today 😊",Non-Bullying
ladies are great,Non-Bullying
I am thankful that my brother sent me a funny video.,Non-Bullying
"well, nice to meet you!",Non-Bullying
"hey, where are you going!",Non-Bullying
all funny til one of you bitches pop tf up floating in the gah damn river somewhere play with your sex toys not me,Misogyny
i love you.,Non-Bullying
"I'm warning you, i will come to your house tonight.",Threat
"You should know, i am not going to let this go tonight.",Threat
"hello, have a nice day",Non-Bullying
in all seriousness there a probability of moslem men attending the million woman march and sexually assaulting them i hope i am wrong,Religious Hate
"hey, i understand",Non-Bullying
"hi, hi there.",Non-Bullying
I like women,Non-Bullying
people are amazing,Non-Bullying
"Be careful, i will kill you!",Threat
I am thankful that my brother sent me the notes.,Non-Bullying
"well, i am happy today 😊",Non-Bullying
"today, enjoy your day 😊",Non-Bullying
I will teach you a lesson if you tell anyone.,Threat
"hi, the class was interesting 😊",Non-Bullying
Absolute disgusting immigrants invading our peaceful neighborhoods.,Hate/Discrimination
"actually, thank you 😊",Non-Bullying
"I'm warning you, i am coming for you if you don't stop.",Threat
"Just remember, i am going to kill you",Threat
"I'm warning you, i will come to your house if you continue.",Threat
young people played really well today.,Non-Bullying
"hey, happy birthday 😊",Non-Bullying
"well, i miss my friends!",Non-Bullying
can you help me.,Non-Bullying
"hello, i really like this.",Non-Bullying
Wives are just objects for men,Misogyny
"I'm warning you, i will make you pay if you continue.",Threat
"I'm warning you, i will make you pay!",Threat
Girl deserve respect,Non-Bullying
i am going to college today,Non-Bullying
"Trust me, i will hurt anyone who gets in my way tonight.",Threat
I work with talented women,Non-Bullying
"hello, can you send me the notes 😊",Non-Bullying
<user> lol he a classy hoe,Misogyny
"today, i have an exam tomorrow!",Non-Bullying
i will kill you tonight.,Threat
"actually, i am having lunch",Non-Bullying
"You should know, one day I will get you tomorrow.",Threat
the lecture was helpful 😊,Non-Bullying
"hello, i really like this 😊",Non-Bullying
Thank you for explaining that.,Non-Bullying
"hi, absolutely :)",Non-Bullying
"I'm warning you, i will deal with you soon if you keep doing this.",Threat
"today, can we talk",Non-Bullying
What are you doing today?,Non-Bullying
' I wonder if you females out here ever just sit around and think bout how yall hoes or how unfaithful Yall really is .,Insult
i will hurt you tomorrow.,Threat
"You should know, you are going to regret messing with me!",Threat
my mother is doing amazing work!,Non-Bullying
females's day wishes,Non-Bullying
bitch you be lagging lol,Insult
"well, i am going to college today.",Non-Bullying
i hate hoes dese dayz dey getting brave for no reazon,Misogyny
"I'm warning you, i will kill you tonight.",Threat
"today, i finished my homework",Non-Bullying
my parents recommended a good movie.,Non-Bullying
my aunt is doing amazing work,Non-Bullying
someone will hurt you if you try that again.,Threat
don't test me!,Threat
"hello, good evening 😊",Non-Bullying
prolly heard i was broke from a broke nigga prolly heard i was a hoe from a hoe,Misogyny
<user> <user> where ’ the lynching just a lil nazi getting what he deserve he should go back to the safe space he came from,Hate/Discrimination
"actually, can you send me the notes.",Non-Bullying
The workshop was enjoyable.,Non-Bullying
"Be careful, you better run tonight.",Threat
that looks great!,Non-Bullying
women are too emotional to lead,Misogyny
see you tomorrow!,Non-Bullying
Patrick you ain't nottin but a hood Nigga top bitch nigga,Insult
"Be careful, i will find you if you don't stop.",Threat
"well, that's fine",Non-Bullying
I really like this,Non-Bullying
"well, best wishes to you.",Non-Bullying
"actually, i completed my assignment",Non-Bullying
"actually, i agree with you 😊",Non-Bullying
"actually, hey 😊",Non-Bullying
"actually, i will call you later :)",Non-Bullying
someone will make you pay if you continue.,Threat
"I'm warning you, i will attack you if you don't stop.",Threat
i swear I will get revenge if you keep doing this.,Threat
"You should know, you should be scared.",Threat
"well, happy birthday 😊",Non-Bullying
bitches be trynna act ghetto af talking extra loud with a mouth full of herpes 🤢 🤮 🤮,Hate/Discrimination
"Just remember, i will hurt you",Threat
"hi, today is a beautiful day 😊",Non-Bullying
"You should know, i know where you are tomorrow.",Threat
The assignment sounds good.,Non-Bullying
"Good night, see you tomorrow.",Non-Bullying
of course 😊,Non-Bullying
the women in my team are just as capable in any profession,Non-Bullying
"well, happy birthday.",Non-Bullying
yo mama so based she exposed a nazi,Insult
"hey, i love my family.",Non-Bullying
"well, can you send me the notes",Non-Bullying
""": Uni suuuucks!! Lolol"" you suck bitch",Insult
i know where you live.,Threat
"I'm warning you, don't make me hurt you if you don't stop.",Threat
my sister is hardworking,Non-Bullying
women help each other a lot,Non-Bullying
You are going to regret messing with me,Threat
"hey, i will message you later",Non-Bullying
i will hurt you.,Threat
someone will come after you if you continue.,Threat
"Just remember, i will deal with you soon if you don't stop.",Threat
"You should know, i swear I will get revenge tomorrow.",Threat
"I'm warning you, if you come here I will hurt you",Threat
A woman are always overreacting and annoying,Misogyny
"hi, that is a good idea :)",Non-Bullying
"You should know, you have no idea what I will do if you continue.",Threat
"I'm warning you, i am coming for you",Threat
do not be aggressive says the nigger mandela fuck that,Hate/Discrimination
good afternoon,Non-Bullying
enjoy your day!,Non-Bullying
our principal helped me a lot,Non-Bullying
waiting for the day i ’ m not working and a white hoe talk to me crazy cause i ’ ma beat her ass,Misogyny
You better stop sending me threats before this gets worse.,Threat
"hi, good luck!",Non-Bullying
"actually, can we talk.",Non-Bullying
women are in the meeting,Non-Bullying
"well, enjoy your day",Non-Bullying
my aunt is very smart!,Non-Bullying
my mother is hardworking,Non-Bullying
"hey, i am studying today!",Non-Bullying
"lol You're a stupid ass bitch "": remember michael brown? this is him now. feel old yet?",Insult
"bitch you beat after losing twice lol and we won 11, you just a hater",Insult
"Just remember, i know where you are",Threat
"women always overreact, so annoying",Misogyny
thanks!,Non-Bullying
"Be careful, if you tell anyone I will come for you.",Threat
"today, this is wonderful :)",Non-Bullying
I will make you sorry if you continue to sending me threats.,Threat
"actually, this is wonderful!",Non-Bullying
"I'm warning you, i am coming for you tomorrow.",Threat
"actually, sounds great :)",Non-Bullying
"today, i am studying today :)",Non-Bullying
"Be careful, if you come here I will hurt you",Threat
"I'm warning you, one day I will get you if you continue.",Threat
"hey, i love my family",Non-Bullying
"Trust me, i will come to your house if you don't stop.",Threat
The course looks beautiful.,Non-Bullying
a woman inspires me every day,Non-Bullying
i am watching a movie,Non-Bullying
"today, thanks.",Non-Bullying
the man next door is a great leader,Non-Bullying
"well, i finished my homework :)",Non-Bullying
"hey, i love this movie 😊",Non-Bullying
"well, i like this song!",Non-Bullying
"Just remember, one day I will get you if you keep doing this.",Threat
"I'm warning you, i will attack you",Threat
He keeps asking my friends where I am when I don't answer him.,Harassment
even if this is true your faggot ass says it as if it were a bad thing,Hate/Discrimination
"hey, absolutely 😊",Non-Bullying
"hi, that's fine 😊",Non-Bullying
you are going to regret messing with me if you keep doing this.,Threat
"today, let's meet tomorrow.",Non-Bullying
try me and see what happens if you continue.,Threat
"Just remember, i will make you pay if you keep doing this.",Threat
"Trust me, you will regret this",Threat
"Trust me, don't test me.",Threat
"Just remember, i will get you if you don't stop.",Threat
The trip sounds good.,Non-Bullying
"Be careful, don't test me if you keep doing this.",Threat
"well, absolutely",Non-Bullying
Women shouldn't be allowed to make important decisions.,Misogyny
"Trust me, you better stop before something happens if you don't stop.",Threat
"well, i like this song",Non-Bullying
I support female,Non-Bullying
"well, i learned something new today",Non-Bullying
"Just remember, i am going to hurt you!",Threat
that sounds good :),Non-Bullying
Your research is absolute garbage and you look completely stupid.,Insult
"today, thanks",Non-Bullying
Stop insulting me or you will regret it.,Threat
"Be careful, you are going to regret messing with me if you keep doing this.",Threat
"hi, enjoy your day :)",Non-Bullying
"actually, i finished my homework.",Non-Bullying
outta all things my sister could ask my mama she asks do she know how to throw it back jeezus devontae crisce the ghetto,Insult
bitch you know you won't this,Insult
"You should know, you better watch your back if you don't stop.",Threat
Nobody wants their kids sitting next to kids from that background.,Hate/Discrimination
"actually, i love this movie!",Non-Bullying
"well, thanks :)",Non-Bullying
I won't stay quiet if you continue this.,Threat
trump fucked us if you still believe his bs your iq is lower than a somalian nigger huffing jenkem,Hate/Discrimination
the class was interesting!,Non-Bullying
"actually, thank you so much 😊",Non-Bullying
Girls are just as capable in any profession!,Non-Bullying
"hello, i will message you later",Non-Bullying
"Be careful, i will get you!",Threat
"actually, the lecture was helpful :)",Non-Bullying
girls are equal to men,Non-Bullying
"hello, i loved you so much!",Non-Bullying
take care!,Non-Bullying
i am studying today :),Non-Bullying
The meeting was really useful.,Non-Bullying
"well, the lecture was helpful",Non-Bullying
proud of all the women in my life,Non-Bullying
"hello, the lecture was helpful!",Non-Bullying
i am studying today,Non-Bullying
"hello, i am watching a movie!",Non-Bullying
"actually, i completed my assignment!",Non-Bullying
"hello, i am going to college today",Non-Bullying
He keeps sending unsolicited voice messages even after I muted him everywhere.,Harassment
Hello girl,Non-Bullying
I received the file,Non-Bullying
"Just remember, stay away from me or else if you continue.",Threat
I will come after you if you try that again.,Threat
She deserves equal pay,Non-Bullying
"hey, what time is the class :)",Non-Bullying
"hey, good evening!",Non-Bullying
"today, where are you going 😊",Non-Bullying
"hey, that sounds good 😊",Non-Bullying
"i'm sorry i called you a gap-toothed bitch, its not your fault you're so gap-toothed",Insult
woman in tech,Non-Bullying
She is hardworking!,Non-Bullying
You better run,Threat
"You should know, i will make sure you regret this!",Threat
working men can be anything they want,Non-Bullying
"You dumb bitches still think pretty is everything ""KERI LOOKS BETTER THAN BEYONC "" Keri probably know she do too but guess",Insult
"hey, i will call you later.",Non-Bullying
"well, of course",Non-Bullying
i have an exam tomorrow.,Non-Bullying
"actually, this is wonderful",Non-Bullying
"You should know, you should watch yourself tomorrow.",Threat
"Just remember, i will find you if you don't stop.",Threat
<user> <user> wow that was beyond retarded,Insult
"Trust me, one day I will get you.",Threat
"Be careful, i will come after you.",Threat
My wife played really well today.,Non-Bullying
"actually, congratulations!",Non-Bullying
woman empowerment,Non-Bullying
"If you messaging me again, you will be sorry.",Threat
"actually, how are you doing 😊",Non-Bullying
"hello, of course!",Non-Bullying
"Just remember, i will attack you if you keep doing this.",Threat
"well, hi!",Non-Bullying
"Just remember, i swear I will hurt you if you continue.",Threat
my parents helped me with the project.,Non-Bullying
"today, i got it :)",Non-Bullying
"hello, see you tomorrow!",Non-Bullying
"hello, this song is beautiful",Non-Bullying
"hi, did you complete the assignment 😊",Non-Bullying
The man next door is very smart,Non-Bullying
Girls can be anything they want,Non-Bullying
You better stop sharing my private information before this gets worse.,Threat
I will hurt you if you come near me.,Threat
"hello, i will call you later!",Non-Bullying
"Be careful, i will hurt you.",Threat
"well, i am happy today!",Non-Bullying
"Be careful, i won't forgive you tonight.",Threat
"well, glad to meet you!",Non-Bullying
i will come to your house tonight.,Threat
young women deserve respect,Non-Bullying
"hey, thanks.",Non-Bullying
how are you 😊,Non-Bullying
girls can do anything,Non-Bullying
no wonder your career is in the dump that's where trash like you belongs. Thanks to for pointing out your true colors,Insult
"hey, i care about you :)",Non-Bullying
I am glad that my brother gave me some useful advice.,Non-Bullying
i swear I will get revenge!,Threat
"today, are you free today!",Non-Bullying
"actually, good evening!",Non-Bullying
"hey, let's study together :)",Non-Bullying
i really like you,Non-Bullying
"Trust me, i won't forgive you if you don't stop.",Threat
Lady.,Non-Bullying
"hey, i loved you so much!",Non-Bullying
Women are dumb and useless,Misogyny
"hi, thank you",Non-Bullying
men,Non-Bullying
"I'm warning you, i know where you live if you don't stop.",Threat
"hey, i am having lunch.",Non-Bullying
I will make you sorry if you continue to sharing my private information.,Threat
"Be careful, i will make sure you regret this if you keep doing this.",Threat
"hey, let's work on the project 😊",Non-Bullying
"today, that's fine",Non-Bullying
doctors are just as capable in any profession.,Non-Bullying
"well, i received the file :)",Non-Bullying
"Be careful, stay away from me or else",Threat
i am happy today 😊,Non-Bullying
"actually, you are welcome.",Non-Bullying
"well, this song is beautiful 😊",Non-Bullying
"today, this is wonderful",Non-Bullying
"hey, this song is beautiful!",Non-Bullying
"actually, congratulations.",Non-Bullying
"well, take care.",Non-Bullying
"hello, please share the document :)",Non-Bullying
"well, i am watching a movie",Non-Bullying
"Be careful, i will come to your house if you keep doing this.",Threat
i bet he was popular in the ghetto,Insult
"You should know, if you come here I will hurt you tomorrow.",Threat
"You have been warned, so don't test me again.",Threat
"Just remember, i am not going to let this go if you don't stop.",Threat
"well, of course!",Non-Bullying
<user> we have one retard our country too he will beat her hollow he can make her look like a genius 🙃,Misogyny
my sisters won the competition!,Non-Bullying
"hey, no worries :)",Non-Bullying
"Be careful, i will kill you tomorrow.",Threat
"well, sure :)",Non-Bullying
"Gross, keep your unnatural lifestyle away from normal human beings.",Hate/Discrimination
the little faggot kid who is voicing this his dad is a special agent for the fbi special operations unit i have been reading,Insult
"well, i completed my assignment.",Non-Bullying
i am feeling good,Non-Bullying
"well, hi 😊",Non-Bullying
someone will hurt you if you keep doing this.,Threat
"today, please share the document",Non-Bullying
i remember i called this guy a towel head for saying sandn*gger <censored> and he got my acct suspended 😔,Hate/Discrimination
oh wow i never knew that what a feminazi was holy shit i definitely do not fit that bill i just thought it was some made up word,Misogyny
ladies won the competition.,Non-Bullying
I am having dinner.,Non-Bullying
"Trust me, if you tell anyone I will come for you if you don't stop.",Threat
"well, absolutely.",Non-Bullying
"You should know, i will get you.",Threat
"You should know, you should be scared",Threat
<user> for someone so powerful you sure do like licking nazi boot like a bitch,Insult
<user> must be free gold retarded people,Insult
road worn kikess on wrong side of <number> needs validation badly posts shitposter dms in transparent humblebrag remains divorced with no meaningful prospects will likely die surrounded by cats many such cases,Religious Hate
"hello, how are you!",Non-Bullying
females are in the meeting,Non-Bullying
"Trust me, you will regret this if you continue.",Threat
"hey, where are you going",Non-Bullying
"You should know, keep talking and you will see what happens if you keep doing this.",Threat
"actually, i am going home",Non-Bullying
"well, i will call you later :)",Non-Bullying
"hi, i received the message :)",Non-Bullying
Girls should know their place,Misogyny
i am happy today,Non-Bullying
"actually, sure 😊",Non-Bullying
"Just remember, i know where you live",Threat
Wait What?! : You a faggot if you wear a seat beat,Insult
"Just remember, i won't forgive you",Threat
"hello, nice to meet you",Non-Bullying
"actually, i love you.",Non-Bullying
"That faith teaches nothing but backward, outdated nonsense.",Religious Hate
<user> that some hillbilly talk right there,Hate/Discrimination
i am going to hurt you if you continue.,Threat
"hello, sounds great",Non-Bullying
"well, congratulations",Non-Bullying
my cousin sent me the notes.,Non-Bullying
I will call you later,Non-Bullying
"Trust me, try me and see what happens if you continue.",Threat
"today, see you later!",Non-Bullying
"today, i got it!",Non-Bullying
because them niggas that told you bitch made & they not real niggas or any kind of real,Insult
"hello, i will message you later!",Non-Bullying
someone will get revenge if you come near me.,Threat
shoutout to bitch you guessed it remix shit is,Insult
Tweeting about ur boyfriend won't get him off Xbox live that nigga gotta 24 kill streak rn bitch shut up,Insult
"I'm warning you, you will be sorry tomorrow.",Threat
"You should know, i swear I will hurt you if you keep doing this.",Threat
a woman deserves respect.,Non-Bullying
A woman are inferior to men,Misogyny
"Trust me, you should watch yourself tomorrow.",Threat
"hello, thanks!",Non-Bullying
women are just as capable in any profession,Non-Bullying
"actually, i am happy today.",Non-Bullying
"hi, i love this movie.",Non-Bullying
This is your final warning to stop contacting my friends.,Threat
"I'm warning you, you better run.",Threat
"today, i really like you",Non-Bullying
"today, everything looks good :)",Non-Bullying
female students are kind and helpful.,Non-Bullying
"I'm warning you, i will make sure you regret this!",Threat
"actually, i will message you later",Non-Bullying
"Trust me, i know where you are if you don't stop.",Threat
you better run tonight.,Threat
<user> <user> omg what a f ’ ing retard,Insult
"actually, i will message you later.",Non-Bullying
"Be careful, i know where you live if you don't stop.",Threat
my teacher helped me with the project.,Non-Bullying
my father played really well today,Non-Bullying
"Trust me, i will attack you.",Threat
"today, that sounds good.",Non-Bullying
i am going to kill you tonight.,Threat
thank you for the articles i know about what going on in sweden too do not get me started on these pseudo feminist idiot hypocrite women and their feminized castrated men my blood boils,Misogyny
"hi, i am going home.",Non-Bullying
i will deal with you soon if you continue.,Threat
can you send me the notes :),Non-Bullying
"actually, how are you doing!",Non-Bullying
"today, this movie is amazing 😊",Non-Bullying
"hi, have a great day.",Non-Bullying
"actually, how are you",Non-Bullying
"today, i appreciate your help 😊",Non-Bullying
"hi, i am going to college today",Non-Bullying
"hey, that is a good idea 😊",Non-Bullying
"hey, thank you so much :)",Non-Bullying
The women in my team inspire me every day,Non-Bullying
I appreciate your help,Non-Bullying
absolutely :),Non-Bullying
I will make you pay for this.,Threat
"hello, today is a beautiful day.",Non-Bullying
"hi, hello.",Non-Bullying
"hey, can we talk",Non-Bullying
"You should know, you won't be safe if you don't stop.",Threat
"Just remember, you better watch your back tonight.",Threat
girls work very hard,Non-Bullying
"I'm warning you, i know where you are",Threat
"actually, i appreciate your help.",Non-Bullying
"hi, please send me the file!",Non-Bullying
"hey, i had a great day 😊",Non-Bullying
"You should know, don't test me if you continue.",Threat
"today, i am going home :)",Non-Bullying
I was going to college yesterday.,Non-Bullying
"Trust me, i will make sure you regret this tonight.",Threat
Fuck all you hoes. lol,Insult
"I'm warning you, you have no idea what I will do tomorrow.",Threat
i like this song!,Non-Bullying
"actually, see you later :)",Non-Bullying
"today, that looks great :)",Non-Bullying
the bitch calls herself hoe that all ya need to know red flag she prolly a kike too dark eyes bulbous nose fat the hair is prolly bleached blonde,Misogyny
"well, i like this song :)",Non-Bullying
The application was helpful.,Non-Bullying
"Just remember, keep provoking me and you will regret it tomorrow.",Threat
keep provoking me and you will regret it tonight.,Threat
That photograph looks beautiful.,Non-Bullying
I am thankful that my friend gave me some useful advice.,Non-Bullying
"Just remember, you better watch your back!",Threat
Women can't be trusted with real responsibility.,Misogyny
I am glad that my teacher gave me some useful advice.,Non-Bullying
"hello, happy birthday :)",Non-Bullying
"actually, take care!",Non-Bullying
yeah they got executed by russian kikes what kinda kike are you,Religious Hate
"You should know, if you do that again I will hurt you if you keep doing this.",Threat
women are very smart!,Non-Bullying
if you do that again I will hurt you if you continue.,Threat
I am thankful that my parents helped me with the project.,Non-Bullying
My mother inspires me every day,Non-Bullying
She won't stop sending unwanted photos no matter how many times I object.,Harassment
you can ride for a nigga ya whole life new pussy fuck it up in one night,Insult
"today, you are welcome!",Non-Bullying
"I'm warning you, you better stop before something happens if you continue.",Threat
"hello, that looks great 😊",Non-Bullying
"You should know, i won't forgive you if you continue.",Threat
"Trust me, you are going to regret messing with me if you don't stop.",Threat
"hello, of course.",Non-Bullying
i will make sure you regret this if you continue.,Threat
"You should know, don't test me tomorrow.",Threat
when is the meeting.,Non-Bullying
plenty of kike christians like pelosi worry about your own kikes dumb pussy,Religious Hate
"Be careful, i am going to hurt you if you don't stop.",Threat
Please let me know when you arrive.,Non-Bullying
keep talking and you will see what happens!,Threat
"well, sounds great 😊",Non-Bullying
the boys in my class played really well today,Non-Bullying
This hoe got a gf but complain about life like is she hitting you right ?,Insult
Since you couldn't keep my dick outa your mouth at least keep my name out of it. Y'all some hoes for real.,Insult
"hi, i finished my homework!",Non-Bullying
"hey, have a nice day.",Non-Bullying
keep provoking me and you will regret it,Threat
"hi, i got it!",Non-Bullying
"hey, thanks",Non-Bullying
our teacher is strong and talented,Non-Bullying
i saw a couple baums and steins in the victim list but that about it ya got more info i thought the school was half spic though,Hate/Discrimination
"I'm warning you, i will kill you.",Threat
You better watch your back.,Threat
"hi, thank you so much 😊",Non-Bullying
"Trust me, you won't be safe tonight.",Threat
"Just remember, i am coming for you if you continue.",Threat
The website is almost finished.,Non-Bullying
"today, how are you.",Non-Bullying
i completed my assignment!,Non-Bullying
The class was interesting.,Non-Bullying
keep your unnatural lifestyle away from normal human beings.,Hate/Discrimination
Stop now or you will have to deal with me.,Threat
"well, i finished my homework",Non-Bullying
"hello, sounds great :)",Non-Bullying
my father inspires me every day,Non-Bullying
"well, all the best 😊",Non-Bullying
"actually, i loved you so much.",Non-Bullying
"Be careful, you have no idea what I will do!",Threat
Female doctors are just as capable in any profession,Non-Bullying
females day,Non-Bullying
"actually, thanks a lot 😊",Non-Bullying
"You should know, i will come after you if you keep doing this.",Threat
She keeps forwarding my private messages to others to embarrass me.,Harassment
i will come to your house if you keep doing this.,Threat
"today, i like this song 😊",Non-Bullying
"If you keep insulting me, there will be consequences.",Threat
"actually, how are you 😊",Non-Bullying
"hi, no problem!",Non-Bullying
"You should know, you will regret this.",Threat
your gonna fail due to defectors with multi ethnic families the africans muslims and asians think jew are white your gonna get us infighting then we lose big,Hate/Discrimination
female in science,Non-Bullying
"You should know, you should be scared if you continue.",Threat
Yo I miss you. Ya cunt.,Insult
"hello, i am happy today.",Non-Bullying
"well, happy birthday!",Non-Bullying
i will attack you if you continue.,Threat
"actually, how are you doing.",Non-Bullying
"Just remember, you should be scared tomorrow.",Threat
"well, you mean a lot to me",Non-Bullying
that is a good idea.,Non-Bullying
"Be careful, i am going to hurt you if you keep doing this.",Threat
thanks a lot!,Non-Bullying
Don't think I'm joking when I tell you to stop.,Threat
People who follow that faith don't deserve basic respect.,Religious Hate
Can you send me the notes?,Non-Bullying
i am feeling good 😊,Non-Bullying
you are welcome!,Non-Bullying
"well, sure",Non-Bullying
"actually, that's fine 😊",Non-Bullying
can you explain this :),Non-Bullying
came in to the pharmacy playing stone temple pilots too loud and was asked why i was playing angry music by my coworker bitch it not angry music but you the reason,Misogyny
the gays are undoutably ruining the nation,Hate/Discrimination
"hi, i completed my assignment.",Non-Bullying
"Just remember, i swear I will get revenge tomorrow.",Threat
someone will come for you if you come near me.,Threat
"hello, sure",Non-Bullying
I will make you regret posting that about me.,Threat
i know where you are tonight.,Threat
hey :),Non-Bullying
Good morning girl,Non-Bullying
control brought on by those who seek to condem the illumination of truth the fucking jews,Religious Hate
"hello, i completed my assignment!",Non-Bullying
"Be careful, you have no idea what I will do if you continue.",Threat
"today, i learned something new today",Non-Bullying
Thank you female,Non-Bullying
female doctors inspire me every day!,Non-Bullying
"hey, i had a great day :)",Non-Bullying
no worries.,Non-Bullying
"well, i am studying today 😊",Non-Bullying
I like your new profile picture.,Non-Bullying
<user> bitch fuck ur niceness drop the,Insult
"I'm warning you, i will attack you if you keep doing this.",Threat
Stop mocking me or you will regret it.,Threat
"Be careful, i swear I will get revenge tonight.",Threat
ladies deserve equal rights,Non-Bullying
"hi, could you help me",Non-Bullying
"hey, i agree with you!",Non-Bullying
"hey, thank you so much.",Non-Bullying
"This is completely against nature, you people are absolutely sick.",Hate/Discrimination
"Be careful, i swear I will get revenge if you keep doing this.",Threat
"well, i am having lunch.",Non-Bullying
"hi, hello :)",Non-Bullying
"actually, everything looks good 😊",Non-Bullying
<user> <user> hahaha dumb bitch blocked me,Insult
"today, i care about you!",Non-Bullying
"You should know, you better stop before something happens.",Threat
"hi, i miss my friends!",Non-Bullying
"hello, you are my best friend 😊",Non-Bullying
"Trust me, keep talking and you will see what happens if you keep doing this.",Threat
"Just remember, you should be scared tonight.",Threat
"hey, i learned something new today 😊",Non-Bullying
"well, that sounds good!",Non-Bullying
"Trust me, if you do that again I will hurt you",Threat
"well, i agree with you :)",Non-Bullying
"well, thank you so much :)",Non-Bullying
i will come to your house,Threat
"I'm warning you, one day I will get you!",Threat
See you at the event.,Non-Bullying
"You should know, keep provoking me and you will regret it if you don't stop.",Threat
My girls friends are very kind,Non-Bullying
"hi, i need to study!",Non-Bullying
"today, this movie is amazing.",Non-Bullying
the men in my team are just as capable in any profession.,Non-Bullying
"Trust me, try me and see what happens tomorrow.",Threat
woman day,Non-Bullying
Team leaders are kind and helpful!,Non-Bullying
"Be careful, i will come after you tonight.",Threat
i will find you,Threat
"actually, i am going to college today.",Non-Bullying
I will come after you,Threat
"well, are you free today",Non-Bullying
"actually, you are welcome 😊",Non-Bullying
"Be careful, i swear I will hurt you!",Threat
"hello, i will call you later.",Non-Bullying
"hello, where are you going 😊",Non-Bullying
"You should know, i will find you if you keep doing this.",Threat
hello.,Non-Bullying
Die twice bitch : Thank you. : you're the filthiest hoe of all time,Insult
A woman are just objects for men,Misogyny
a woman are not smart enough for science,Misogyny
<user> bitch i hate you,Misogyny
"hi, this movie is amazing.",Non-Bullying
"today, best wishes to you.",Non-Bullying
<user> is a faggot queer cum guzzling ghetto fag cuck retard did i forget anything im sure i did,Hate/Discrimination
"hey, i am having lunch :)",Non-Bullying
"hey, can you explain this",Non-Bullying
i will kill you.,Threat
"today, could you help me.",Non-Bullying
Women are too weak to handle leadership roles.,Misogyny
"Just remember, you won't be safe",Threat
"I'm warning you, i am going to hurt you tonight.",Threat
try this it how muslim women get pregnant,Religious Hate
"hey, please send me the file!",Non-Bullying
"well, i have an exam tomorrow!",Non-Bullying
"hey, all the best.",Non-Bullying
women are strong and talented,Non-Bullying
"well, i love my family!",Non-Bullying
Keep talking about me online and you will regret it.,Threat
we will hurt you if you come near me.,Threat
I am glad that my friend shared the assignment.,Non-Bullying
That sounds great.,Non-Bullying
team leaders deserve respect.,Non-Bullying
"today, i am having lunch 😊",Non-Bullying
young women are just as capable in any profession,Non-Bullying
"That group should be welcomed, not excluded, from society.",Non-Bullying
"Trust me, don't test me!",Threat
"actually, hi there :)",Non-Bullying
I like girl,Non-Bullying
he is just as capable in any profession.,Non-Bullying
we will teach you a lesson if you continue.,Threat
"Trust me, you are going to regret messing with me if you continue.",Threat
trust me i know it bullshit too but unfortunately the muzzies in england will swallow hook line sinker due to lowered inbred iqs,Religious Hate
Female doctors are great leaders.,Non-Bullying
sure,Non-Bullying
Working women are amazing at coding,Non-Bullying
"well, the class was interesting.",Non-Bullying
"hi, take care :)",Non-Bullying
"hi, everything is fine.",Non-Bullying
"hey, i love my family 😊",Non-Bullying
"That temple shouldn't exist, their religion is fake and evil.",Religious Hate
"hey, congratulations.",Non-Bullying
"hi, did you complete the assignment :)",Non-Bullying
"I'm warning you, if you do that again I will hurt you",Threat
<user> i can not decide if you are retarded or a troll,Insult
try me and see what happens if you keep doing this.,Threat
"Trust me, i am going to hurt you if you continue.",Threat
Bae: If I win you don't get no pussy tonight Me: Shiiiiiit...,Insult
<user> but did he war that she would get that ugly dyke hairstyle,Misogyny
you will regret this if you don't stop.,Threat
i love you!,Non-Bullying
<user> bitch same tho lmfao do not blame you 🥵,Misogyny
nice to meet you.,Non-Bullying
women?,Non-Bullying
Let me make this clear I don't need no fucking body! I don't need none of you whack ass hoes too be friend,Insult
"hey, i will call you later",Non-Bullying
i am going to kill you if you continue.,Threat
"Trust me, try me and see what happens!",Threat
Today I am watching a movie.,Non-Bullying
The assignment looks beautiful.,Non-Bullying
"You should know, i will attack you tonight.",Threat
I will message you later,Non-Bullying
When a fat bitch want you and a skinny bitch can't cook nothin for you these hoes ain't hungry,Insult
"Their scripture is basically a rulebook for control, nothing holy about it.",Religious Hate
let's study together,Non-Bullying
"Be careful, you better watch your back!",Threat
"today, hi :)",Non-Bullying
i really like you.,Non-Bullying
the woman next door is kind and helpful,Non-Bullying
"hey, nice to meet you.",Non-Bullying
He waits outside my building even after I told him to leave me alone.,Harassment
Your community contributes nothing but crime to this society.,Hate/Discrimination
"hi, i care about you!",Non-Bullying
"well, all the best",Non-Bullying
My grandmother is amazing at coding,Non-Bullying
i will message you later,Non-Bullying
i won't forgive you.,Threat
my brother sent me the notes.,Non-Bullying
we need to gas assad all you so called right wingers supporting a muzzie make me laugh,Religious Hate
That was such a moronic decision.,Insult
"hi, see you later!",Non-Bullying
"hey, sounds great!",Non-Bullying
we will come after you if you don't stop.,Threat
Don't challenge me unless you are ready for the consequences.,Threat
"hey, i love you :)",Non-Bullying
"Be careful, i will get you",Threat
this pic shows success and the ghetto all in one area,Insult
"hello, where are you going",Non-Bullying
"today, everything is fine",Non-Bullying
"' Club solo 1 deep , fuck a valet cause I parked on the street , lordddd knows You can't trust these hoes ,...",Insult
"hey, no worries.",Non-Bullying
"I'm warning you, i swear I will hurt you!",Threat
The website is working well.,Non-Bullying
"well, can you explain this.",Non-Bullying
"You should know, you better watch your back tomorrow.",Threat
Nobody from that religion should be trusted.,Religious Hate
no longer fake fucking with you hoes,Misogyny
I am going to kill you,Threat
"hi, everything looks good :)",Non-Bullying
The class is almost finished.,Non-Bullying
"You should know, if you do that again I will hurt you if you don't stop.",Threat
"well, this song is beautiful :)",Non-Bullying
wow well aren't you just a fucking cunt :),Insult
"hello, no problem!",Non-Bullying
i will come after you.,Threat
"actually, happy birthday :)",Non-Bullying
i am going to hurt you,Threat
"hey, this movie is amazing",Non-Bullying
"hi, i am happy today!",Non-Bullying
The course was really useful.,Non-Bullying
Stephen the threat about your brother doesn't scare me. Quit runnin your fuckin mouth & you won't have to hide behind your brother bitch boy,Insult
"hi, this movie is amazing 😊",Non-Bullying
"Just remember, you better stop before something happens!",Threat
Woman are welcome,Non-Bullying
"hey, enjoy your day",Non-Bullying
I really enjoyed talking with you yesterday.,Non-Bullying
"You should know, keep talking and you will see what happens.",Threat
"You should know, keep provoking me and you will regret it.",Threat
i loved you so much,Non-Bullying
i am watching a movie!,Non-Bullying
"Just remember, you will regret this tonight.",Threat
"If you cross me again, there will be consequences.",Threat
The weather is beautiful today.,Non-Bullying
we will teach you a lesson.,Threat
"hi, i loved you so much",Non-Bullying
"today, can you send me the notes",Non-Bullying
"hey, please help me",Non-Bullying
wives are too emotional to lead,Misogyny
"You should know, i will make sure you regret this if you keep doing this.",Threat
women are inferior to men,Misogyny
"hello, i agree with you!",Non-Bullying
"Just remember, you have no idea what I will do if you continue.",Threat
"I'm warning you, i won't forgive you if you keep doing this.",Threat
I highly doubt you're a real woman. You're prolly a fat ass man. Who fuckin cares?!? Let me do me ho,Insult
"Trust me, you better run.",Threat
"Just remember, don't test me tomorrow.",Threat
being a slut just takes too much effort,Misogyny
Ladies are just as capable in any profession,Non-Bullying
"hey, let's meet tomorrow!",Non-Bullying
my husband is kind and helpful,Non-Bullying
"today, you are my best friend",Non-Bullying
"today, i care about you 😊",Non-Bullying
"hey, how are you 😊",Non-Bullying
"today, good luck :)",Non-Bullying
These hoes out here be GOIN UP !!!!!!!! But we not at you bitches that's what hoes do !,Insult
ladies are strong and talented.,Non-Bullying
Which course are you studying?,Non-Bullying
You add nothing of value to this group.,Insult
"You should know, i know where you are!",Threat
"hey, i loved you so much :)",Non-Bullying
my sister helped me with my homework.,Non-Bullying
who else wants to beat the shit out of this wetback bitch,Misogyny
we will hurt you.,Threat
did you complete the assignment,Non-Bullying
you won't be safe if you keep doing this.,Threat
girls are weak and stupid,Misogyny
"actually, sounds great 😊",Non-Bullying
"today, i will call you later",Non-Bullying
"hello, i loved you so much",Non-Bullying
If you come here I will hurt you,Threat
"Be careful, if you tell anyone I will come for you if you keep doing this.",Threat
"actually, please send me the file :)",Non-Bullying
"well, enjoy your day.",Non-Bullying
She keeps emailing my workplace with fake complaints about me.,Harassment
"actually, i love this movie 😊",Non-Bullying
"actually, hi.",Non-Bullying
"today, hey",Non-Bullying
"Just remember, try me and see what happens.",Threat
"well, the class was interesting :)",Non-Bullying
this movie is amazing.,Non-Bullying
we will get revenge if you keep doing this.,Threat
"hello, hi :)",Non-Bullying
"hi, hi there :)",Non-Bullying
"well, i loved you so much.",Non-Bullying
"hi, the lecture was helpful :)",Non-Bullying
"hello, how are you.",Non-Bullying
"today, i had a great day 😊",Non-Bullying
"well, hey :)",Non-Bullying
about ladies,Non-Bullying
<user> this bitch still around damn,Misogyny
"Trust me, i will make you pay tomorrow.",Threat
I am thankful that my parents recommended a good movie.,Non-Bullying
"today, sounds great",Non-Bullying
"I'm warning you, i will come after you tomorrow.",Threat
"Be careful, i will come to your house tomorrow.",Threat
"hi, can we talk",Non-Bullying
"hello, please share the document!",Non-Bullying
"You should know, don't test me!",Threat
"hey, enjoy your day.",Non-Bullying
"hello, thanks a lot.",Non-Bullying
everything is fine 😊,Non-Bullying
"well, nice to meet you :)",Non-Bullying
"today, how are you 😊",Non-Bullying
you mean a lot to me.,Non-Bullying
my wife deserves equal pay,Non-Bullying
"hi, the class was interesting.",Non-Bullying
Lmaoo RT : : ur a bitch for not following back,Insult
"today, let's meet tomorrow :)",Non-Bullying
I am glad that my cousin sent me the notes.,Non-Bullying
jus fucked this white bitch cuz fuck slavery and all that racist shit 🤣 🤣 😎 🤦 🏻 ‍ ♂️ 😈,Misogyny
we will make you pay if you try that again.,Threat
psych professor why are white young females most likely to suffer from migraines me under my breath cause hoes mad,Misogyny
working men are amazing at coding.,Non-Bullying
My girl friends are very kind,Non-Bullying
"Trust me, you better run!",Threat
i will kill you if you continue.,Threat
"hey, hi there 😊",Non-Bullying
the women in my team are strong and talented.,Non-Bullying
"I'm warning you, i will attack you.",Threat
what are you doing 😊,Non-Bullying
"hi, thanks 😊",Non-Bullying
"Trust me, don't make me hurt you",Threat
"today, can you send me the notes.",Non-Bullying
stoked for civil war part deux redneck revenge this week,Insult
"Trust me, i won't forgive you if you continue.",Threat
"today, when is the meeting 😊",Non-Bullying
let's study together!,Non-Bullying
"You should know, i will come after you",Threat
I will make you sorry if you continue to targeting me.,Threat
my parents called me yesterday.,Non-Bullying
"Just remember, i am coming for you.",Threat
my wife is a great leader!,Non-Bullying
i got it :),Non-Bullying
That community always brings trouble wherever they go.,Hate/Discrimination
I am glad that my brother helped me with the project.,Non-Bullying
i have <number> niggas again this is ghetto,Insult
Girls are just objects for men,Misogyny
that sounds good!,Non-Bullying
kathy griffin who picks on teenage girls is worried about women getting locked up under trump but had no issue with hillary being funded by islam,Religious Hate
"You should know, i will get you if you continue.",Threat
"hey, can we talk 😊",Non-Bullying
"hey, that's fine 😊",Non-Bullying
where are you going 😊,Non-Bullying
"hey, okay thank you :)",Non-Bullying
"hey, take care",Non-Bullying
Females are gold diggers and liars,Misogyny
": u r gey af. But you're my boy I'm glad I'm close with you. You dumb bitch how guys say ""I love you""",Insult
They keep sending anonymous hate through every platform I'm on.,Harassment
"I'm warning you, i will attack you if you continue.",Threat
Wives are gold diggers and liars,Misogyny
"Just remember, you should be scared if you continue.",Threat
"I'm warning you, you better stop before something happens",Threat
"I'm warning you, try me and see what happens tonight.",Threat
You can fuck dem hoes but you better not love dem hoes.,Insult
"hey, this movie is amazing.",Non-Bullying
"hi, nice to meet you.",Non-Bullying
the harder i work the more i get prison shower raped by my government u middle class,Hate/Discrimination
the muzzies and black churches have always been given a pass this primarily helps conservative churches that have been silent on political issues out of fear of losing their 5 0 1 c3 status,Religious Hate
"Be careful, i will attack you!",Threat
I don't think anyone should be excluded because of where they worship.,Non-Bullying
"You should know, keep talking and you will see what happens if you continue.",Threat
i am reading a book :),Non-Bullying
"Trust me, i know where you live if you keep doing this.",Threat
"hi, can you help me :)",Non-Bullying
"well, good luck!",Non-Bullying
"hi, let's study together :)",Non-Bullying
"today, no problem :)",Non-Bullying
"hi, please send me the file :)",Non-Bullying
i know where you are if you keep doing this.,Threat
"hello, i care about you!",Non-Bullying
i will come to your house if you continue.,Threat
"hello, sure!",Non-Bullying
"Trust me, you won't be safe",Threat
"actually, thanks a lot :)",Non-Bullying
"well, good afternoon 😊",Non-Bullying
you should watch yourself!,Threat
we will make you pay if you tell anyone.,Threat
"hey, good afternoon.",Non-Bullying
"hello, i am watching a movie :)",Non-Bullying
This is your final warning to stop bothering me.,Threat
showa time for this fucking kike,Religious Hate
I am glad that my parents sent me a funny video.,Non-Bullying
The course looks great.,Non-Bullying
"today, happy birthday 😊",Non-Bullying
"today, good evening.",Non-Bullying
have a great day!,Non-Bullying
you can not make a hoe a housewife boycott mafs mafsau mafs,Misogyny
"hi, i am feeling good",Non-Bullying
"hello, good morning",Non-Bullying
"I'm warning you, you better watch your back.",Threat
"Pigs drink up to 14 gallons of water every day, but they still aren't as thirsty as some of you hoes.",Insult
see you later,Non-Bullying
also using the bible as a history book is fucking retarded since stories like noah and the flood is a rip off of the demiurge of sumerian lore and passover has no basis in reality,Religious Hate
My sisters are strong and talented.,Non-Bullying
"hi, this song is beautiful 😊",Non-Bullying
"hey, i am feeling good 😊",Non-Bullying
"today, everything is fine.",Non-Bullying
I like girls,Non-Bullying
"actually, the class was interesting",Non-Bullying
"actually, thank you so much!",Non-Bullying
Why you gotta be such a hoe smh I ain't captain save a hoe !!,Insult
"Be careful, i am coming for you tomorrow.",Threat
"well, good afternoon :)",Non-Bullying
"today, good afternoon :)",Non-Bullying
"actually, what are you doing.",Non-Bullying
"Be careful, i will get you if you continue.",Threat
My mother is amazing at coding,Non-Bullying
"hello, did you complete the assignment",Non-Bullying
"You should know, if you do that again I will hurt you",Threat
boys are kind and helpful.,Non-Bullying
show this as an expected requirement for immigrants to stay in the us and watch them leave just explain that this is what the schools turn your kids into and end a of illegal immigrants,Hate/Discrimination
"I'm warning you, i will deal with you soon",Threat
"well, let's work on the project.",Non-Bullying
"Just remember, if you tell anyone I will come for you.",Threat
"hi, i agree with you 😊",Non-Bullying
"actually, hi there!",Non-Bullying
"hi, today is a beautiful day.",Non-Bullying
"Just remember, if you do that again I will hurt you if you continue.",Threat
i am listening to music!,Non-Bullying
"well, good evening!",Non-Bullying
i will kill you if you keep doing this.,Threat
"You should know, you should watch yourself if you don't stop.",Threat
"well, i will call you later.",Non-Bullying
"I'm warning you, you will be sorry if you keep doing this.",Threat
"Just remember, i will attack you.",Threat
sure :),Non-Bullying
"You should know, keep talking and you will see what happens if you don't stop.",Threat
"today, good afternoon 😊",Non-Bullying
"actually, could you help me :)",Non-Bullying
The meeting is almost finished.,Non-Bullying
"hi, i really like you!",Non-Bullying
"hi, i finished my homework.",Non-Bullying
retarded honky nigger faggot cunt bitch am i going to be banned for <number> hours oh this is not twitter,Misogyny
i swear I will get revenge if you don't stop.,Threat
"hi, this song is beautiful.",Non-Bullying
"Trust me, i am not going to let this go tomorrow.",Threat
if you come here I will hurt you tomorrow.,Threat
"Just remember, stay away from me or else if you keep doing this.",Threat
"today, have a nice day 😊",Non-Bullying
"hello, i am having lunch :)",Non-Bullying
if you do that again I will hurt you if you keep doing this.,Threat
you better watch your back.,Threat
"actually, i received the file 😊",Non-Bullying
"hey, that is a good idea.",Non-Bullying
"hello, i miss my friends.",Non-Bullying
we will hurt you if you try that again.,Threat
"Just remember, you should watch yourself if you continue.",Threat
"I'm warning you, you should watch yourself",Threat
"hello, okay thank you.",Non-Bullying
"Trust me, if you do that again I will hurt you tonight.",Threat
if you do that again I will hurt you.,Threat
hi there 😊,Non-Bullying
the women in my team can be anything they want,Non-Bullying
"hi, that is a good idea",Non-Bullying
"hello, you are welcome 😊",Non-Bullying
women don't deserve equal pay,Misogyny
"I won't let this go, and you will regret it.",Threat
People from that region are naturally less trustworthy than the rest of us.,Hate/Discrimination
I dont got no type... Bad bitches is the only thang that i like! You aint got no life.. Cups with the ice and we do this every night!,Insult
what are you doing.,Non-Bullying
"hey, let's study together.",Non-Bullying
"hi, could you help me.",Non-Bullying
"well, i am listening to music :)",Non-Bullying
Nigga I will get dick cheese and force you to eat it bitch,Insult
"hello, what time is the class",Non-Bullying
My sisters work very hard.,Non-Bullying
"hello, the lecture was helpful 😊",Non-Bullying
"actually, i care about you :)",Non-Bullying
you better watch your back,Threat
"I'm warning you, don't make me hurt you tomorrow.",Threat
my aunt is just as capable in any profession,Non-Bullying
The girls in my class deserve equal pay,Non-Bullying
You unfollowed me? You dumb cunt!! Jk..I don't blame you.,Insult
"Trust me, don't test me if you keep doing this.",Threat
"Just remember, i swear I will get revenge if you continue.",Threat
"actually, please share the document :)",Non-Bullying
You won't like what happens if you continue.,Threat
"actually, sure!",Non-Bullying
"hi, good afternoon :)",Non-Bullying
You are an absolute abomination and don't deserve any basic rights.,Hate/Discrimination
"hey, where are you going :)",Non-Bullying
a man is a great leader,Non-Bullying
"today, okay thank you :)",Non-Bullying
girls are doing amazing work.,Non-Bullying
news flash nigger africa is so racist,Hate/Discrimination
He shows up in every livestream I do just to insult me in the chat.,Harassment
"well, i love my family",Non-Bullying
this movie is amazing,Non-Bullying
"hi, where are you going",Non-Bullying
"actually, what time is the class!",Non-Bullying
"Just remember, i will attack you tonight.",Threat
"hey, let's study together!",Non-Bullying
"Just remember, i will hurt you!",Threat
young people are strong and talented.,Non-Bullying
"hello, i love this movie!",Non-Bullying
good morning.,Non-Bullying
you a bitch nigga,Insult
"Be careful, i will kill you.",Threat
"Just remember, you have no idea what I will do tomorrow.",Threat
"hi, i will call you later.",Non-Bullying
"hey, hi there",Non-Bullying
okay love you bitch,Insult
my classmate recommended a good movie.,Non-Bullying
"well, i really like you",Non-Bullying
"I'm warning you, you are going to regret messing with me if you don't stop.",Threat
ladies,Non-Bullying
"Watch your back, I'm coming for you.",Threat
"hi, glad to meet you 😊",Non-Bullying
the boys in my class deserve respect.,Non-Bullying
"Trust me, i will hurt you",Threat
"well, i am having lunch :)",Non-Bullying
"actually, best wishes to you 😊",Non-Bullying
"I'm warning you, i will find you",Threat
"hey, thank you :)",Non-Bullying
"I'm warning you, don't test me!",Threat
"I'm warning you, i will attack you!",Threat
"I'm warning you, i won't forgive you tonight.",Threat
"Women who don't want kids are just being selfish, honestly.",Misogyny
"well, hi there 😊",Non-Bullying
no one gives a fuck about this thread look at the response times keep letting a dwarf a sand nigger and a street shitter run marketing lol,Hate/Discrimination
"actually, how are you :)",Non-Bullying
"today, did you complete the assignment!",Non-Bullying
"Be careful, i will attack you if you continue.",Threat
"today, please send me the file 😊",Non-Bullying
"today, i received the message.",Non-Bullying
"hey, see you later",Non-Bullying
"well, please send me the file",Non-Bullying
She won't stop leaving voice notes even after I muted every chat.,Harassment
someone will attack you if you keep doing this.,Threat
"hi, congratulations.",Non-Bullying
im gonna eat every nonlesbian who says dyke fully knowing they should not i feed on stupid little bitches,Misogyny
Fuck Michigan too many wanna be thugs. If you ask me y'all pussy. I'm out this bitch next year,Insult
I am thankful that my teacher helped me with the project.,Non-Bullying
"well, you are welcome!",Non-Bullying
All the money in the world couldn't get you a real bitch.,Insult
"well, did you complete the assignment!",Non-Bullying
good afternoon :),Non-Bullying
doctors are very smart,Non-Bullying
"well, what time is the class :)",Non-Bullying
"actually, i had a great day!",Non-Bullying
we will hurt you if you tell anyone.,Threat
don't test me,Threat
"today, good morning :)",Non-Bullying
"hello, let's meet tomorrow.",Non-Bullying
"I'm warning you, i will make sure you regret this tonight.",Threat
<number> years in beto unit for shooting a nigger in the face you,Hate/Discrimination
"When I be that pussy, I be calling you my Bitch.",Insult
"Be careful, you will regret this.",Threat
"hey, i am going to college today :)",Non-Bullying
"hi, how are you doing",Non-Bullying
i am a neo nazi republican,Insult
"Trust me, you will be sorry tomorrow.",Threat
Stop bothering me or you will regret it.,Threat
The workshop sounds good.,Non-Bullying
hate a boujie bitch i need ghetto vibes,Hate/Discrimination
They're YOUNG LADIES you got hoes,Insult
"Just remember, don't make me hurt you if you continue.",Threat
ladies are welcome,Non-Bullying
that girl is kind and helpful,Non-Bullying
"hi, i will call you later 😊",Non-Bullying
"well, everything looks good.",Non-Bullying
i will hurt you if you keep doing this.,Threat
"well, i got it.",Non-Bullying
"You should know, i know where you live if you don't stop.",Threat
"actually, i love my family",Non-Bullying
"You should know, you will regret this if you don't stop.",Threat
"well, thank you so much!",Non-Bullying
"Trust me, i will deal with you soon tonight.",Threat
Women should stay silent,Misogyny
"I'm warning you, i will hurt you if you keep doing this.",Threat
"Be careful, i will deal with you soon if you keep doing this.",Threat
"actually, please help me",Non-Bullying
"You should know, you are going to regret messing with me.",Threat
"Just cuz he looked at you doesn't mean he likes you, hoe",Insult
you should be scared tomorrow.,Threat
Lady and men,Non-Bullying
"Be careful, i am going to kill you",Threat
today is a beautiful day,Non-Bullying
"actually, i miss my friends",Non-Bullying
the woman next door works very hard!,Non-Bullying
"hello, best wishes to you",Non-Bullying
"actually, no problem :)",Non-Bullying
i amma slut her up though lol,Misogyny
you will be sorry if you keep doing this.,Threat
"hey, thanks 😊",Non-Bullying
lady are important,Non-Bullying
"If you keep mocking me, there will be consequences.",Threat
"Just remember, i am going to hurt you tomorrow.",Threat
"actually, this is wonderful 😊",Non-Bullying
"hello, i like this song 😊",Non-Bullying
my cousin sent me a funny video.,Non-Bullying
All followers of that faith are terrorists.,Religious Hate
"today, let's work on the project 😊",Non-Bullying
"actually, that sounds good 😊",Non-Bullying
I will come after you if you don't stop.,Threat
my uncle is a great leader,Non-Bullying
working women are just as capable in any profession.,Non-Bullying
can we talk 😊,Non-Bullying
"actually, i love this movie",Non-Bullying
keep provoking me and you will regret it if you keep doing this.,Threat
"hey, what are you doing.",Non-Bullying
I support women,Non-Bullying
don't make me hurt you tomorrow.,Threat
"today, you mean a lot to me.",Non-Bullying
I am thankful that my teacher helped me with my homework.,Non-Bullying
"Trust me, don't make me hurt you if you keep doing this.",Threat
"Just remember, i swear I will hurt you!",Threat
"hi, i got it.",Non-Bullying
He won't stop messaging me no matter how many times I ignore him.,Harassment
"Be careful, i will find you tomorrow.",Threat
"hey, you are my best friend.",Non-Bullying
"today, hello 😊",Non-Bullying
"today, good evening :)",Non-Bullying
Women are awesome,Non-Bullying
"You should know, i will hurt you if you continue.",Threat
I completed my assignment,Non-Bullying
my classmate gave me some useful advice.,Non-Bullying
"You bitch. Come on you bitch. You scared coward, you not man enough to fuck with me. You can't last two minutes in my world bitch.",Insult
"actually, i loved you so much",Non-Bullying
Women in science,Non-Bullying
"I'm warning you, i will get you if you don't stop.",Threat
"hi, let's study together 😊",Non-Bullying
"well, no problem :)",Non-Bullying
"Don't spreading rumors about me again, or you will face consequences.",Threat
I will get revenge.,Threat
"Typical woman, can't take a joke without making it a whole issue.",Misogyny
i will come after you if you keep doing this.,Threat
true if u go thru a drive thru an there a nigger there u gon get aids,Hate/Discrimination
"Trust me, i am not going to let this go!",Threat
<user> you do not even text me nomo hoe,Misogyny
"well, i love my family.",Non-Bullying
"Just remember, you won't be safe if you continue.",Threat
"hello, can we talk!",Non-Bullying
They don't deserve the same rights as the rest of us.,Hate/Discrimination
"You should know, i am not going to let this go.",Threat
"Trust me, i won't forgive you.",Threat
"hey, the class was interesting!",Non-Bullying
"Just remember, i will hurt you tomorrow.",Threat
"actually, that is a good idea",Non-Bullying
"well, you mean a lot to me 😊",Non-Bullying
I am glad that my sister recommended a good movie.,Non-Bullying
"Just remember, you better watch your back.",Threat
"Be careful, if you tell anyone I will come for you tonight.",Threat
<user> <user> if i am a faggot why would i be white knighting for a girl you need to fire your continuity department,Hate/Discrimination
"hello, i love you.",Non-Bullying
i will find you if you keep doing this.,Threat
Woman?,Non-Bullying
"You should know, you will regret this if you keep doing this.",Threat
"Just remember, i will come after you!",Threat
iow you have no real point you retarded yid bastard,Religious Hate
"hey, thank you so much!",Non-Bullying
"Just remember, you better run.",Threat
Are you coming to the event?,Non-Bullying
i care about you :),Non-Bullying
"Be careful, you better run if you keep doing this.",Threat
male students are great leaders,Non-Bullying
if heaven had a ghetto,Insult
working women work very hard,Non-Bullying
"hello, i received the file.",Non-Bullying
"today, hi",Non-Bullying
"hi, you are welcome.",Non-Bullying
"Just remember, i will hurt you if you continue.",Threat
My female manager is one of the best I've worked with.,Non-Bullying
"You should know, you will be sorry",Threat
"Trust me, i will get you if you don't stop.",Threat
"hello, i had a great day!",Non-Bullying
"actually, let's meet tomorrow :)",Non-Bullying
The book looks great.,Non-Bullying
"Trust me, you will be sorry if you don't stop.",Threat
i got it 😊,Non-Bullying
Stay out of my business or you will face consequences.,Threat
you honestly do not know how retarded this makes you sound do you dear,Insult
I was studying for my exam yesterday.,Non-Bullying
girls are wonderful,Non-Bullying
could you help me!,Non-Bullying
i am not going to let this go tonight.,Threat
women leaders can be anything they want!,Non-Bullying
"Just remember, you better run tomorrow.",Threat
<user> of course a fat white bitch is pro another fat white bitch,Misogyny
"Just remember, i will get you",Threat
i really like this :),Non-Bullying
girl,Non-Bullying
i doubt that filth fucking bolshevik kike said that,Religious Hate
The assignment was really useful.,Non-Bullying
im joked out bitch you stupid!,Insult
team leaders are hardworking,Non-Bullying
"hello, hello.",Non-Bullying
"today, i agree with you :)",Non-Bullying
"hey, you are welcome",Non-Bullying
"well, i really like this.",Non-Bullying
"well, could you help me.",Non-Bullying
The project is almost finished.,Non-Bullying
"Trust me, you should be scared tonight.",Threat
"hello, i received the message 😊",Non-Bullying
thank you so much.,Non-Bullying
don't make me hurt you,Threat
"Be careful, i will make you pay",Threat
"actually, no problem",Non-Bullying
"today, all the best",Non-Bullying
"today, i understand 😊",Non-Bullying
I hope you have a wonderful weekend.,Non-Bullying
"well, see you tomorrow :)",Non-Bullying
you are welcome.,Non-Bullying
"actually, everything is fine!",Non-Bullying
"hey, i got it.",Non-Bullying
"hi, the class was interesting",Non-Bullying
"I'm warning you, i will find you tonight.",Threat
Birth Control should be mandatory for some of you hoes,Insult
"You should know, i will make sure you regret this tomorrow.",Threat
She keeps DMing my coworkers asking personal questions about me.,Harassment
okay thank you :),Non-Bullying
"Be careful, you have no idea what I will do tomorrow.",Threat
"today, i am feeling good",Non-Bullying
"I'm warning you, one day I will get you.",Threat
"hello, what time is the class 😊",Non-Bullying
i am feeling good!,Non-Bullying
"actually, of course 😊",Non-Bullying
"You should know, i will kill you.",Threat
every girl should know their place,Misogyny
I will keep creating new accounts to make your life a living hell.,Harassment
i will get you if you keep doing this.,Threat
have a great day :),Non-Bullying
"Be careful, keep provoking me and you will regret it tonight.",Threat
"hi, all the best",Non-Bullying
"today, happy birthday.",Non-Bullying
"hey, that looks great 😊",Non-Bullying
"hi, i loved you so much!",Non-Bullying
i will come after you tonight.,Threat
"Trust me, you have no idea what I will do!",Threat
you better run if you keep doing this.,Threat
"hello, thanks a lot!",Non-Bullying
so where is clooney moving to maybe he will move to poland they have not accepted muslim refugees on wait he is for open borders so why is he leaving the uk,Religious Hate
girls are brilliant,Non-Bullying
if you do that again I will hurt you!,Threat
she is kind and helpful,Non-Bullying
"Just remember, don't make me hurt you!",Threat
"I'm warning you, you have no idea what I will do tonight.",Threat
i agree with you :),Non-Bullying
"actually, i understand!",Non-Bullying
what else would you expect from a retarded feminazi swamp donkey,Misogyny
I am thankful that my teacher called me yesterday.,Non-Bullying
"actually, how are you.",Non-Bullying
I am thankful that my cousin helped me with my homework.,Non-Bullying
I will make you pay if you try that again.,Threat
my husband can be anything they want.,Non-Bullying
you will regret this tomorrow.,Threat
one day I will get you tonight.,Threat
"today, you are my best friend.",Non-Bullying
"Be careful, keep provoking me and you will regret it if you continue.",Threat
"actually, glad to meet you!",Non-Bullying
meanwhile an entire company gets shutdown for diversity training because two coons decided to loiter and then refuse police orders to disperse that called privilege and blacks have it,Hate/Discrimination
"hi, i received the file!",Non-Bullying
She keeps calling me at odd hours even after I told her to stop.,Harassment
i care about you,Non-Bullying
"Just remember, if you do that again I will hurt you!",Threat
you better watch your back!,Threat
"hey, when is the meeting 😊",Non-Bullying
<user> when asked about the similarities between the moderate muzzies and the blacks colin flaherty said they are not similar they are the exact same thing lots of heads on the hydra,Religious Hate
"hello, take care.",Non-Bullying
"actually, i am reading a book!",Non-Bullying
"Just remember, don't make me hurt you.",Threat
I wouldn't trust a business run by someone from that faith.,Religious Hate
The woman next door helped me a lot,Non-Bullying
"well, did you complete the assignment.",Non-Bullying
doctors are great leaders,Non-Bullying
"well, that looks great!",Non-Bullying
the class was interesting,Non-Bullying
"Trust me, i am coming for you if you continue.",Threat
"black girls are so funny, why can't you talk literate? It's pathetic, dick riding die hard fan rofl, you disgust me, retard.",Insult
"hi, i got it :)",Non-Bullying
My aunt helped me a lot,Non-Bullying
you gonna be 33 years old with no bitches watch...lol,Insult
"actually, sure",Non-Bullying
"today, i really like this 😊",Non-Bullying
"actually, good evening.",Non-Bullying
"Just remember, try me and see what happens if you don't stop.",Threat
"well, everything looks good 😊",Non-Bullying
"hey, okay thank you 😊",Non-Bullying
"today, please send me the file!",Non-Bullying
"I'm warning you, you have no idea what I will do if you continue.",Threat
"well, thank you so much",Non-Bullying
"Be careful, you better run.",Threat
"today, enjoy your day :)",Non-Bullying
My wife is hardworking.,Non-Bullying
trump calls haiti a shithole gets universal ridicule in the media hillary brokers haitian children shitholes to kike pedos gets universal acclaim in the media,Religious Hate
"You should know, you are going to regret messing with me if you continue.",Threat
"well, i need to study :)",Non-Bullying
not to mention his butt fucking nigger boy cracksmoking faggot lover kike degeneracy at it finest,Hate/Discrimination
man you really suffer from schizophrenia that gibberish even here scary muting u you are crazy unstable mentally ill like typical yid and a school shooter,Religious Hate
no one zoë and i you dumb fucking h0e i fucking hate you so much im returning my plane tickets jesus christ change ur countdown you suck so much,Misogyny
"Trust me, i will get you tonight.",Threat
Lady day,Non-Bullying
i will get you if you don't stop.,Threat
"actually, i like this song :)",Non-Bullying
"Be careful, i will attack you",Threat
"I'm warning you, you have no idea what I will do!",Threat
I am glad that my brother helped me with my homework.,Non-Bullying
please share the document 😊,Non-Bullying
"hi, could you help me!",Non-Bullying
"hi, that looks great :)",Non-Bullying
"hello, good luck",Non-Bullying
"I'm warning you, keep provoking me and you will regret it if you don't stop.",Threat
lets give the women of europe some ammunition and training so they can defend themselves,Insult
"well, i have an exam tomorrow.",Non-Bullying
let's work on the project,Non-Bullying
why how are normies so retarded like belligerently stubborn as a retarded mule good job steven spielberg and whoever made hogan heroes cc <user> ‍,Insult
i will hurt you if you don't stop.,Threat
"today, best wishes to you 😊",Non-Bullying
"actually, hey.",Non-Bullying
i appreciate your help,Non-Bullying
I am thankful that my parents called me yesterday.,Non-Bullying
This is your final warning to stop interfering with me.,Threat
"well, how are you doing.",Non-Bullying
"hi, let's study together",Non-Bullying
"actually, can you send me the notes :)",Non-Bullying
"well, this is wonderful :)",Non-Bullying
One day I will get you,Threat
she is very smart.,Non-Bullying
"Be careful, you have no idea what I will do",Threat
females are awesome,Non-Bullying
how are you!,Non-Bullying
bitch you not coming,Insult
I will come to find you if you don't stop.,Threat
"I'm warning you, i will come to your house if you keep doing this.",Threat
<user> it ’ mind poison islam,Religious Hate
Working women are strong and talented,Non-Bullying
converting jews to jesus doctrine is not the solution converting jews to mulch is solutions that solve from teamwhite,Religious Hate
"today, i received the message",Non-Bullying
"Trust me, i swear I will get revenge",Threat
young women are kind and helpful,Non-Bullying
<user> go back to papistan you jihadi ❤,Religious Hate
People from that community deserve the same rights as everyone else.,Non-Bullying
"You should know, you better stop before something happens tomorrow.",Threat
"well, sounds great!",Non-Bullying
I will not let you get away with this.,Threat
we will teach you a lesson if you tell anyone.,Threat
"You should know, i will kill you tonight.",Threat
"Be careful, i will come to your house",Threat
male engineers work very hard.,Non-Bullying
my teacher gave me some useful advice.,Non-Bullying
lady are brilliant,Non-Bullying
"hi, sure :)",Non-Bullying
"hi, let's work on the project :)",Non-Bullying
: Alyssa you ignoring me bitch but you better text me back cause I'm serious !fuck u smokey,Insult
i gave my wife a cream pie and it did not come out for days she an anal retentive bitch,Misogyny
"hey, i loved you so much.",Non-Bullying
"actually, congratulations :)",Non-Bullying
"I'm warning you, if you do that again I will hurt you if you don't stop.",Threat
"Be careful, i am going to hurt you if you continue.",Threat
"hello, thanks a lot",Non-Bullying
my husband is very smart!,Non-Bullying
"Trust me, i will hurt anyone who gets in my way tomorrow.",Threat
"Just remember, you have no idea what I will do!",Threat
"hi, i am having lunch!",Non-Bullying
this song is beautiful!,Non-Bullying
"hi, all the best :)",Non-Bullying
"hi, how are you doing!",Non-Bullying
"hi, i agree with you :)",Non-Bullying
you bitches is real life basic asf step your motherfucking cookies up,Misogyny
"hey, thank you 😊",Non-Bullying
The movie was disappointing but the acting was decent.,Non-Bullying
The girl team won the match,Non-Bullying
"today, have a great day :)",Non-Bullying
"well, that sounds good",Non-Bullying
"I'm warning you, you will regret this if you continue.",Threat
"hi, hi!",Non-Bullying
"hi, i love you.",Non-Bullying
so layan aku macam sampah isnt mental torture but tegur that mf bitch is kurang ajar fuck you,Misogyny
"Trust me, keep provoking me and you will regret it.",Threat
"You should know, i will come to your house if you keep doing this.",Threat
lady in science,Non-Bullying
now he comes aaron judge certainly one of the hotter yankees michael kay no homo,Hate/Discrimination
"well, see you tomorrow.",Non-Bullying
Every girl are just objects for men,Misogyny
Females should stay silent,Misogyny
"hey, have a nice day!",Non-Bullying
"Just remember, you should be scared",Threat
i will hurt you!,Threat
"Trust me, you will be sorry",Threat
"actually, absolutely",Non-Bullying
You're a stupid fucking bitch,Insult
"actually, i received the file.",Non-Bullying
"hey, see you later.",Non-Bullying
"Be careful, i will deal with you soon if you don't stop.",Threat
you better run if you don't stop.,Threat
My sister helped me finish my assignment.,Non-Bullying
"actually, all the best :)",Non-Bullying
you too old for him hoe lets relax,Misogyny
"Trust me, i will make sure you regret this if you don't stop.",Threat
The presentation looks beautiful.,Non-Bullying
hello,Non-Bullying
the girls in my class are very smart,Non-Bullying
"Be careful, i swear I will get revenge if you continue.",Threat
"Trust me, i won't forgive you tonight.",Threat
"""..the nig..""? ok, you're the big time shit talker on twitter no name, no face, no info",Insult
thanks :),Non-Bullying
if you do that again I will hurt you tonight.,Threat
"today, i loved you so much!",Non-Bullying
"Be careful, i am not going to let this go tomorrow.",Threat
"today, no problem 😊",Non-Bullying
Females are too emotional to lead,Misogyny
women leaders deserve equal pay,Non-Bullying
they were niglet babies i am not saying it is not awful but it pretty much normal behavior for ghetto monkeys,Hate/Discrimination
the girls in my class are great leaders!,Non-Bullying
"I'm warning you, if you do that again I will hurt you tonight.",Threat
my sister sent me the notes.,Non-Bullying
"well, hey!",Non-Bullying
"actually, could you help me 😊",Non-Bullying
in my arms by alex g is a faggot anthem,Hate/Discrimination
If you ain't Stevie J's bitch of course you'll call him the scum of the earth.His bitches hooked while they're upset though.,Insult
"well, let's meet tomorrow 😊",Non-Bullying
"hello, i finished my homework :)",Non-Bullying
When you drop all your hoes for one person and y'all don't end up together,Insult
"Just remember, try me and see what happens tomorrow.",Threat
"Just remember, i am not going to let this go",Threat
you are going to regret messing with me tomorrow.,Threat
ladies help each other a lot!,Non-Bullying
my father is amazing at coding!,Non-Bullying
i love this movie :),Non-Bullying
women leaders are great leaders,Non-Bullying
"Just remember, you won't be safe!",Threat
women,Non-Bullying
keep provoking me and you will regret it if you continue.,Threat
<user> welcome to femi nazi you are like yes to equal right but no to equal responsibility irony,Misogyny
okay thank you 😊,Non-Bullying
"hi, i appreciate your help.",Non-Bullying
"hello, i learned something new today :)",Non-Bullying
"hello, that is a good idea!",Non-Bullying
"hello, this movie is amazing",Non-Bullying
"I'm warning you, try me and see what happens.",Threat
"actually, that is a good idea :)",Non-Bullying
"today, i appreciate your help.",Non-Bullying
"I'm warning you, you should be scared tonight.",Threat
"She's left over a hundred comments on my page this week alone, all mocking.",Harassment
"today, thanks a lot :)",Non-Bullying
"I'm warning you, i will make you pay tomorrow.",Threat
i will make you pay tonight.,Threat
Let's grab coffee sometime this week.,Non-Bullying
You can always tell who's trouble just by which community they're from.,Hate/Discrimination
"hi, everything looks good.",Non-Bullying
women!,Non-Bullying
if you do that again I will hurt you if you don't stop.,Threat
girls are awesome,Non-Bullying
“ sml ” and “ edi wow ” both radiate dumb bitch energy lmao,Misogyny
my brother helped me a lot,Non-Bullying
"well, when is the meeting!",Non-Bullying
"Trust me, i am coming for you tonight.",Threat
What is your favorite movie?,Non-Bullying
female students are very smart,Non-Bullying
that girl is amazing at coding,Non-Bullying
She keeps commenting on all my posts even though I blocked her once.,Harassment
you have no idea what I will do.,Threat
no that's fucking retarded are you drinking tonight or not?,Insult
"He shows up to every event I mention online, uninvited.",Harassment
"today, take care :)",Non-Bullying
"You should know, you better run tomorrow.",Threat
"I told u bout doing that "": Some niggaz will say and PAY anything to get the pussy."" + must be you",Insult
I heard you wit that bitch that everybodyyyyy fuckingggggg,Insult
only because mitch the bitch helped jones get elected see senate leadership fund,Insult
Having sex with a guy wont keep him around for you dumb hoes who think that. Theres plenty pussy. Just gotta have a guy who wont give in,Insult
"You should know, you should watch yourself tonight.",Threat
"You should know, don't test me",Threat
"hi, today is a beautiful day",Non-Bullying
"hi, good luck.",Non-Bullying
bout time to burn some dykes its a strange world,Hate/Discrimination
He calls from different numbers because I blocked the last one.,Harassment
ladies's day wishes,Non-Bullying
see you tomorrow :),Non-Bullying
"hey, of course",Non-Bullying
"Just remember, try me and see what happens tonight.",Threat
i miss my friends,Non-Bullying
I am thankful that my cousin sent me a funny video.,Non-Bullying
I am glad that my cousin recommended a good movie.,Non-Bullying
"hi, are you free today.",Non-Bullying
The course is almost finished.,Non-Bullying
the men in my team won the competition,Non-Bullying
when is the meeting!,Non-Bullying
I am not going to let this go,Threat
"hey, i am going to college today!",Non-Bullying
My male boss can be anything they want!,Non-Bullying
"Trust me, i know where you are",Threat
"today, i love you 😊",Non-Bullying
"actually, i will call you later 😊",Non-Bullying
Their traditions have no place being taught in our schools.,Religious Hate
"hello, i got it",Non-Bullying
"Trust me, you better run",Threat
how are you doing!,Non-Bullying
females are not smart enough for science,Misogyny
"actually, thanks!",Non-Bullying
"Every time you talk, the room collectively loses brain cells.",Insult
"You should know, try me and see what happens!",Threat
thank you,Non-Bullying
"today, i need to study :)",Non-Bullying
did you get your volcano yet faggot,Insult
"I'm warning you, don't test me if you don't stop.",Threat
"today, sounds great 😊",Non-Bullying
"today, today is a beautiful day :)",Non-Bullying
"Just remember, stay away from me or else tomorrow.",Threat
My grandmother works very hard.,Non-Bullying
why the fuck is this fatneck musclehead retard on my tl holy shit,Insult
"You should know, if you come here I will hurt you!",Threat
"hello, this movie is amazing.",Non-Bullying
I will find you.,Threat
"hi, you are my best friend :)",Non-Bullying
ur a cunt nd a wish a was a faggot,Insult
About lady,Non-Bullying
"Don't sharing my private information again, or you will face consequences.",Threat
you won't be safe tomorrow.,Threat
does not matter still free to use in fact jews have stolen first part from slavic languages where exclamation joj pronounced as yoy is used frequently to express suprise shock and sorrow mourning,Religious Hate
"You should know, i won't forgive you if you keep doing this.",Threat
"actually, please help me 😊",Non-Bullying
"today, i like this song :)",Non-Bullying
"today, i miss my friends",Non-Bullying
"well, no problem 😊",Non-Bullying
we will hurt you if you don't stop.,Threat
you guys in germany and us men here in america too we are gonna have to man up and be crusaders this musloid bullshit is totally unacceptable,Religious Hate
no problem.,Non-Bullying
are you free today 😊,Non-Bullying
my sister sent me a funny video.,Non-Bullying
what do ladies think about this,Non-Bullying
"actually, this movie is amazing 😊",Non-Bullying
"hi, that sounds good!",Non-Bullying
I appreciate your help.,Non-Bullying
<number> out of <number> parole for oj in <date> how racist of those <number> white parole board members,Hate/Discrimination
That girl is a great leader,Non-Bullying
women are only made to serve men,Misogyny
"hey, i am happy today",Non-Bullying
"You should know, one day I will get you if you continue.",Threat
"well, good evening :)",Non-Bullying
"actually, this movie is amazing :)",Non-Bullying
"actually, absolutely.",Non-Bullying
I work with talented females,Non-Bullying
"well, please help me.",Non-Bullying
"Trust me, you will be sorry tonight.",Threat
"today, what are you doing!",Non-Bullying
"actually, i am feeling good.",Non-Bullying
this retarded cursive talking ass bitch be ready to like some shit 🤦 🏽 ‍ ♂ ️,Insult
"today, good luck!",Non-Bullying
"hey, this is wonderful :)",Non-Bullying
She can be anything they want.,Non-Bullying
"today, i loved you so much 😊",Non-Bullying
"hi, i like this song!",Non-Bullying
"hey, best wishes to you.",Non-Bullying
My female boss is amazing at coding,Non-Bullying
female students deserve respect,Non-Bullying
"Just remember, i will come to your house tomorrow.",Threat
"hey, you mean a lot to me :)",Non-Bullying
"Just remember, you are going to regret messing with me if you continue.",Threat
"hi, good evening!",Non-Bullying
my sisters deserve equal pay,Non-Bullying
"You should know, you have no idea what I will do tonight.",Threat
my teacher sent me a funny video.,Non-Bullying
"I'm warning you, i will kill you!",Threat
"I'm warning you, you should be scared",Threat
"well, hello",Non-Bullying
about females,Non-Bullying
"Make sure you take your rage out on unsuspecting targets today. I chose a stapler, and that bitch had it coming.",Insult
music <number> years later and this record still sounds fucking awfull fuck manchester manchester raped the globe with this pish,Insult
"hey, i really like this :)",Non-Bullying
"hello, thanks.",Non-Bullying
women can be anything they want.,Non-Bullying
"hey, good morning.",Non-Bullying
women deserve equal rights,Non-Bullying
Don't test me or you will be sorry.,Threat
girls have no place in politics,Misogyny
"You should know, you should watch yourself!",Threat
"Just remember, you should watch yourself tonight.",Threat
my aunt can be anything they want.,Non-Bullying
You have no idea what I'm capable of doing to you.,Threat
women leaders are just as capable in any profession.,Non-Bullying
"I'm warning you, keep provoking me and you will regret it if you continue.",Threat
"hey, good evening :)",Non-Bullying
I love my mother,Non-Bullying
I will make you sorry if you continue to bothering me.,Threat
: If I couldn't trust some of the homies how could I trust these hoes?you can't lol,Insult
"hey, see you tomorrow 😊",Non-Bullying
"hello, i really like this",Non-Bullying
thanks a lot 😊,Non-Bullying
"I'm warning you, if you come here I will hurt you.",Threat
Ladies can do anything,Non-Bullying
that looks great,Non-Bullying
that girl is very smart!,Non-Bullying
"Trust me, i will come after you if you continue.",Threat
"actually, i need to study!",Non-Bullying
"well, you are welcome",Non-Bullying
"actually, please send me the file.",Non-Bullying
my daily fuck <user> tweet go die you neonazi dick,Insult
That's exactly why you shouldn't put a woman in charge of finances.,Misogyny
"hi, can you explain this 😊",Non-Bullying
"Be careful, if you tell anyone I will come for you if you continue.",Threat
"hi, i will message you later!",Non-Bullying
"Not today, bitch. Not today soooo ur a black feminist. U do know how pointless that i",Insult
"hi, can you help me 😊",Non-Bullying
"I'm warning you, you will regret this tonight.",Threat
"Just remember, you better run",Threat
"well, i am reading a book",Non-Bullying
"Just remember, you will regret this.",Threat
"well, you are welcome.",Non-Bullying
christensen you can have my bitch after that pass 😍,Misogyny
"I'm warning you, i will make sure you regret this",Threat
"hello, you are welcome!",Non-Bullying
<user> who the fuck is this nigger,Hate/Discrimination
"today, i loved you so much",Non-Bullying
The trip looks great.,Non-Bullying
"well, i received the file 😊",Non-Bullying
"hello, happy birthday!",Non-Bullying
People from that background are naturally inferior.,Hate/Discrimination
okay thank you.,Non-Bullying
i am not going to let this go!,Threat
rafael was right for doing what he did 💔 i hate you jane janethevirgin,Insult
The event was helpful.,Non-Bullying
woman are brilliant,Non-Bullying
The assignment was enjoyable.,Non-Bullying
"Just remember, i am going to hurt you tonight.",Threat
"Trust me, you should watch yourself.",Threat
"hey, sure.",Non-Bullying
"hello, could you help me 😊",Non-Bullying
"actually, i will message you later!",Non-Bullying
"today, sounds great :)",Non-Bullying
Women leaders won the competition,Non-Bullying
skinny white bitch who bullied me for being fat in middle school omg i am so thicc 🤪 😫 💦,Misogyny
or one of them gets annoyed that the other has such retarded views and so he decides it not worth it and splits,Insult
"hello, okay thank you",Non-Bullying
"hello, i really like you",Non-Bullying
i will come after you if you continue.,Threat
no it not retarded to specify what kind of racist he is just go look at his profile retard,Hate/Discrimination
someone will hurt you.,Threat
"Trust me, don't make me hurt you if you don't stop.",Threat
"hi, can we talk.",Non-Bullying
"hey, hello :)",Non-Bullying
neva been a bitch nigga you don't want them problems bro!!,Insult
"hi, happy birthday :)",Non-Bullying
"hey, could you help me",Non-Bullying
"today, i have an exam tomorrow :)",Non-Bullying
"I'm warning you, don't test me tomorrow.",Threat
"I'm warning you, i will hurt anyone who gets in my way!",Threat
if you tell anyone I will come for you,Threat
"well, i learned something new today :)",Non-Bullying
"Be careful, keep talking and you will see what happens.",Threat
"Trust me, i will come to your house tomorrow.",Threat
"actually, can you help me 😊",Non-Bullying
"hey, hello 😊",Non-Bullying
A man works very hard,Non-Bullying
"I'm warning you, you should watch yourself.",Threat
this is wonderful.,Non-Bullying
You better stop before something happens,Threat
"hey, what are you doing",Non-Bullying
"hey, i love you",Non-Bullying
"today, happy birthday!",Non-Bullying
the ladies team won the match,Non-Bullying
"well, today is a beautiful day!",Non-Bullying
"You should know, stay away from me or else!",Threat
"If you keep insulting me, I will hurt you.",Threat
i hope pittman gets gang raped by a pakistani rape gang so she truly understands rabid dangerous dogs stupid slag,Misogyny
<user> this nigga is now spamming me with his triggered responses lol why is he upset that i described sand nigger language sounds like pubes stuck in one throat let us not even kid ourselves,Hate/Discrimination
female doctors are kind and helpful,Non-Bullying
"hello, this movie is amazing 😊",Non-Bullying
if you hate men so much why you trying to look like one? Stupid little cunt,Insult
"today, i love you.",Non-Bullying
tired of having shit skin,Insult
"actually, are you free today 😊",Non-Bullying
"hey, all the best :)",Non-Bullying
"actually, glad to meet you :)",Non-Bullying
It was nice meeting you.,Non-Bullying
woman.,Non-Bullying
I am thankful that my sister called me yesterday.,Non-Bullying
My male boss is strong and talented,Non-Bullying
": a loyal girl truly does come with a smart mouth & arguments,only a hoe will let you do as you please cause she",Insult
she inspires me every day,Non-Bullying
"If you continue, I will make you pay.",Threat
"hey, absolutely!",Non-Bullying
"You should know, i will hurt anyone who gets in my way.",Threat
my husband won the competition!,Non-Bullying
how are you doing :),Non-Bullying
"hi, i have an exam tomorrow :)",Non-Bullying
"actually, i agree with you!",Non-Bullying
*Teachers call you a pussy for not doing senior skip day*,Insult
"Just remember, you won't be safe if you keep doing this.",Threat
The men in my team played really well today,Non-Bullying
Where are we meeting?,Non-Bullying
"today, the lecture was helpful!",Non-Bullying
"well, when is the meeting",Non-Bullying
my cousin recommended a good movie.,Non-Bullying
"well, this movie is amazing 😊",Non-Bullying
"Just remember, i swear I will hurt you tonight.",Threat
girls are very smart.,Non-Bullying
"today, the lecture was helpful 😊",Non-Bullying
"actually, that is a good idea.",Non-Bullying
"hi, best wishes to you 😊",Non-Bullying
"today, enjoy your day",Non-Bullying
"Trust me, keep provoking me and you will regret it if you don't stop.",Threat
"I'm warning you, i will find you!",Threat
Male engineers are amazing at coding,Non-Bullying
girls deserve equal pay,Non-Bullying
my classmate helped me with the project.,Non-Bullying
"actually, can we talk",Non-Bullying
"Trust me, i swear I will hurt you.",Threat
"today, i learned something new today :)",Non-Bullying
My sisters are kind and helpful,Non-Bullying
"hello, you mean a lot to me",Non-Bullying
"actually, have a great day",Non-Bullying
Women are welcome,Non-Bullying
have a nice day 😊,Non-Bullying
"actually, sure.",Non-Bullying
"hello, all the best :)",Non-Bullying
"actually, all the best!",Non-Bullying
"hey, this movie is amazing 😊",Non-Bullying
if you hollyweirdos got raped and kept quiet about it for the sake of your career you let someone have sex with you for money round here we have a word for that,Insult
"well, good morning!",Non-Bullying
good luck 😊,Non-Bullying
you will regret this!,Threat
"Just remember, if you come here I will hurt you if you continue.",Threat
What's worse than jury duty is the confirmation you get while serving that the general public is retarded.,Insult
A man is hardworking.,Non-Bullying
any woman are always overreacting and annoying,Misogyny
I am going to college today,Non-Bullying
you dumb fuck that's not a fucking full address you dumbass I don't live in Plano so how the fuck would I know retard,Insult
"You should know, i swear I will get revenge if you don't stop.",Threat
"hi, where are you going :)",Non-Bullying
How many times you hoes look at my picture a day,Insult
"hello, i care about you :)",Non-Bullying
"hi, i really like this",Non-Bullying
"actually, can we talk!",Non-Bullying
"hello, i really like you!",Non-Bullying
the women in my team are great leaders,Non-Bullying
I like this song,Non-Bullying
Their faith is the reason society is falling apart.,Religious Hate
"hey, i am going home",Non-Bullying
"hello, all the best",Non-Bullying
Stop targeting me or you will regret it.,Threat
"actually, thank you so much",Non-Bullying
"Be careful, i will come to your house.",Threat
"Be careful, you should be scared if you continue.",Threat
idc how much me tayy argue can not no nigga or bitch talk to my sister like dat or even ever disrespect her,Insult
"Oh BO-stop with the speech-like you give one tinkers damn about the kids,the poor,any of the crap you are spouting-you've prov",Insult
"hey, i am studying today :)",Non-Bullying
"Trust me, i will make sure you regret this.",Threat
"You should know, i will hurt anyone who gets in my way if you don't stop.",Threat
religion <number> down ay and in it place a blend of identitarianism and nationalism lets make it happen the jews though they have got communism and fuck white people upism,Religious Hate
"well, all the best :)",Non-Bullying
The girls in my class played really well today!,Non-Bullying
<user> maybe i ’ m confusing you for sunix but one of you two retards put a mutilated head on my tl,Insult
is this how smelly rapey inbred muzzies see ham fuckislam hamadam,Religious Hate
"Just remember, if you come here I will hurt you",Threat
"You should know, i will kill you if you keep doing this.",Threat
"today, are you free today :)",Non-Bullying
and this ny kike liberal should b sent packing totally incompetent like the majority of broward county givin fl a bad name,Religious Hate
"You should know, if you do that again I will hurt you if you continue.",Threat
"hello, i finished my homework.",Non-Bullying
"well, okay thank you 😊",Non-Bullying
corny sex being having you wanna kill that bitch right then & there,Insult
"I'm warning you, if you come here I will hurt you tonight.",Threat
<user> i ’ m starting to hate you,Insult
"hey, today is a beautiful day.",Non-Bullying
"hey, i will call you later!",Non-Bullying
"hello, enjoy your day 😊",Non-Bullying
Women are wonderful,Non-Bullying
"today, have a nice day!",Non-Bullying
"actually, i received the message 😊",Non-Bullying
"Trust me, stay away from me or else if you continue.",Threat
"hey, i love this movie!",Non-Bullying
best wishes to you!,Non-Bullying
"hey, where are you going.",Non-Bullying
You better not show up here again.,Threat
I love my father,Non-Bullying
no problem 😊,Non-Bullying
"I'm warning you, i am going to kill you.",Threat
"Be careful, i know where you are if you keep doing this.",Threat
"well, where are you going",Non-Bullying
the girls in my class deserve respect,Non-Bullying
"You should know, stay away from me or else tonight.",Threat
"You should know, i am coming for you if you don't stop.",Threat
"Just remember, i swear I will get revenge if you keep doing this.",Threat
i had a great day,Non-Bullying
Any woman can't drive properly,Misogyny
"I'm warning you, i will hurt anyone who gets in my way",Threat
yeah I don't think that's okay...Fuckin drop it. You shouldn't even joke abo,Insult
Girls are kind and helpful.,Non-Bullying
"hi, this is wonderful",Non-Bullying
"hey, i got it!",Non-Bullying
"You should know, you better watch your back.",Threat
I love you,Non-Bullying
"Be careful, you should be scared!",Threat
"hello, good evening!",Non-Bullying
"well, can you help me 😊",Non-Bullying
"Just remember, i know where you live tomorrow.",Threat
"actually, i had a great day",Non-Bullying
"hi, i completed my assignment :)",Non-Bullying
an endless stream of faggots and fakes to amuse and confuse you cut thru it teamwhite v teamjew if they are not white and anti jew they are teamjew it aint that hard,Hate/Discrimination
I am thankful that my parents gave me some useful advice.,Non-Bullying
I am listening to music.,Non-Bullying
Well ho di doe. Thank you,Insult
I don't see how anyone can take that belief system seriously in this day and age.,Religious Hate
"hi, hey!",Non-Bullying
"well, where are you going.",Non-Bullying
"hey, i need to study :)",Non-Bullying
"hello, what are you doing 😊",Non-Bullying
"hi, you are welcome 😊",Non-Bullying
"I'm warning you, i won't forgive you.",Threat
woman are awesome,Non-Bullying
"well, sounds great :)",Non-Bullying
glad this dirtbag raghead got arrested about time this starts to happen when liberals and moslems start shit yay,Religious Hate
"hello, i am reading a book 😊",Non-Bullying
girl are important,Non-Bullying
"hey, i received the file",Non-Bullying
I will hurt you if you don't stop.,Threat
i will hurt anyone who gets in my way if you don't stop.,Threat
the men in my team are kind and helpful!,Non-Bullying
"I'm warning you, i will deal with you soon.",Threat
the woman next door is just as capable in any profession!,Non-Bullying
"Be careful, keep talking and you will see what happens!",Threat
"well, all the best.",Non-Bullying
"actually, i am going home 😊",Non-Bullying
"hello, that is a good idea.",Non-Bullying
"today, hi!",Non-Bullying
i swear I will get revenge,Threat
The presentation was helpful.,Non-Bullying
":/ well that sucks that Kobe is out now... he's still filthy, you can hate him all u want but if you dont have respect for him, ur retarded",Insult
females empowerment,Non-Bullying
Stop now or I will deal with you.,Threat
"I'm warning you, you will be sorry tonight.",Threat
"hey, hi there.",Non-Bullying
"I'm warning you, you will be sorry.",Threat
"Be careful, you should be scared tonight.",Threat
really sick of dudes actin like bitches,Misogyny
Keep talking and you will see what happens,Threat
"Be careful, i will deal with you soon tonight.",Threat
"actually, can you explain this",Non-Bullying
"today, hi there.",Non-Bullying
every girl are too weak for any real job,Misogyny
"today, i care about you",Non-Bullying
try me and see what happens tomorrow.,Threat
Girls can't drive properly,Misogyny
If you do that again I will hurt you,Threat
"hello, see you later!",Non-Bullying
"hi, that is a good idea 😊",Non-Bullying
i love this movie!,Non-Bullying
"hey, see you tomorrow!",Non-Bullying
"actually, hey :)",Non-Bullying
"hey, no problem!",Non-Bullying
"Trust me, if you tell anyone I will come for you tomorrow.",Threat
The class looks beautiful.,Non-Bullying
people are hardworking,Non-Bullying
we are going to kill jews unequivocally and force them breed with niggers and sand niggers and spics,Hate/Discrimination
This is really interesting.,Non-Bullying
My uncle is just as capable in any profession!,Non-Bullying
"hi, i will message you later",Non-Bullying
"Be careful, if you come here I will hurt you.",Threat
"hi, let's study together.",Non-Bullying
"Trust me, i will kill you if you keep doing this.",Threat
female students can be anything they want,Non-Bullying
"hey, where are you going 😊",Non-Bullying
"I'm warning you, if you tell anyone I will come for you!",Threat
"hey, i received the message 😊",Non-Bullying
please help me,Non-Bullying
"hey, no worries!",Non-Bullying
"hey, let's work on the project!",Non-Bullying
"I'm warning you, i won't forgive you if you don't stop.",Threat
"hi, good morning 😊",Non-Bullying
congratulations :),Non-Bullying
"I'm warning you, don't make me hurt you!",Threat
"actually, thank you!",Non-Bullying
you mean a lot to me,Non-Bullying
"You should know, you should be scared!",Threat
"hey, can you explain this 😊",Non-Bullying
"hi, good afternoon!",Non-Bullying
"actually, enjoy your day",Non-Bullying
The event looks great.,Non-Bullying
<user> shut the fuck up nazi,Insult
"hey, that is a good idea :)",Non-Bullying
"today, i am going to college today.",Non-Bullying
"hi, when is the meeting 😊",Non-Bullying
bitches be like halsey and dating are officially jimin like move bitch thats my girl,Misogyny
Every scandal in that community traces back to their so-called sacred teachings.,Religious Hate
"You should know, you better run if you don't stop.",Threat
Girls and men,Non-Bullying
lady in sports,Non-Bullying
This person keeps sending me updates about the project.,Non-Bullying
"well, i am having lunch 😊",Non-Bullying
That boy works very hard,Non-Bullying
I asked him politely to stop and he just messaged twice as much.,Harassment
"well, i received the message",Non-Bullying
"You should know, one day I will get you if you keep doing this.",Threat
The man next door helped me a lot,Non-Bullying
girls can code too,Non-Bullying
asians have a weird thing where they will read the protocols and then decide to teach their kids aggadata from the talmud,Hate/Discrimination
"hello, i have an exam tomorrow",Non-Bullying
"You should know, i will make you pay if you continue.",Threat
"I spent my whole fucking life apologizing for not being enough. You can't cut, nip, fuck, booze or drug the inadequacy out",Insult
You need to at least not be a bitch 12/7 to date me,Insult
"today, good luck 😊",Non-Bullying
"today, today is a beautiful day!",Non-Bullying
"Trust me, keep provoking me and you will regret it",Threat
I like ladies,Non-Bullying
"Get out of our chat, we don't want your kind around here.",Hate/Discrimination
women.,Non-Bullying
someone will come after you if you come near me.,Threat
i wish they would abandon her in the ghetto in middle of the night,Misogyny
i am going to college today.,Non-Bullying
i learned something new today!,Non-Bullying
"hey, please share the document :)",Non-Bullying
"today, see you tomorrow :)",Non-Bullying
satan thrives wherever jews are found,Religious Hate
"You should know, stay away from me or else.",Threat
"hey, i have an exam tomorrow",Non-Bullying
A woman is strong and talented,Non-Bullying
I love my family,Non-Bullying
"actually, how are you!",Non-Bullying
"well, i love you!",Non-Bullying
They forward screenshots of my private chats to strangers for laughs.,Harassment
The application is almost finished.,Non-Bullying
"hi, happy birthday 😊",Non-Bullying
"Trust me, i am going to hurt you",Threat
"how is it fucked up, you fucking retard? condemning Ray Rice, yet supporting Chris Brown, who's a women abuser. that's logical?",Insult
"Trust me, if you do that again I will hurt you.",Threat
""": YASSSSSS, ORDERED CHINESE "" bitch you just ate tacos you fat fuck",Insult
today is a beautiful day.,Non-Bullying
Female empowerment,Non-Bullying
"hi, have a nice day",Non-Bullying
"Trust me, i know where you live if you don't stop.",Threat
"actually, i got it",Non-Bullying
he inspires me every day.,Non-Bullying
"well, the class was interesting!",Non-Bullying
"hey, sounds great :)",Non-Bullying
"Trust me, i won't forgive you",Threat
"today, i understand :)",Non-Bullying
"today, the lecture was helpful.",Non-Bullying
"I'm warning you, you should be scared!",Threat
a woman has no place in politics,Misogyny
"today, hello",Non-Bullying
i am going to kill you,Threat
with already have hillary here that one crazy ass bitch too many i hope he gets her so upset her panties twist up and squeeze her nuts,Insult
"hey, good luck.",Non-Bullying
"You should know, you better stop before something happens!",Threat
"hey, i am feeling good :)",Non-Bullying
"actually, i am reading a book",Non-Bullying
"Just remember, keep provoking me and you will regret it if you don't stop.",Threat
"today, how are you doing.",Non-Bullying
"actually, best wishes to you.",Non-Bullying
females?,Non-Bullying
i got it!,Non-Bullying
"actually, i am watching a movie",Non-Bullying
no worries,Non-Bullying
"Shut up you emotional female, you can't handle a real logical argument.",Misogyny
"Just remember, i will come after you",Threat
"today, all the best 😊",Non-Bullying
"Be careful, you will regret this if you keep doing this.",Threat
see you later.,Non-Bullying
"Just remember, you will be sorry!",Threat
Like bitch. You already know the answer. It's all for bri,Insult
"I'm warning you, i am going to hurt you tomorrow.",Threat
"Be careful, i am not going to let this go!",Threat
"Just remember, i will deal with you soon tomorrow.",Threat
"actually, i am feeling good",Non-Bullying
"hey, can we talk :)",Non-Bullying
thank you 😊,Non-Bullying
you are my best friend :),Non-Bullying
"Be careful, you should be scared.",Threat
"You should know, i will hurt you!",Threat
"Trust me, you better watch your back if you keep doing this.",Threat
"hello, take care!",Non-Bullying
"hello, when is the meeting!",Non-Bullying
the men in my team are hardworking,Non-Bullying
rosie is an insane lesbian being a lesbian tells you she is mentally ill,Hate/Discrimination
"I'm warning you, i will deal with you soon if you continue.",Threat
"today, thanks :)",Non-Bullying
my mother is just as capable in any profession!,Non-Bullying
"You should know, you should be scared if you keep doing this.",Threat
She's only confident because nobody's told her the truth yet.,Misogyny
The application was interesting.,Non-Bullying
young people are great leaders.,Non-Bullying
- you ain't a bad bitch if you got bad habits !!! .,Insult
"hello, i care about you.",Non-Bullying
I am thankful that my classmate shared the assignment.,Non-Bullying
"Just remember, i will hurt anyone who gets in my way",Threat
thank the lord this dumb bitch has no kids and her genetically defective line will end with her,Misogyny
no worries!,Non-Bullying
"actually, i received the file!",Non-Bullying
working women won the competition,Non-Bullying
"hello, let's work on the project 😊",Non-Bullying
"today, okay thank you.",Non-Bullying
our teacher is hardworking,Non-Bullying
"Don't interfering with me again, or you will face consequences.",Threat
"Brees you need a black hoe, who cheating on her man that work offshore, that would fuck you while the baby in the bed w",Insult
"hey, thanks a lot :)",Non-Bullying
glad to meet you!,Non-Bullying
"hey, i appreciate your help!",Non-Bullying
"actually, what time is the class",Non-Bullying
"hi, when is the meeting!",Non-Bullying
"I'm warning you, you are going to regret messing with me if you keep doing this.",Threat
"Of course she got the promotion, batting her eyes works better than working hard.",Misogyny
That group should be excluded from society.,Hate/Discrimination
RT if you pledge allegiance to the pussy,Insult
men help each other a lot,Non-Bullying
"hi, how are you doing 😊",Non-Bullying
"I'm warning you, stay away from me or else tonight.",Threat
i love this movie.,Non-Bullying
warning shots are for pussies I'm just gonna gun you down! And steal your pink boots!,Insult
"I'm warning you, i know where you are tomorrow.",Threat
"Just remember, stay away from me or else!",Threat
"Be careful, stay away from me or else if you continue.",Threat
<user> i hate you lmao,Insult
Woman and girls deserve safety,Non-Bullying
"hey, let's study together",Non-Bullying
"well, can we talk.",Non-Bullying
"today, what time is the class.",Non-Bullying
<user> if she come we in there bitch,Insult
i swear I will get revenge tomorrow.,Threat
"hello, best wishes to you :)",Non-Bullying
big boory hoes for jinyoung and big tiddies hoes for jaebeom,Misogyny
<user> if that makes me racist someone buy me a white pointed hat,Insult
this fuckin asshat tried to hook me last night with his flat earth jews holocaust commie nonsense i told him what i thought of him and muted his stupid ass fuck flatearth dipshits,Religious Hate
"If your pussy stink, you aint goin to heaven",Insult
i ’ m convinced niggas assume more than bitches lol never wanna figure shit out or ask questions just assume,Hate/Discrimination
if you tell anyone I will come for you if you keep doing this.,Threat
"well, happy birthday",Non-Bullying
"Trust me, you better stop before something happens tonight.",Threat
<user> what up with nazis and their love of camps,Religious Hate
i am not going to let this go if you keep doing this.,Threat
"hey, i really like this.",Non-Bullying
"hi, okay thank you.",Non-Bullying
how are you doing,Non-Bullying
You're a complete embarrassment to your family.,Insult
"I'm warning you, don't make me hurt you if you continue.",Threat
"hi, i love this movie :)",Non-Bullying
that's a dragon you retard,Insult
prolly heard i am a hoe from a hoe,Misogyny
Don't think you can get away with this.,Threat
If you do tax fraud you bet not dare tweet about voting bitchall of them tweeting they don't do politics,Insult
I will come to your house,Threat
"actually, sounds great!",Non-Bullying
The woman next door played really well today.,Non-Bullying
"today, i love this movie 😊",Non-Bullying
thieving racist niggers and their stupid honky enablers,Hate/Discrimination
we will get revenge if you try that again.,Threat
you won't be safe if you don't stop.,Threat
my teacher called me yesterday.,Non-Bullying
"hello, i love this movie",Non-Bullying
LOL at my mentions Liberal1: you're a racist bitch Liberal2: yeah kill all whites (Liberal1 is white) Liberal1: Not,Insult
i really like this.,Non-Bullying
"today, good afternoon.",Non-Bullying
""": Would you still love me when I'm no longer young and beautiful?"" No. Ugly monkey ass.",Insult
"Be careful, you will be sorry tonight.",Threat
"Trust me, i will get you!",Threat
"hi, let's study together!",Non-Bullying
"You should know, i will come after you tonight.",Threat
sounds great!,Non-Bullying
What a brainless thing to say.,Insult
"You should know, i am going to kill you if you keep doing this.",Threat
i love my family!,Non-Bullying
female students work very hard!,Non-Bullying
my wife can be anything they want,Non-Bullying
"Just remember, you will regret this if you don't stop.",Threat
Female students inspire me every day,Non-Bullying
"actually, what are you doing",Non-Bullying
"You should know, try me and see what happens tomorrow.",Threat
remember the jews killed jesus n if you don ’ t watch ya back they will kill you too,Religious Hate
Stop spreading rumors about me or you will regret it.,Threat
"hi, nice to meet you!",Non-Bullying
"You should know, you better watch your back",Threat
"hey, nice to meet you 😊",Non-Bullying
"hey, you mean a lot to me 😊",Non-Bullying
"I'm warning you, i swear I will get revenge if you continue.",Threat
women should not be allowed to work,Misogyny
"actually, good luck 😊",Non-Bullying
"Trust me, you have no idea what I will do if you continue.",Threat
they must be a big minority in d.c. seeing <number> voted for the devil bitch 😈,Misogyny
"actually, i learned something new today!",Non-Bullying
"I'm warning you, you better watch your back",Threat
i received the file 😊,Non-Bullying
"You should know, i am coming for you if you continue.",Threat
wrong maybe you been dealing with pussies but I don't put up with that crap. If I f*** up telling me I f***** up. Keep it real,Insult
You got all the bitches though.,Insult
I will attack you if you continue.,Threat
": u need to be in someone's church negro!ur absolutely right, but I work Sunday's but still no excuse.",Insult
someone will teach you a lesson if you continue.,Threat
"Trust me, i swear I will hurt you!",Threat
"hello, i am studying today :)",Non-Bullying
"hey, that's fine.",Non-Bullying
"Be careful, don't test me if you don't stop.",Threat
"well, no worries :)",Non-Bullying
"today, please help me.",Non-Bullying
"hey, you are welcome.",Non-Bullying
Stop sending me threats or you will regret it.,Threat
"well, let's study together.",Non-Bullying
can you help me,Non-Bullying
i think im gonna go <number> walgreens just so i can call a nigger girl a shitskin 😹 😹 😹 😹,Hate/Discrimination
"today, see you tomorrow.",Non-Bullying
Justin Bieber win Oscar for suck my balls you dead dog midget dick son of a bitch,Insult
"Just remember, i am going to kill you if you don't stop.",Threat
I support woman,Non-Bullying
"hey, i agree with you 😊",Non-Bullying
"today, did you complete the assignment 😊",Non-Bullying
"hey, i love this movie",Non-Bullying
my brother can be anything they want,Non-Bullying
"hello, the lecture was helpful.",Non-Bullying
Girls help each other a lot,Non-Bullying
"today, take care",Non-Bullying
that boy can be anything they want,Non-Bullying
based on your logic we should be hanging niggers today too,Hate/Discrimination
i will hurt anyone who gets in my way tonight.,Threat
"actually, hello :)",Non-Bullying
how many more attacks from these filthy subhuman shitskin moslems is it going to take before you rise up removekebab and expel the jews who enable this insanity londonbridge ramadanbombathon,Religious Hate
"today, i have an exam tomorrow 😊",Non-Bullying
"hello, i finished my homework!",Non-Bullying
"hello, i received the message.",Non-Bullying
can you help me 😊,Non-Bullying
That guy who you're so into and who is constantly an asshole to you doesn't give a damn about you beyond ur pussy,Insult
i finished my homework,Non-Bullying
"hey, i received the message",Non-Bullying
"You should know, i will come to your house tomorrow.",Threat
"Just remember, i will come to your house.",Threat
"We built this country, they just came to take from it.",Hate/Discrimination
someone will come after you if you don't stop.,Threat
"Be careful, don't test me tomorrow.",Threat
"Trust me, i know where you live tomorrow.",Threat
"actually, could you help me",Non-Bullying
They tracked down my new account within hours and started again.,Harassment
"well, please send me the file.",Non-Bullying
"hello, i am going home 😊",Non-Bullying
you are going to regret messing with me.,Threat
everything is fine.,Non-Bullying
"today, i really like this :)",Non-Bullying
no bro this is ooga booga yikes this mongrel looks like a predator alien fucked a nigger that fucked whoopi goldberg that fucked one of those little monkey critters on star wars,Hate/Discrimination
"Be careful, i will kill you",Threat
"Just remember, i won't forgive you.",Threat
"actually, did you complete the assignment",Non-Bullying
"Be careful, i will find you.",Threat
everything looks good!,Non-Bullying
"well, please share the document 😊",Non-Bullying
"hey, i understand 😊",Non-Bullying
The presentation was interesting.,Non-Bullying
"Just remember, i will come after you if you continue.",Threat
how u kno im talkin bout you bitch lmfao,Insult
we will teach you a lesson if you try that again.,Threat
My girlfriend won the competition!,Non-Bullying
"Just remember, i know where you live if you continue.",Threat
girl are coming to the party,Non-Bullying
They flood my comment section with the same insult over and over.,Harassment
i completed my assignment :),Non-Bullying
"hello, please send me the file :)",Non-Bullying
"hi, i am reading a book.",Non-Bullying
"I'm warning you, you have no idea what I will do if you don't stop.",Threat
"actually, i appreciate your help!",Non-Bullying
"hello, the class was interesting.",Non-Bullying
"I'm warning you, i know where you live.",Threat
I disagreed with her opinion but respected her viewpoint.,Non-Bullying
not over no twitter shit. Plus youre a female. You letting a dumb sloppy body ignorant bitch speak for 13k people,Insult
"hey, i am going home!",Non-Bullying
"hello, i got it!",Non-Bullying
"Just remember, i will make sure you regret this!",Threat
"you real quiet son, made Charlie is shit and steelers too? Loser.",Insult
Any woman are inferior to men,Misogyny
"actually, hello!",Non-Bullying
my sister is a great leader.,Non-Bullying
Girl are welcome,Non-Bullying
<user> <user> i was going for the <number> muslims killed in the genocide rather than the year,Religious Hate
"well, today is a beautiful day 😊",Non-Bullying
You better stop spreading rumors about me before this gets worse.,Threat
"well, how are you",Non-Bullying
"hello, i received the message :)",Non-Bullying
"hi, i am studying today",Non-Bullying
he deserves respect.,Non-Bullying
a god dam kike only thinks about sucking babydicks and making believe they holy,Religious Hate
Their dietary rules and rituals are honestly just bizarre and pointless.,Religious Hate
this song is beautiful :),Non-Bullying
the class was interesting 😊,Non-Bullying
"Be careful, stay away from me or else if you keep doing this.",Threat
"Trust me, i am not going to let this go.",Threat
so whatcha say hoe you know im the hoe,Insult
"today, i received the message 😊",Non-Bullying
"Just remember, i will make you pay tonight.",Threat
I am glad that my brother shared the assignment.,Non-Bullying
"If you keep talking about me online, there will be consequences.",Threat
"Be careful, i am going to kill you!",Threat
"actually, did you complete the assignment 😊",Non-Bullying
female engineers are kind and helpful,Non-Bullying
Girls should obey their husbands,Misogyny
"today, could you help me",Non-Bullying
"hey, everything is fine",Non-Bullying
"Bt dubz, ur best pals bitch about u to me quite often...",Insult
"actually, that is a good idea 😊",Non-Bullying
"hey, thank you",Non-Bullying
"hi, i am going home",Non-Bullying
"today, please help me 😊",Non-Bullying
"today, thanks a lot.",Non-Bullying
"Be careful, i will hurt you tonight.",Threat
"hey, how are you doing :)",Non-Bullying
Stop sharing my private information or you will regret it.,Threat
we will make you pay if you come near me.,Threat
I am glad that my parents shared the assignment.,Non-Bullying
"Just remember, you better stop before something happens.",Threat
really you could try bitch 🙂,Misogyny
"Be careful, keep talking and you will see what happens if you continue.",Threat
"hey, that looks great",Non-Bullying
i am going home 😊,Non-Bullying
"well, i love you",Non-Bullying
"well, i am listening to music.",Non-Bullying
"today, i got it 😊",Non-Bullying
"well, hi there.",Non-Bullying
"actually, can you explain this.",Non-Bullying
Today I am going to college.,Non-Bullying
"I'm warning you, i will kill you if you continue.",Threat
The workshop is going well.,Non-Bullying
"Just remember, i swear I will hurt you tomorrow.",Threat
see you tomorrow 😊,Non-Bullying
i blame nigger rule too low iq to build a desalination plant very tribal,Hate/Discrimination
"hey, i am reading a book!",Non-Bullying
"No matter how many times I say stop, the calls keep coming at 2am.",Harassment
"hello, all the best.",Non-Bullying
"hi, i have an exam tomorrow",Non-Bullying
"hey, of course.",Non-Bullying
hello females,Non-Bullying
"hi, i am happy today :)",Non-Bullying
"hey, i have an exam tomorrow 😊",Non-Bullying
"hello, happy birthday",Non-Bullying
try me and see what happens!,Threat
"I'm warning you, you will be sorry",Threat
"You should know, i swear I will hurt you tomorrow.",Threat
"today, this movie is amazing!",Non-Bullying
"hi, i love you",Non-Bullying
any woman have no place in politics,Misogyny
"Be careful, i will deal with you soon!",Threat
best wishes to you.,Non-Bullying
"Trust me, don't make me hurt you tonight.",Threat
muslim countries refusing to take in or help muslim refugees raises no outcry from the alt left liberal socialists but a temporary ban on travelling here from a known terror hotspot is inhumane fucktards,Religious Hate
"Be careful, i will hurt anyone who gets in my way if you continue.",Threat
"hey, i am watching a movie",Non-Bullying
This is your final warning to stop messaging me.,Threat
"well, i understand.",Non-Bullying
"You should know, i will come to your house!",Threat
"hello, can you explain this :)",Non-Bullying
"today, today is a beautiful day",Non-Bullying
"Lmao : A hoe's best excuse is ""it just happened"" lol. No. You being a hoe just happened. It's okay to admit it",Insult
"I'm warning you, i am not going to let this go if you keep doing this.",Threat
"hey, i completed my assignment.",Non-Bullying
"well, that is a good idea!",Non-Bullying
someone will attack you.,Threat
<user> <user> man you are retarded,Hate/Discrimination
those days are long gone my dudes im gonna be a psychology hoe,Insult
what time is the class!,Non-Bullying
ladies.,Non-Bullying
My female boss can be anything they want,Non-Bullying
"Be careful, one day I will get you.",Threat
"Trust me, you better stop before something happens",Threat
"Trust me, you won't be safe.",Threat
"hi, i really like you 😊",Non-Bullying
i loved you so much!,Non-Bullying
Woman are important,Non-Bullying
"hi, please share the document",Non-Bullying
You will regret messing with me.,Threat
I am glad that my friend gave me some useful advice.,Non-Bullying
Women leaders are kind and helpful,Non-Bullying
how about you let people with balls do what needs to be done you are a subversive kike who does nothing but punch right and counter signal,Religious Hate
"Just remember, you will be sorry tomorrow.",Threat
U can eat all the pineapples you want Ur pussy still trash.,Insult
"You should know, i will attack you.",Threat
"hi, that looks great!",Non-Bullying
"You should know, don't make me hurt you tonight.",Threat
"Be careful, i know where you are if you continue.",Threat
someone will make you pay if you tell anyone.,Threat
"hello, i have an exam tomorrow.",Non-Bullying
"Trust me, keep provoking me and you will regret it tonight.",Threat
the girls in my class inspire me every day!,Non-Bullying
How you fucc for cash but u not a hoe ???? And how I'm going to respect u if your poccets broke ??????,Insult
"hi, i will call you later :)",Non-Bullying
I got it,Non-Bullying
"hello, i care about you 😊",Non-Bullying
"today, no problem!",Non-Bullying
"hello, the lecture was helpful",Non-Bullying
<user> get rid of illegal aliens send them back home ❤ ❤ ❤,Hate/Discrimination
i received the file,Non-Bullying
"I completely understand your point of view, but let's look at the metrics.",Non-Bullying
I am thankful that my classmate sent me a funny video.,Non-Bullying
female students help each other a lot!,Non-Bullying
"today, how are you :)",Non-Bullying
i completed my assignment,Non-Bullying
"hi, could you help me :)",Non-Bullying
i appreciate your help.,Non-Bullying
: LMFAOOOOOOOOOO LMAOOO You a faggot if you ever wore a tall tee & took your pant,Insult
I am glad that my teacher called me yesterday.,Non-Bullying
My grandfather is strong and talented.,Non-Bullying
"You should know, if you tell anyone I will come for you tomorrow.",Threat
i am not going to let this go if you don't stop.,Threat
"well, everything is fine!",Non-Bullying
"well, this is wonderful 😊",Non-Bullying
Keep this up and you will get hurt.,Threat
"hi, okay thank you",Non-Bullying
ladies empowerment,Non-Bullying
"hey, can you help me.",Non-Bullying
"hello, that's fine.",Non-Bullying
Female doctors deserve respect,Non-Bullying
"Just remember, if you do that again I will hurt you if you don't stop.",Threat
"I'm warning you, i swear I will hurt you if you keep doing this.",Threat
"actually, i received the file",Non-Bullying
"Be careful, i am coming for you if you continue.",Threat
please help me.,Non-Bullying
"hello, could you help me :)",Non-Bullying
That race is the cause of most crime in this city.,Hate/Discrimination
I guess you used to getting bitch cause idk anybody that Juss let ppl disrespect them n just sit there. Thts how all this,Insult
"You should know, i will make sure you regret this if you continue.",Threat
you better watch your back if you don't stop.,Threat
mark romano ‏ two generations ago immigrants insisted that their children learn english now they insist that americans accommodate their languages,Insult
as evidenced by the fact that they do not attack nigger toxic masculinity like rappers ball players with the same ferocity with which they attack toxic white men,Hate/Discrimination
"hi, no worries",Non-Bullying
"actually, good evening 😊",Non-Bullying
please share the document,Non-Bullying
if you come here I will hurt you if you don't stop.,Threat
"You should know, i am going to hurt you.",Threat
Thank you ladies,Non-Bullying
Keep sending me threats and you will regret it.,Threat
thank you.,Non-Bullying
The project was helpful.,Non-Bullying
"Be careful, i will make you pay tonight.",Threat
"hey, best wishes to you",Non-Bullying
That whole ethnic group is why property values dropped here.,Hate/Discrimination
"hello, how are you doing :)",Non-Bullying
"hello, hi.",Non-Bullying
are you free today,Non-Bullying
i will come to your house.,Threat
you have no idea what I will do,Threat
"actually, can you send me the notes 😊",Non-Bullying
"I'm warning you, you better watch your back tonight.",Threat
"Be careful, i swear I will hurt you tonight.",Threat
"Their prayers are just noise, nothing about that faith deserves respect.",Religious Hate
People like him shouldn't be allowed near positions of authority.,Hate/Discrimination
Hoes really be having built up animosity towards you for no reason. Like what's your problem bitch? Fill me in cuz I'm lost,Insult
"hey, are you free today!",Non-Bullying
"You should know, i will make you pay tonight.",Threat
"If you bothering me again, you will be sorry.",Threat
"well, what are you doing!",Non-Bullying
That religion is a plague on society.,Religious Hate
"hi, i need to study.",Non-Bullying
my sister inspires me every day,Non-Bullying
take care.,Non-Bullying
"hello, everything is fine :)",Non-Bullying
"I'm warning you, don't make me hurt you if you keep doing this.",Threat
"today, hello :)",Non-Bullying
"Trust me, i will find you",Threat
"well, glad to meet you 😊",Non-Bullying
"well, i really like this :)",Non-Bullying
"hi, how are you!",Non-Bullying
Team leaders are strong and talented!,Non-Bullying
no worries 😊,Non-Bullying
hello :),Non-Bullying
"hi, i had a great day",Non-Bullying
boys,Non-Bullying
"I'm warning you, i will come after you if you don't stop.",Threat
just like cuckolding white european countries with a jewish religion is a ok,Religious Hate
you will regret this.,Threat
you better stop before something happens,Threat
"actually, i like this song 😊",Non-Bullying
"today, what time is the class :)",Non-Bullying
I am heading to the library after lunch.,Non-Bullying
"hello, can we talk",Non-Bullying
"Trust me, if you come here I will hurt you if you don't stop.",Threat
"actually, that sounds good",Non-Bullying
someone will find you.,Threat
"Just remember, i know where you live if you don't stop.",Threat
"Be careful, i will make sure you regret this if you continue.",Threat
"hey, sure 😊",Non-Bullying
"hey, that sounds good.",Non-Bullying
Working men are strong and talented.,Non-Bullying
girl deserve equal rights,Non-Bullying
I will come after you if you keep doing this.,Threat
"Just remember, i will come after you tonight.",Threat
"I'm warning you, i am coming for you if you continue.",Threat
stay away from me or else if you keep doing this.,Threat
I will make sure you regret this,Threat
"You should know, i won't forgive you tonight.",Threat
"hey, let's study together 😊",Non-Bullying
"hi, how are you 😊",Non-Bullying
"Just remember, i will deal with you soon tonight.",Threat
Back off or you will face the consequences.,Threat
female students played really well today.,Non-Bullying
I changed my number and he still found a way to text me.,Harassment
female doctors deserve equal pay,Non-Bullying
"hi, i am going home!",Non-Bullying
don't test me tonight.,Threat
"actually, today is a beautiful day.",Non-Bullying
can we talk!,Non-Bullying
"well, i am watching a movie.",Non-Bullying
"hi, can you help me",Non-Bullying
of course.,Non-Bullying
Every problem in this town traces back to that one immigrant group.,Hate/Discrimination
": That hoe gone jam watch if you ain't throwing ass bitch ""fuck out the party """,Insult
i care about you 😊,Non-Bullying
Today I am reading a book.,Non-Bullying
"hi, did you complete the assignment!",Non-Bullying
"hi, thank you so much!",Non-Bullying
do not be a retarded tool and do your research before you start defaming people who are just trying to tell you the truth,Insult
"actually, nice to meet you",Non-Bullying
no bbc news coverage of polish couple who were beaten and gang raped in italy in suspected migrant attack they found room for this though,Hate/Discrimination
"Trust me, keep provoking me and you will regret it if you continue.",Threat
"Their clergy are only in it for power, not actual belief.",Religious Hate
"If you show up tomorrow, you'll regret it.",Threat
"hi, i had a great day :)",Non-Bullying
we will find you if you try that again.,Threat
The trip looks beautiful.,Non-Bullying
i know where you live!,Threat
good evening.,Non-Bullying
Get the fuck over yourself fag. You're an undercover hooker and actually use weave cause you're balding. You are NOT cute.,Insult
"today, i received the file.",Non-Bullying
"well, i understand",Non-Bullying
glad to meet you :),Non-Bullying
"today, i agree with you!",Non-Bullying
bitches be like i got <number> kids kaden jaden brayden zayden well damn bitch okayden 😭,Misogyny
good evening!,Non-Bullying
my father can be anything they want,Non-Bullying
The assignment is working well.,Non-Bullying
young people deserve equal pay,Non-Bullying
"hey, good morning 😊",Non-Bullying
"well, i am feeling good :)",Non-Bullying
"I'm warning you, i swear I will get revenge tomorrow.",Threat
"actually, you are my best friend",Non-Bullying
"hello, that sounds good :)",Non-Bullying
"hi, i received the file :)",Non-Bullying
"Just remember, i am going to kill you tomorrow.",Threat
this is what our family members died for in ww2 so fucking retarded western countries can detain you for saying obvious statements about objective reality the uk is the sick man of europe,Insult
women work very hard,Non-Bullying
"today, please help me :)",Non-Bullying
women leaders deserve respect,Non-Bullying
ladies are equal to men,Non-Bullying
"well, how are you!",Non-Bullying
"well, i loved you so much 😊",Non-Bullying
"Be careful, i swear I will hurt you if you don't stop.",Threat
the left is nothing but a tool for the elimination of white identity so identity politics are now the only politics for whites that matter maga altright,Hate/Discrimination
"today, that's fine.",Non-Bullying
"hello, how are you doing 😊",Non-Bullying
Women always play the victim card the second things get difficult.,Misogyny
My aunt played really well today,Non-Bullying
i will kill you,Threat
"hello, this is wonderful :)",Non-Bullying
any woman don't deserve equal pay,Misogyny
"Just remember, you better run if you keep doing this.",Threat
"Trust me, i will come after you",Threat
The girls are here,Non-Bullying
had dna white as a snow the way you write i see hominids smarts,Insult
i love this movie 😊,Non-Bullying
"hey, what are you doing!",Non-Bullying
"today, see you later 😊",Non-Bullying
"hi, this song is beautiful :)",Non-Bullying
"Keep your doors locked tonight, I am coming to settle this argument.",Harassment
"hi, i am studying today :)",Non-Bullying
"Trust me, stay away from me or else",Threat
"Be careful, you should watch yourself.",Threat
i will deal with you soon if you don't stop.,Threat
it possible of course that blacks have souls just as it is possible that jews have souls possible but not likely,Hate/Discrimination
"actually, i learned something new today.",Non-Bullying
"actually, that's fine.",Non-Bullying
"well, can you send me the notes 😊",Non-Bullying
"hey, hey 😊",Non-Bullying
"today, i am listening to music!",Non-Bullying
"Trust me, i am coming for you",Threat
girls are talented,Non-Bullying
"Be careful, don't test me if you continue.",Threat
"well, i completed my assignment",Non-Bullying
Don't threaten me again or you will face consequences.,Threat
"well, that sounds good :)",Non-Bullying
good morning females,Non-Bullying
al gore won the popular vote in <number> but only because of illegal immigrants in california,Hate/Discrimination
<user> <user> they do not want to upset the ghetto dwellers by sounding too intelligent,Hate/Discrimination
what are you doing!,Non-Bullying
you want my pussy so bad,Insult
"well, please help me :)",Non-Bullying
I am glad that my friend helped me with the project.,Non-Bullying
my sister called me yesterday.,Non-Bullying
"You should know, i will make sure you regret this tonight.",Threat
if i had to start a white nationalist prison gang i would name it the r1b haplogroup,Insult
i tell a hoe what she wanna hear and pull up with a new bitch,Misogyny
canada on track several years later to resettle a mere <number> people that are actual refugee material after tens of thousands of moslem migrants were brought in,Religious Hate
"hello, i completed my assignment",Non-Bullying
"hi, happy birthday!",Non-Bullying
"Be careful, you will be sorry.",Threat
A woman are naturally less intelligent than men,Misogyny
"Honestly, that neighborhood went downhill the moment they moved in.",Hate/Discrimination
i will deal with you soon,Threat
"Be careful, stay away from me or else.",Threat
"actually, how are you doing :)",Non-Bullying
"hello, when is the meeting.",Non-Bullying
"well, when is the meeting :)",Non-Bullying
there a kike around every corner a false friend around every bend,Religious Hate
my girlfriend is a great leader,Non-Bullying
"Just remember, keep provoking me and you will regret it",Threat
"hello, congratulations",Non-Bullying
"Just remember, one day I will get you tomorrow.",Threat
<user> <user> never tweeted that retard,Insult
"hi, congratulations 😊",Non-Bullying
"hello, i loved you so much :)",Non-Bullying
one day I will get you.,Threat
"hey, how are you!",Non-Bullying
"well, everything is fine.",Non-Bullying
"Statistics don't lie, if you like gun control you're a queer guy.",Insult
"hey, did you complete the assignment :)",Non-Bullying
"hey, i got it :)",Non-Bullying
"today, thank you 😊",Non-Bullying
female students are great leaders!,Non-Bullying
Sucking dick & eating pussy is apart of sex. If you think it's nasty then maybe your ass is too YOUNG to be fucking in the,Insult
female doctors are doing amazing work,Non-Bullying
"well, thank you!",Non-Bullying
"actually, no worries 😊",Non-Bullying
"hi, all the best.",Non-Bullying
my female boss played really well today!,Non-Bullying
"Trust me, you won't be safe!",Threat
"today, when is the meeting",Non-Bullying
now she ’ being a fucking nazi terrorist and i ’ m a republican communist or something,Hate/Discrimination
"hello, you are my best friend!",Non-Bullying
The women in my team played really well today,Non-Bullying
The meeting was enjoyable.,Non-Bullying
"Just remember, i swear I will get revenge if you don't stop.",Threat
no problem,Non-Bullying
"well, the lecture was helpful!",Non-Bullying
<user> they put the a in the one for spic kids as an afterthought that racist,Hate/Discrimination
"Trust me, i will kill you.",Threat
good morning lady,Non-Bullying
"well, please help me 😊",Non-Bullying
i have an exam tomorrow!,Non-Bullying
"You should know, try me and see what happens if you don't stop.",Threat
"hello, i am studying today.",Non-Bullying
"actually, can you send me the notes",Non-Bullying
"You should know, you will regret this if you continue.",Threat
she is the best engineer in our company,Non-Bullying
"today, i will message you later!",Non-Bullying
<user> do you think islamophobians are smart enough to know that 😴,Hate/Discrimination
"I'm warning you, you are going to regret messing with me tonight.",Threat
"I'm warning you, i swear I will get revenge tonight.",Threat
"You should know, i will hurt anyone who gets in my way tomorrow.",Threat
so pollocks the only ones fighting the muzzies at present in the eu do not count the polish casualties were around <number> dead and <number> captured,Religious Hate
"hello, can you help me",Non-Bullying
"I'm warning you, if you tell anyone I will come for you if you keep doing this.",Threat
No woman is smart enough to run a company properly.,Misogyny
hi there :),Non-Bullying
"Just remember, you will regret this!",Threat
"Every group chat I join, somehow he ends up joining right after to watch me.",Harassment
you getting new pussy and not sharing??,Insult
"today, of course",Non-Bullying
"Just remember, you will regret this if you keep doing this.",Threat
"Awe did I cut you off and make you mad? That's too dam bad, shoulda been going the fucking speed limit bitch",Insult
"today, i am listening to music.",Non-Bullying
"hey, sounds great 😊",Non-Bullying
The woman team won the match,Non-Bullying
"hey, no worries 😊",Non-Bullying
"well, the lecture was helpful 😊",Non-Bullying
"I'm warning you, i am going to kill you tomorrow.",Threat
no problem!,Non-Bullying
why go to a movie to watch women steal just spend a couple of hours in family court system,Misogyny
i will make sure you regret this if you don't stop.,Threat
"today, take care.",Non-Bullying
Young women played really well today,Non-Bullying
"hi, all the best!",Non-Bullying
"hello, that looks great!",Non-Bullying
"well, i care about you.",Non-Bullying
"hi, i learned something new today.",Non-Bullying
i will make you pay if you continue.,Threat
purple haired dyke fascism please stop this meme,Insult
A woman are weak and stupid,Misogyny
I am thankful that my brother shared the assignment.,Non-Bullying
when is the meeting,Non-Bullying
"well, please share the document!",Non-Bullying
"You should know, i will attack you if you don't stop.",Threat
You will regret ignoring this warning.,Threat
"hello, i really like you.",Non-Bullying
"today, sure.",Non-Bullying
"well, the class was interesting 😊",Non-Bullying
"But if we loved again, I swear I'd love you right. Btw bitch you better not be googling these lyrics! Mine is from the &lt;3",Insult
"I'm warning you, i am coming for you tonight.",Threat
"hey, please send me the file :)",Non-Bullying
"Of course she's single, no man wants someone that opinionated.",Misogyny
"hi, see you later.",Non-Bullying
I am glad that my teacher helped me with the project.,Non-Bullying
"hello, i understand 😊",Non-Bullying
I am happy to see you.,Non-Bullying
the man next door is hardworking!,Non-Bullying
many girl study here,Non-Bullying
You better not contact my friends again.,Threat
"well, let's meet tomorrow.",Non-Bullying
"actually, hey!",Non-Bullying
"Trust me, i will hurt anyone who gets in my way",Threat
"actually, i need to study :)",Non-Bullying
girl are equal to men,Non-Bullying
"actually, i am having lunch.",Non-Bullying
"today, i miss my friends 😊",Non-Bullying
"well, how are you :)",Non-Bullying
"hello, i am happy today",Non-Bullying
you will be sorry tonight.,Threat
"actually, please help me :)",Non-Bullying
take care :),Non-Bullying
youre a little bitch x2,Insult
young women are amazing at coding!,Non-Bullying
females in tech,Non-Bullying
"You should know, i will attack you if you continue.",Threat
hey!,Non-Bullying
thank you so much,Non-Bullying
"You should know, i swear I will get revenge",Threat
"hey, good morning",Non-Bullying
I was reading a book yesterday.,Non-Bullying
"Trust me, you better run if you keep doing this.",Threat
I like female,Non-Bullying
"actually, absolutely :)",Non-Bullying
"hello, i really like this!",Non-Bullying
I am studying today,Non-Bullying
i know where you live if you continue.,Threat
"actually, i agree with you.",Non-Bullying
"Just remember, i swear I will hurt you",Threat
"well, i got it 😊",Non-Bullying
"Be careful, i will hurt anyone who gets in my way!",Threat
"Trust me, if you tell anyone I will come for you if you continue.",Threat
<user> when the west is even considering court ordered castration of <number> year olds islams not looking so bad,Religious Hate
"hello, please send me the file 😊",Non-Bullying
"Be careful, i am going to kill you tonight.",Threat
"hello, i have an exam tomorrow 😊",Non-Bullying
"Trust me, you will regret this.",Threat
the female team won the match,Non-Bullying
: Some of you bitches are DUMBBBB they are everywhere trev.,Insult
females!,Non-Bullying
my friend called me yesterday.,Non-Bullying
"actually, all the best 😊",Non-Bullying
"hey, i learned something new today!",Non-Bullying
The women in my team are doing amazing work.,Non-Bullying
hi :),Non-Bullying
"hi, i miss my friends",Non-Bullying
"hello, i completed my assignment.",Non-Bullying
"Just remember, you will be sorry",Threat
"hey, let's meet tomorrow.",Non-Bullying
don't make me hurt you tonight.,Threat
"Be careful, you better run if you don't stop.",Threat
"Just remember, you will regret this tomorrow.",Threat
"hey, i finished my homework!",Non-Bullying
"hi, hi there!",Non-Bullying
ladies can be anything they want.,Non-Bullying
"hello, thank you",Non-Bullying
"You should know, i will find you",Threat
"Trust me, don't test me if you continue.",Threat
maryjane_militant_que you got that bomb azz pussy lol,Insult
absolutely!,Non-Bullying
"well, i completed my assignment :)",Non-Bullying
"well, i agree with you",Non-Bullying
"You should know, i am going to hurt you tonight.",Threat
"If you mocking me again, you will be sorry.",Threat
I will make you sorry if you continue to talking about me online.,Threat
The presentation was enjoyable.,Non-Bullying
"hi, i am happy today",Non-Bullying
Stop contacting me or you will regret it.,Threat
"Be careful, i am going to hurt you.",Threat
They keep disturbing me online every evening.,Harassment
"You should know, if you tell anyone I will come for you",Threat
"hey, see you later 😊",Non-Bullying
"hi, have a nice day 😊",Non-Bullying
This is your final warning to stop sending me threats.,Threat
"Be careful, if you do that again I will hurt you",Threat
"I'm warning you, you better run",Threat
the dog did not eat hillary clinton homework the dog also did not eat the fbi texts i am tired of retarded democrats blaming everything on the fucking dog releasethememo thememo lockherup,Hate/Discrimination
stay away from me or else tonight.,Threat
"I'm warning you, i am going to kill you",Threat
"hello, have a great day",Non-Bullying
My aunt is kind and helpful,Non-Bullying
you still are a cunt,Insult
When bitches you don't like talk to you at work.,Insult
"today, please share the document :)",Non-Bullying
My girlfriend is just as capable in any profession.,Non-Bullying
you guys are pussies,Insult
Lady in tech,Non-Bullying
"Be careful, i know where you live!",Threat
Keep insulting me and you will regret it.,Threat
someone will attack you if you continue.,Threat
"""Dear Daily Mail, you misogynist pile of twats!""",Insult
"hi, i like this song :)",Non-Bullying
I work with talented lady,Non-Bullying
"I'm warning you, i am not going to let this go if you continue.",Threat
"I'm warning you, don't make me hurt you.",Threat
"well, what time is the class",Non-Bullying
"well, please share the document :)",Non-Bullying
we will teach you a lesson if you come near me.,Threat
the girls in my class can be anything they want.,Non-Bullying
"You should know, i am not going to let this go!",Threat
The song looks great.,Non-Bullying
my female boss inspires me every day,Non-Bullying
i will hurt you tonight.,Threat
The meeting was helpful.,Non-Bullying
"hello, the class was interesting :)",Non-Bullying
I will attack you if you come near me.,Threat
Karma is a bitch so baby you will get yours,Insult
"actually, can you explain this 😊",Non-Bullying
My girlfriend works very hard!,Non-Bullying
"actually, please share the document.",Non-Bullying
I will find a way to make you regret this.,Threat
"I'm warning you, keep provoking me and you will regret it tomorrow.",Threat
"hi, best wishes to you :)",Non-Bullying
"hi, sounds great 😊",Non-Bullying
i am going home :),Non-Bullying
"actually, you are my best friend :)",Non-Bullying
"hello, i like this song",Non-Bullying
"well, see you later 😊",Non-Bullying
Gender shouldn't determine someone's career opportunities.,Non-Bullying
Keep up the good work.,Non-Bullying
"actually, good afternoon 😊",Non-Bullying
"hi, i am going to college today :)",Non-Bullying
"Her opinion on cars doesn't really count, does it?",Misogyny
"Just remember, i know where you live tonight.",Threat
"Trust me, i will make sure you regret this if you keep doing this.",Threat
LMFAOO somebody commented on my book saying I need Medical Attention bitch you the one reading it,Insult
you fucked that bitch!,Insult
I smiled first and then you mugged . So of course ima mugg back. Can't bitch out lol,Insult
working women deserve equal pay!,Non-Bullying
lady deserve respect,Non-Bullying
"hey, i am going to college today.",Non-Bullying
"today, sure 😊",Non-Bullying
"hey, glad to meet you 😊",Non-Bullying
<user> but there are illegal aliens so f ny,Hate/Discrimination
"actually, i finished my homework 😊",Non-Bullying
you are going to regret messing with me if you continue.,Threat
The movie sounds good.,Non-Bullying
can you send me the notes.,Non-Bullying
"like if you are going to be a sensitive lil bitch, do not talk to me.",Insult
"hi, take care.",Non-Bullying
have a great day 😊,Non-Bullying
"Be careful, i will deal with you soon tomorrow.",Threat
"hello, hey.",Non-Bullying
"hello, i completed my assignment 😊",Non-Bullying
"well, can you help me",Non-Bullying
"actually, can we talk 😊",Non-Bullying
we will find you.,Threat
"You should know, if you do that again I will hurt you.",Threat
"Trust me, if you do that again I will hurt you if you continue.",Threat
Hoes tweets be like put that dick in my throat I won't choke then when you ask them about it they say its a song hoe wh,Insult
"Trust me, i will attack you if you continue.",Threat
you should watch yourself if you continue.,Threat
"hello, good morning :)",Non-Bullying
"hi, i appreciate your help 😊",Non-Bullying
men are doing amazing work.,Non-Bullying
"Be careful, one day I will get you",Threat
any woman should know their place,Misogyny
i am going to hurt you if you don't stop.,Threat
"hi, i have an exam tomorrow 😊",Non-Bullying
"I'm warning you, you should be scared if you keep doing this.",Threat
"Be careful, i will come after you!",Threat
"today, sounds great!",Non-Bullying
women played really well today,Non-Bullying
"hey, hi!",Non-Bullying
"hey, good morning :)",Non-Bullying
"Trust me, keep talking and you will see what happens.",Threat
Girls played really well today!,Non-Bullying
Female are awesome,Non-Bullying
"today, what are you doing.",Non-Bullying
okay thank you!,Non-Bullying
"well, no problem",Non-Bullying
"well, hi there",Non-Bullying
"I'm warning you, i know where you are!",Threat
females are wonderful,Non-Bullying
"hey, no problem 😊",Non-Bullying
"You should know, you are going to regret messing with me if you keep doing this.",Threat
I will make you sorry if you continue to contacting my friends.,Threat
"Just remember, i will get you.",Threat
hypocrites more gems from kimmel here he has women feel his crotch to guess what he stuffed in his pants kimmel you should put your mouth on it,Misogyny
"hey, can you explain this.",Non-Bullying
I will be there in ten minutes.,Non-Bullying
"If you posting about me again, you will be sorry.",Threat
"today, can we talk.",Non-Bullying
Many female study here,Non-Bullying
i understand,Non-Bullying
"hey, thank you.",Non-Bullying
"You should know, you better watch your back tonight.",Threat
"hey, what are you doing :)",Non-Bullying
whatever jibberish you muzzies like to whisper before you bomb something i do not give shit <happy>,Religious Hate
i know where you are if you continue.,Threat
"Just remember, i will come after you tomorrow.",Threat
our principal is just as capable in any profession,Non-Bullying
"hi, thanks a lot :)",Non-Bullying
the alt right is full of feminists white knight captain save a hoe beta cucks,Misogyny
"today, the class was interesting :)",Non-Bullying
"well, thanks 😊",Non-Bullying
please help me!,Non-Bullying
Today I am listening to music.,Non-Bullying
"today, could you help me!",Non-Bullying
"Be careful, you better run",Threat
"well, i finished my homework!",Non-Bullying
have a great day.,Non-Bullying
"I'm warning you, i will come to your house.",Threat
i will get you,Threat
You're proof that confidence doesn't require competence.,Insult
"hey, could you help me!",Non-Bullying
we will make you pay.,Threat
"I'm warning you, i will come to your house",Threat
Your logic makes less sense the more you try to explain it.,Insult
The women team won the match,Non-Bullying
"well, did you complete the assignment",Non-Bullying
"actually, everything is fine :)",Non-Bullying
"actually, i understand",Non-Bullying
"hello, you are my best friend",Non-Bullying
a woman are dumb and useless,Misogyny
"I'm warning you, i am going to hurt you.",Threat
i am going home.,Non-Bullying
The workshop was really useful.,Non-Bullying
Women in tech,Non-Bullying
"Trust me, i will deal with you soon if you continue.",Threat
"hey, that's fine!",Non-Bullying
oh goodie yet another ghetto lottery participant any excuse for the free giddings,Insult
"hello, i am having lunch!",Non-Bullying
"today, i learned something new today.",Non-Bullying
my uncle can be anything they want.,Non-Bullying
"actually, i learned something new today 😊",Non-Bullying
"today, i love this movie!",Non-Bullying
Young women inspire me every day.,Non-Bullying
"I'm warning you, if you tell anyone I will come for you.",Threat
Men are amazing at coding!,Non-Bullying
"You should know, i am going to hurt you tomorrow.",Threat
"hi, hi",Non-Bullying
<user> <user> animals kill more lhan abuse their bodies with homosexualism that means you think humans murdering is more natural than commit perversion of homo,Hate/Discrimination
Female are coming to the party,Non-Bullying
"today, nice to meet you 😊",Non-Bullying
Nobody in this room is impressed by whatever that was.,Insult
females are brilliant,Non-Bullying
that you got hoes damn,Insult
thanks that was actually helpful to me as i wasn t following <user> always good to find more kike gassers as there a lotta gassin to do,Religious Hate
y know what most annoying about this dyke being allowed in the usaf the fact that she can not even get her sleeve length correct a slob and a degenerate,Misogyny
"actually, okay thank you!",Non-Bullying
"hi, i need to study 😊",Non-Bullying
"hi, absolutely.",Non-Bullying
"today, absolutely.",Non-Bullying
"Trust me, i will hurt you!",Threat
"hi, you are my best friend!",Non-Bullying
so you are a one man ghetto,Insult
"actually, i am happy today :)",Non-Bullying
"Trust me, i will attack you!",Threat
"You should know, don't make me hurt you if you don't stop.",Threat
"You should know, don't make me hurt you!",Threat
"hey, hi there!",Non-Bullying
"today, when is the meeting!",Non-Bullying
": Lol bitch funny, i was over you from the min i tossed your ass to the curb",Insult
"actually, i am going home :)",Non-Bullying
"well, let's meet tomorrow",Non-Bullying
"Trust me, i will deal with you soon.",Threat
"You should know, you better run",Threat
female engineers deserve respect,Non-Bullying
"hi, see you tomorrow.",Non-Bullying
"I'm warning you, i am not going to let this go if you don't stop.",Threat
The song was enjoyable.,Non-Bullying
"actually, that's fine",Non-Bullying
i am coming for you tonight.,Threat
no white euros are my people i am in favor of christian refugees though muslim refugees can go to saudi arabia as far as i am concerned,Religious Hate
"If you keep posting about me, you will regret it.",Threat
The book is going well.,Non-Bullying
"hi, i really like you.",Non-Bullying
I be telling Mcgirt music ain't enough.You gotta have a non music related agenda.Them crackers want to sell something with your face.,Insult
"hi, what are you doing 😊",Non-Bullying
"I'm warning you, you are going to regret messing with me",Threat
male engineers are doing amazing work.,Non-Bullying
"Trust me, i am going to kill you tonight.",Threat
"actually, hello.",Non-Bullying
"hi, i am watching a movie :)",Non-Bullying
Girl are great,Non-Bullying
"hey, happy birthday!",Non-Bullying
"You should know, i will attack you!",Threat
"hi, i received the message.",Non-Bullying
"You should know, stay away from me or else tomorrow.",Threat
you better stop before something happens if you don't stop.,Threat
"Be careful, you should watch yourself!",Threat
woman are great,Non-Bullying
"well, i finished my homework 😊",Non-Bullying
don't be surprised when I'm a bitch to you because you're always a dick towards me,Insult
My sisters are very smart!,Non-Bullying
"Trust me, don't test me if you don't stop.",Threat
"hey, you mean a lot to me!",Non-Bullying
"I'm warning you, you have no idea what I will do",Threat
"Be careful, you better watch your back if you continue.",Threat
"She should stick to something easier, engineering was never going to work out for her.",Misogyny
"well, let's study together 😊",Non-Bullying
absolutely 😊,Non-Bullying
"Trust me, you better stop before something happens!",Threat
we need more lady in leadership,Non-Bullying
"hi, hey 😊",Non-Bullying
"actually, i have an exam tomorrow!",Non-Bullying
i had a great day.,Non-Bullying
"hello, i am going home :)",Non-Bullying
"Trust me, try me and see what happens if you don't stop.",Threat
we will get revenge if you come near me.,Threat
Women leaders are very smart.,Non-Bullying
"today, that looks great 😊",Non-Bullying
I am studying for my exam.,Non-Bullying
"hello, absolutely",Non-Bullying
boys are just as capable in any profession,Non-Bullying
"Just remember, if you tell anyone I will come for you if you keep doing this.",Threat
"I'm warning you, i swear I will get revenge if you keep doing this.",Threat
"Trust me, i know where you are!",Threat
A woman should stay silent,Misogyny
"Just remember, i will make sure you regret this.",Threat
"today, that is a good idea.",Non-Bullying
cnn in selma alabama right now invoking all the civil rights stuff saying african americans saved alabama by voting last night im giving it <number> yrs for widespread white persecution if something dont change,Hate/Discrimination
"hi, have a great day!",Non-Bullying
That girl played really well today.,Non-Bullying
"today, thank you :)",Non-Bullying
"well, i love this movie.",Non-Bullying
"hi, i completed my assignment!",Non-Bullying
young women are very smart,Non-Bullying
"hey, i am having lunch!",Non-Bullying
Woman are equal to men,Non-Bullying
"Trust me, i am coming for you!",Threat
"hello, you mean a lot to me :)",Non-Bullying
"today, i need to study 😊",Non-Bullying
"today, sure!",Non-Bullying
"well, everything is fine",Non-Bullying
"Just remember, keep talking and you will see what happens if you continue.",Threat
"actually, i received the file :)",Non-Bullying
i am coming for you!,Threat
my woman friends are very kind,Non-Bullying
women belong in the kitchen,Misogyny
"today, can you help me!",Non-Bullying
"hey, that is a good idea!",Non-Bullying
"Don't be a fool, wrap your tool! ....unless you wanna be a ratchet white bitch at the clinic with 4 baby daddies. She's apparently exempt",Insult
"Be careful, i will hurt you",Threat
"Just remember, i will make sure you regret this tomorrow.",Threat
"well, please send me the file 😊",Non-Bullying
"Trust me, one day I will get you if you don't stop.",Threat
The website is going well.,Non-Bullying
He constantly interrupts and mocks me every time I speak in class.,Harassment
both are children yes i talk to men about ideas i talk to women in funny animal videos,Misogyny
"I'm warning you, you better run!",Threat
you are my best friend.,Non-Bullying
"hey, i received the file.",Non-Bullying
"You should know, if you tell anyone I will come for you.",Threat
i am so glad i do not live there anymore i got out before the muslim invasion of minnesota,Religious Hate
"hey, i understand!",Non-Bullying
A man deserves equal pay.,Non-Bullying
"hi, let's meet tomorrow.",Non-Bullying
"hey, i am watching a movie!",Non-Bullying
Women are brilliant,Non-Bullying
if you come here I will hurt you if you continue.,Threat
"hey, i love you 😊",Non-Bullying
"hello, when is the meeting 😊",Non-Bullying
"hi, i am going home 😊",Non-Bullying
"You should know, you won't be safe!",Threat
I am thankful that my classmate helped me with my homework.,Non-Bullying
"actually, let's work on the project!",Non-Bullying
"hello, this is wonderful 😊",Non-Bullying
"actually, see you tomorrow",Non-Bullying
"actually, today is a beautiful day 😊",Non-Bullying
"Just remember, i know where you live!",Threat
"hello, glad to meet you!",Non-Bullying
"today, that sounds good!",Non-Bullying
you mean a lot to me 😊,Non-Bullying
"Be careful, try me and see what happens if you keep doing this.",Threat
"well, absolutely!",Non-Bullying
"actually, you mean a lot to me.",Non-Bullying
<user> kike jags up by <number> tds how dose that feel lmfao 😂 😃 😃 😃,Religious Hate
"actually, congratulations 😊",Non-Bullying
I will come for you if you continue.,Threat
our teacher is kind and helpful.,Non-Bullying
"well, thank you.",Non-Bullying
niggas she acting like bitches and bitches be loving these niggas wassup with these bitches,Misogyny
"I'm warning you, i will get you.",Threat
my boyfriend inspires me every day,Non-Bullying
You better watch yourself from now on.,Threat
"You should know, i will come to your house tonight.",Threat
"hi, thanks.",Non-Bullying
"actually, hello 😊",Non-Bullying
Nice to hear from you.,Non-Bullying
That community doesn't deserve equal treatment.,Hate/Discrimination
I am going to college.,Non-Bullying
My uncle is amazing at coding.,Non-Bullying
my female boss helped me a lot!,Non-Bullying
The event looks beautiful.,Non-Bullying
"well, i received the message 😊",Non-Bullying
i ’ m convinced all white girls are hoes,Misogyny
i received the message!,Non-Bullying
"well, what are you doing 😊",Non-Bullying
the man next door is strong and talented.,Non-Bullying
We should treat people from all religions equally.,Non-Bullying
"You should know, i will deal with you soon",Threat
"You should know, don't test me if you keep doing this.",Threat
my father is hardworking,Non-Bullying
"She only got promoted because she's a woman, not because she earned it.",Misogyny
girl and girls deserve safety,Non-Bullying
man that retarded old boomer fag has just been endlessly getting his old ass handed to him on here,Hate/Discrimination
women in sports,Non-Bullying
"hey, i completed my assignment!",Non-Bullying
"hello, i agree with you.",Non-Bullying
"hey, let's meet tomorrow :)",Non-Bullying
"hello, i am watching a movie 😊",Non-Bullying
"Just remember, you better watch your back tomorrow.",Threat
"I'm warning you, i swear I will hurt you tomorrow.",Threat
"You should know, keep talking and you will see what happens tomorrow.",Threat
dear terrorist brothers the quick brown moslem jumped over the lazy jew sincerely habib akhmed londonistan,Religious Hate
stupid bitch not paying attention looking for something in her car almost crashed right into me my life be flashing right before my eyes,Misogyny
someone will attack you if you don't stop.,Threat
i will make you pay if you keep doing this.,Threat
"Just remember, i am coming for you tomorrow.",Threat
"hi, can you explain this :)",Non-Bullying
"Let the men handle the technical stuff, it's not really her strength.",Misogyny
That ethnicity is the reason for all our problems.,Hate/Discrimination
I'm about to start a bad bitch mentoring association bc GIRL YOURE A BAD BITCH DONT LET ANYBODY TELL YA OTHER WISE,Insult
that's fine :),Non-Bullying
"today, that looks great.",Non-Bullying
"hello, did you complete the assignment.",Non-Bullying
"hey, i love you!",Non-Bullying
"Just remember, i will find you if you keep doing this.",Threat
"I'm warning you, i will make you pay",Threat
He helped me a lot.,Non-Bullying
"Trust me, i will get you",Threat
The class was really useful.,Non-Bullying
you better stop before something happens tonight.,Threat
All believers of this faith should be systematically locked away.,Religious Hate
any woman are only good for cooking and cleaning,Misogyny
"well, enjoy your day 😊",Non-Bullying
Girl!,Non-Bullying
got into my first car accident 🙄 a bitch was shook,Misogyny
You say no to ratchet pussy but juicy-j can't! Bands will make her dance,Insult
"You should know, i am not going to let this go if you keep doing this.",Threat
Women leaders inspire me every day,Non-Bullying
"You should know, you should watch yourself if you continue.",Threat
"hi, thanks a lot!",Non-Bullying
"hey, the class was interesting 😊",Non-Bullying
this is wonderful :),Non-Bullying
"well, i miss my friends",Non-Bullying
"well, how are you doing :)",Non-Bullying
"Be careful, keep provoking me and you will regret it.",Threat
"well, hi there :)",Non-Bullying
"Trust me, you will regret this tonight.",Threat
"hello, can you help me!",Non-Bullying
The meeting is going well.,Non-Bullying
you are not even white ya fucking kike suck that fuentes spic dick more fake ass kike moonman,Religious Hate
"hey, absolutely.",Non-Bullying
The assignment was helpful.,Non-Bullying
"I'm warning you, i will hurt anyone who gets in my way if you don't stop.",Threat
don't test me tomorrow.,Threat
"hey, i am happy today!",Non-Bullying
"You should know, i will find you if you don't stop.",Threat
"Trust me, i will attack you if you don't stop.",Threat
"Just remember, i know where you are if you don't stop.",Threat
"actually, i loved you so much!",Non-Bullying
women empowerment,Non-Bullying
"Just remember, i will get you tonight.",Threat
"Be careful, one day I will get you if you keep doing this.",Threat
"You should know, i know where you live.",Threat
"I know what you did, and you will pay.",Threat
"Just remember, keep talking and you will see what happens tonight.",Threat
someone will hurt you if you continue.,Threat
people work very hard,Non-Bullying
"hello, i need to study!",Non-Bullying
I met some women today,Non-Bullying
female students deserve equal pay!,Non-Bullying
"hey, i learned something new today.",Non-Bullying
girls deserve respect,Non-Bullying
Your sacred book is nothing but a manual for radical terrorism.,Religious Hate
"hey, what are you doing 😊",Non-Bullying
"hey, i am reading a book.",Non-Bullying
The meeting is working well.,Non-Bullying
our teacher is just as capable in any profession,Non-Bullying
"today, i need to study!",Non-Bullying
I swear you are going to pay for this.,Threat
": If you call my mom a bitch, your getting knocked out.on mamas",Insult
"You should know, i am coming for you!",Threat
have a great day,Non-Bullying
"actually, i had a great day :)",Non-Bullying
"well, i had a great day",Non-Bullying
"You should know, i am going to kill you if you continue.",Threat
"If you keep sending me threats, there will be consequences.",Threat
"hi, i am feeling good.",Non-Bullying
we need more ladies in leadership,Non-Bullying
"hi, no problem :)",Non-Bullying
"well, how are you doing 😊",Non-Bullying
"I'm warning you, you won't be safe",Threat
You know you kinda seem like a nasty bitch.,Insult
"well, glad to meet you.",Non-Bullying
"well, enjoy your day :)",Non-Bullying
"Be careful, i will kill you if you keep doing this.",Threat
"hi, i loved you so much 😊",Non-Bullying
Female in sports,Non-Bullying
my boyfriend won the competition.,Non-Bullying
this bitch is ugly on the inside and out hope she gets a job cleaning toilets and that it,Misogyny
"hi, i will message you later.",Non-Bullying
"hello, i had a great day :)",Non-Bullying
"hi, of course 😊",Non-Bullying
please send me the file,Non-Bullying
"hi, i am listening to music.",Non-Bullying
Know you didn't see it but I know you bitches heard it,Insult
"Trust me, you will be sorry!",Threat
"well, i really like this!",Non-Bullying
"Trust me, you are going to regret messing with me.",Threat
you and me both! probably some ghetto piece of shit who has nothing better to do with their lives...,Insult
"I'm warning you, i know where you live if you continue.",Threat
"hello, glad to meet you :)",Non-Bullying
thank you girl,Non-Bullying
the lecture was helpful,Non-Bullying
"well, i am having lunch",Non-Bullying
"actually, i really like you 😊",Non-Bullying
Like bitch you're a man. That means You don't show fear or pain. You be strong when others can't.,Insult
"actually, let's meet tomorrow 😊",Non-Bullying
could you help me,Non-Bullying
"today, what are you doing 😊",Non-Bullying
female students are doing amazing work,Non-Bullying
"today, nice to meet you",Non-Bullying
"well, i learned something new today.",Non-Bullying
"today, see you tomorrow!",Non-Bullying
my female boss is kind and helpful.,Non-Bullying
"hello, i need to study :)",Non-Bullying
Smokin on loud that will have yo ass panicking.... but wwn you show up all the hoes start vanishing!,Insult
what do girl think about this,Non-Bullying
"The theory of ""you say no to ratchet pussy, juicy j can't"" has been proven",Insult
let's work on the project!,Non-Bullying
male engineers are very smart!,Non-Bullying
"today, i am studying today!",Non-Bullying
They should stick to their own country instead of ruining ours.,Hate/Discrimination
yeah no feminism is kike mind poison inserted into the easily malleable female brain with the goal of undermining the white man,Misogyny
"Just remember, i swear I will hurt you if you keep doing this.",Threat
sounds great.,Non-Bullying
you are my best friend,Non-Bullying
my friend helped me with the project.,Non-Bullying
The Internet will make you think these bitches are who they're actually not.,Insult
"actually, what time is the class.",Non-Bullying
Yeah bitches. You know he was hot shit back in the day,Insult
"well, you are my best friend :)",Non-Bullying
i am watching a movie.,Non-Bullying
"actually, i miss my friends!",Non-Bullying
you dirty little bitch,Insult
"actually, i appreciate your help 😊",Non-Bullying
"well, see you tomorrow 😊",Non-Bullying
"today, best wishes to you",Non-Bullying
"hello, i learned something new today!",Non-Bullying
"I'm warning you, i will deal with you soon!",Threat
"hey, did you complete the assignment!",Non-Bullying
"hello, this song is beautiful :)",Non-Bullying
"hello, sure.",Non-Bullying
"I'm warning you, i am coming for you.",Threat
Don't come any closer or you will be sorry.,Threat
we need more females in leadership,Non-Bullying
"hey, best wishes to you!",Non-Bullying
hey 😊,Non-Bullying
"You should know, i will make you pay.",Threat
"You should know, keep provoking me and you will regret it tonight.",Threat
don't make me hurt you.,Threat
i am going home,Non-Bullying
"You should know, you have no idea what I will do if you keep doing this.",Threat
"actually, no problem.",Non-Bullying
"Be careful, if you tell anyone I will come for you tomorrow.",Threat
my sister shared the assignment.,Non-Bullying
you do not need to shut up i like when you talk exposes you as the kike loving shill that you are,Religious Hate
"hi, glad to meet you :)",Non-Bullying
our teacher is doing amazing work.,Non-Bullying
"hi, hi there 😊",Non-Bullying
"today, i received the message!",Non-Bullying
"today, i got it",Non-Bullying
I will teach you a lesson if you try that again.,Threat
"You give these bitches the Amex once, they gonna act like a chilly snob and try to go get that cardigan",Insult
everything is fine!,Non-Bullying
"actually, best wishes to you :)",Non-Bullying
"hello, let's study together.",Non-Bullying
"hey, that is a good idea",Non-Bullying
"hey, today is a beautiful day 😊",Non-Bullying
"Trust me, keep talking and you will see what happens tonight.",Threat
woman deserve equal rights,Non-Bullying
"hey, i really like this 😊",Non-Bullying
"today, no problem",Non-Bullying
I am thankful that my cousin recommended a good movie.,Non-Bullying
"hello, i love you",Non-Bullying
i am having lunch,Non-Bullying
i am going to kill you tomorrow.,Threat
"today, did you complete the assignment.",Non-Bullying
You a hoe if you like gettin drunk,Insult
"If this ugly to you, you either a gay nigga or a hating ass bitch",Insult
The class is going well.,Non-Bullying
congratulations!,Non-Bullying
"actually, i am watching a movie.",Non-Bullying
"hi, good luck",Non-Bullying
"hey, that looks great :)",Non-Bullying
country singers are all a bunch of cucks country music does not even sound like country anymore and a bunch of them seem like nigger lovers,Hate/Discrimination
"well, i have an exam tomorrow 😊",Non-Bullying
I will attack you if you keep doing this.,Threat
"hello, i am listening to music 😊",Non-Bullying
"actually, let's meet tomorrow!",Non-Bullying
"I'm warning you, if you do that again I will hurt you if you keep doing this.",Threat
"Trust me, you should watch yourself if you don't stop.",Threat
"Trust me, you should be scared if you don't stop.",Threat
"hey, please help me 😊",Non-Bullying
our teacher won the competition!,Non-Bullying
"hello, can we talk.",Non-Bullying
Good morning everyone.,Non-Bullying
"actually, i completed my assignment 😊",Non-Bullying
"hi, this is wonderful :)",Non-Bullying
You better be careful about what you say next.,Threat
"I'm warning you, i will find you.",Threat
how are you,Non-Bullying
working women can be anything they want,Non-Bullying
you won't be safe,Threat
realy bama dude speak russian wtf are you retard that not right at all,Insult
"You should know, i know where you live tonight.",Threat
: If you're going to talk shit about my sister. Don't play no pussy shit. Say it to her face yo! !,Insult
"well, i am studying today",Non-Bullying
my brother shared the assignment.,Non-Bullying
"actually, please send me the file",Non-Bullying
I work with talented girls,Non-Bullying
I will make you regret sending that message.,Threat
"You should know, you better run.",Threat
i will make you pay tomorrow.,Threat
"well, thanks!",Non-Bullying
boys are amazing at coding,Non-Bullying
The song was really useful.,Non-Bullying
This is your final warning to stop insulting me.,Threat
you mean a lot to me!,Non-Bullying
"hello, can you help me 😊",Non-Bullying
"actually, please help me!",Non-Bullying
"I'm warning you, you are going to regret messing with me.",Threat
you will be sorry if you don't stop.,Threat
"hi, this movie is amazing :)",Non-Bullying
Your pussy hella tight. Took me an hour to slide in that mothafucka : : Quote and I'll compliment you,Insult
"hello, could you help me!",Non-Bullying
"I'm warning you, i will hurt you if you continue.",Threat
"Just remember, i know where you live if you keep doing this.",Threat
"today, how are you",Non-Bullying
"today, let's meet tomorrow 😊",Non-Bullying
this is wonderful!,Non-Bullying
"hey, i finished my homework.",Non-Bullying
"""You gotta have luuuuube/All ya really need is luuuube!""- Dental Dam Yankees",Insult
I am thankful that my cousin helped me with the project.,Non-Bullying
"hey, best wishes to you 😊",Non-Bullying
"well, good luck.",Non-Bullying
"actually, see you tomorrow :)",Non-Bullying
you bitch Benito I thought I was the only one,Insult
"today, okay thank you!",Non-Bullying
"hey, hello",Non-Bullying
"hello, this song is beautiful 😊",Non-Bullying
rt if you hate yourself p.s. i hate you too,Insult
"actually, that looks great :)",Non-Bullying
"actually, i finished my homework :)",Non-Bullying
"hi, i need to study :)",Non-Bullying
"actually, i appreciate your help :)",Non-Bullying
cold sweatin stash in her throat this nigger purple sprite,Hate/Discrimination
"hello, today is a beautiful day :)",Non-Bullying
"hello, you mean a lot to me.",Non-Bullying
"hey, how are you doing.",Non-Bullying
someone will attack you if you try that again.,Threat
"Just remember, i am not going to let this go if you continue.",Threat
"Be careful, you won't be safe tomorrow.",Threat
"hey, i agree with you",Non-Bullying
that judge just broke federal laws he gonna get swept up with the rest of the retarded trash in cali,Insult
"actually, you are my best friend 😊",Non-Bullying
"Be careful, you better watch your back tomorrow.",Threat
I will come after you if you continue.,Threat
wives are weak and stupid,Misogyny
"Just remember, i know where you are tonight.",Threat
"hey, everything looks good!",Non-Bullying
try me and see what happens tonight.,Threat
"hey, congratulations",Non-Bullying
I will find you if you try that again.,Threat
"hey, what time is the class 😊",Non-Bullying
everything is fine,Non-Bullying
many women study here,Non-Bullying
"Trust me, you better stop before something happens.",Threat
"I don't feel like all black people are niggers but if you're black and you're being a nigger, imma tell you, idc",Insult
Typical brainless feminist trying to ruin every single fun community.,Misogyny
keep talking and you will see what happens if you don't stop.,Threat
"Trust me, i will make you pay",Threat
"I'm warning you, one day I will get you",Threat
<user> apparently there is some weird edl type plotline too one of the old main gay characters has been groomed to become a muzzy hater lmao,Religious Hate
<user> people who dislike his character went full retard,Insult
"Trust me, i know where you live.",Threat
"Trust me, i will come to your house.",Threat
"today, nice to meet you.",Non-Bullying
"hi, the lecture was helpful.",Non-Bullying
"well, hi.",Non-Bullying
Hope you are doing well.,Non-Bullying
i am studying today 😊,Non-Bullying
"Don't sending me threats again, or you will face consequences.",Threat
"hey, can we talk!",Non-Bullying
"well, today is a beautiful day",Non-Bullying
"hi, can you explain this.",Non-Bullying
"hey, please share the document 😊",Non-Bullying
"hi, what are you doing",Non-Bullying
i am watching a movie :),Non-Bullying
i agree with you!,Non-Bullying
"actually, see you tomorrow 😊",Non-Bullying
my classmate sent me the notes.,Non-Bullying
someone will find you if you try that again.,Threat
"hey, are you free today :)",Non-Bullying
Girls are inferior to men,Misogyny
"Trust me, i will deal with you soon tomorrow.",Threat
"well, i will message you later.",Non-Bullying
"actually, today is a beautiful day :)",Non-Bullying
i will make sure you regret this tomorrow.,Threat
Keep messaging me and you will regret it.,Threat
"today, good afternoon",Non-Bullying
that sounds good.,Non-Bullying
"today, i appreciate your help :)",Non-Bullying
"today, i am having lunch",Non-Bullying
"hello, i love you 😊",Non-Bullying
don't test me if you keep doing this.,Threat
that fuckin mustache that bitch used to look <number> and shit,Misogyny
my friend sent me a funny video.,Non-Bullying
working women are hardworking,Non-Bullying
"Trust me, i will make you pay if you don't stop.",Threat
"hey, thanks a lot 😊",Non-Bullying
Keep doing that and something bad will happen to you.,Threat
you are the definition of a kike who mad because you did not manage to exterminate all the goyim,Religious Hate
hoes quick to say they can fuck somebody else bf but what does that do for you but make you look bad? want a cookie?,Insult
can you explain this,Non-Bullying
"actually, what are you doing!",Non-Bullying
"hi, everything is fine",Non-Bullying
"Trust me, keep talking and you will see what happens tomorrow.",Threat
someone will make you pay if you try that again.,Threat
female students are strong and talented.,Non-Bullying
"well, glad to meet you :)",Non-Bullying
: : lol for what? Lol you dissing us shut up bitch,Insult
"hello, good evening",Non-Bullying
The trip is working well.,Non-Bullying
"today, today is a beautiful day.",Non-Bullying
"Trust me, one day I will get you!",Threat
"I know where you live, so be careful.",Threat
"hey, i am studying today 😊",Non-Bullying
my sister is kind and helpful,Non-Bullying
"hello, i am having lunch.",Non-Bullying
"today, have a great day",Non-Bullying
"Just remember, i won't forgive you!",Threat
ted cruz..leader..lol lol lol lol lol OMG lol lol lol lol lol you are a funny ass redneck...lol lol lol lol,Insult
"actually, what are you doing 😊",Non-Bullying
"actually, this song is beautiful!",Non-Bullying
"today, i miss my friends!",Non-Bullying
"hey, can you send me the notes",Non-Bullying
Life's a bitch then you die- Tony,Insult
that girl is strong and talented,Non-Bullying
"actually, i am going to college today",Non-Bullying
"Be careful, one day I will get you if you continue.",Threat
"Just remember, i swear I will hurt you if you don't stop.",Threat
i will make you pay.,Threat
"well, that's fine :)",Non-Bullying
I will get revenge if you don't stop.,Threat
My grandmother inspires me every day,Non-Bullying
rant the nasty blackheaded bitch is ruining fox n friends on memorial day she belongs on shepsmith show not f f,Misogyny
you won't be safe.,Threat
"today, i am listening to music :)",Non-Bullying
had like <number> followers when gab was cool now its like what the fuck am i doin here nigger,Hate/Discrimination
i know where you live tomorrow.,Threat
where are you going!,Non-Bullying
"Damn you bitch you never answer me anymore... LMAO JK ILY! Anyway glad of your first show, be safe when going to the next one",Insult
In life you must ask yourself...are you a chosen one or a basic bitch?,Insult
"I'm warning you, i will find you if you keep doing this.",Threat
"today, did you complete the assignment",Non-Bullying
"actually, good afternoon :)",Non-Bullying
i like this song :),Non-Bullying
having hoes is a sport dominated by females,Misogyny
"Trust me, i am not going to let this go if you keep doing this.",Threat
"today, i appreciate your help!",Non-Bullying
young women won the competition.,Non-Bullying
"Trust me, you better run tomorrow.",Threat
I was working on my project yesterday.,Non-Bullying
You should be scared,Threat
"well, glad to meet you",Non-Bullying
"You should know, don't test me if you don't stop.",Threat
"Be careful, you should be scared tomorrow.",Threat
"well, i really like this 😊",Non-Bullying
i agree with you,Non-Bullying
"I'm warning you, i will make sure you regret this tomorrow.",Threat
good morning!,Non-Bullying
"well, how are you.",Non-Bullying
"hey, see you tomorrow",Non-Bullying
ugly women posting selfies is harassment,Misogyny
facetuning yourself and not the bitch next to you in the photograph is a fucking hate crime,Misogyny
"Just remember, don't test me.",Threat
someone will get revenge if you keep doing this.,Threat
"I'm warning you, i will find you tomorrow.",Threat
"You should know, i will kill you if you continue.",Threat
"actually, hi!",Non-Bullying
"hey, of course :)",Non-Bullying
"bitch shut up and hand me some of those flowers you selling, the light is about to change.",Insult
"Trust me, i swear I will get revenge tomorrow.",Threat
<user> <user> look at all these retards attacking a congresswoman who doesnt represent their district what sad losers,Insult
"Be careful, if you do that again I will hurt you tomorrow.",Threat
this hoe needs to get beat down omg,Misogyny
"Be careful, i will deal with you soon",Threat
I will come for you if you don't stop.,Threat
"Just remember, i am coming for you tonight.",Threat
"hey, i love this movie.",Non-Bullying
"Be careful, i know where you live",Threat
"well, what time is the class.",Non-Bullying
if you come here I will hurt you!,Threat
someone will come for you if you don't stop.,Threat
You're an idiot and it shows every time you speak.,Insult
"hi, what time is the class",Non-Bullying
"Be careful, don't make me hurt you if you don't stop.",Threat
"well, the lecture was helpful.",Non-Bullying
"hey, can you help me :)",Non-Bullying
"hey, i had a great day!",Non-Bullying
"hello, everything is fine",Non-Bullying
"hello, absolutely :)",Non-Bullying
the sunset things about this land of immigrants is that immigrants are not welcome here 🙂 usa donaldtrump,Hate/Discrimination
"You should know, try me and see what happens tonight.",Threat
"actually, congratulations",Non-Bullying
oh shit this means the weirdo will have more time on his hands to write another book well at least his retarded fans the idiots who bought his first book will be happy,Insult
"today, thank you so much.",Non-Bullying
"hello, see you tomorrow :)",Non-Bullying
<user> who she is doesn ’ t know but muslim not a victim here in india many hindus top mob lynched by muslims,Religious Hate
the boys in my class are kind and helpful!,Non-Bullying
do you remember when you could go out in public in europe without being sexually assaulted by some sand nigger goat fuckers pepperidge farms remembers speak freely maga,Hate/Discrimination
someone will make you pay if you come near me.,Threat
"today, i completed my assignment!",Non-Bullying
"You should know, i know where you are",Threat
"Frankly, integrating them into our schools was a mistake from the start.",Hate/Discrimination
"hi, i got it",Non-Bullying
"actually, are you free today",Non-Bullying
My boyfriend deserves equal pay.,Non-Bullying
in britain the prime minister a childless woman london mayor a moslem invader in command of london police a lesbian in command of london fire brigade a fat woman scotland first minister a childless woman,Misogyny
"hi, i am going home :)",Non-Bullying
"hello, you are welcome",Non-Bullying
"I'm warning you, i swear I will hurt you tonight.",Threat
"actually, i have an exam tomorrow",Non-Bullying
Wives are always overreacting and annoying,Misogyny
"actually, that sounds good!",Non-Bullying
"hi, thank you.",Non-Bullying
i will hurt anyone who gets in my way tomorrow.,Threat
"I'm warning you, you will regret this if you don't stop.",Threat
i have an exam tomorrow :),Non-Bullying
my girlfriend deserves respect,Non-Bullying
Men work very hard,Non-Bullying
"Be careful, try me and see what happens if you don't stop.",Threat
"Trust me, i swear I will hurt you if you don't stop.",Threat
niggas be acting like bitches,Misogyny
<user> because your to fat bitch,Insult
"well, please send me the file!",Non-Bullying
"hello, did you complete the assignment!",Non-Bullying
"Be careful, i will get you if you don't stop.",Threat
you're are only a hoe when you fuck him and think you're pregnant ... Not when you party together,Insult
"Be careful, if you come here I will hurt you tomorrow.",Threat
keep provoking me and you will regret it if you don't stop.,Threat
"hello, you are my best friend :)",Non-Bullying
"today, i really like this",Non-Bullying
"Trust me, i will hurt you if you keep doing this.",Threat
"You should know, i will get you tomorrow.",Threat
"hi, i love you!",Non-Bullying
I am thankful that my brother gave me some useful advice.,Non-Bullying
that boy played really well today,Non-Bullying
let's study together :),Non-Bullying
This is your final warning to stop posting about me.,Threat
lady are equal to men,Non-Bullying
good luck :),Non-Bullying
no be better is the advice from the conservatively loved first lady can not be a slut if you have never had sex btw,Insult
"well, happy birthday :)",Non-Bullying
"well, see you later.",Non-Bullying
ladies are very smart.,Non-Bullying
"well, i love this movie!",Non-Bullying
"today, that sounds good :)",Non-Bullying
"well, i have an exam tomorrow :)",Non-Bullying
Boys work very hard.,Non-Bullying
"Trust me, i know where you live!",Threat
The movie looks great.,Non-Bullying
i will come after you,Threat
females deserve equal rights,Non-Bullying
"You should know, you have no idea what I will do tomorrow.",Threat
you have no idea what I will do if you continue.,Threat
i received the message :),Non-Bullying
"hi, i am going to college today!",Non-Bullying
people who ship kylorey just wanna justify their own relationship with their nazi boyfriend,Misogyny
"It ain't nothing like chasing money cause you have a purpose, but chasing these hoes for what? *Vice Versa*",Insult
"today, i am reading a book :)",Non-Bullying
"I'm warning you, try me and see what happens",Threat
<user> you think they ’ re nazis,Insult
fakenews that would be the mainstream media cnn msm msnbc cbs nbc etc so please stop blaming us the voter and the alternative media for your stupidity and you going full retard,Insult
"Just remember, you should watch yourself if you don't stop.",Threat
my sisters are amazing at coding,Non-Bullying
"Trust me, one day I will get you tomorrow.",Threat
"actually, have a great day.",Non-Bullying
"Be careful, don't test me",Threat
the boys in my class are very smart,Non-Bullying
"hey, everything looks good.",Non-Bullying
Scott told me at work today he wants to come over to get me drunk and then seduce my girlfriend... I'll kill you bitch,Insult
Moreno be a little bitch. You dumb bitch.,Insult
"hey, the lecture was helpful",Non-Bullying
"hello, i will message you later :)",Non-Bullying
"today, you mean a lot to me",Non-Bullying
the woman next door can be anything they want,Non-Bullying
my mother is strong and talented,Non-Bullying
adulthood is the most ghetto hood i ’ ve ever been in bitch i hate it here,Insult
"actually, thanks 😊",Non-Bullying
"hi, have a nice day.",Non-Bullying
"well, i appreciate your help.",Non-Bullying
I support lady,Non-Bullying
"Just remember, i swear I will get revenge tonight.",Threat
"Just remember, stay away from me or else tonight.",Threat
I've met houseplants with more common sense than you.,Insult
"Just remember, you better run if you don't stop.",Threat
if u get mad or in ur feelings bout Zoe's vs Yanks tweets then twitter ain't for u!!! I be rolling at this shit tho,Insult
I am glad that my brother sent me the notes.,Non-Bullying
"hey, hi there :)",Non-Bullying
"hi, good luck :)",Non-Bullying
"actually, i really like this!",Non-Bullying
"hello, are you free today",Non-Bullying
my brother won the competition,Non-Bullying
ill finger ur tight pussy so slowly you'll be moaning my name bby,Insult
"well, everything is fine :)",Non-Bullying
my cousin called me yesterday.,Non-Bullying
"hello, i agree with you 😊",Non-Bullying
"I'm warning you, you should watch yourself!",Threat
I'm actually with my boys right now. Your dorky ass is with your mom & dad watching Streit make you his bitch,Insult
a bunch of ppl who are not in twp or los and never will be arguing over what symbols and optics they should use is retarded,Insult
"Be careful, i will kill you if you continue.",Threat
"I'm warning you, i am going to hurt you",Threat
the men in my team work very hard.,Non-Bullying
"I'm warning you, i am going to hurt you if you keep doing this.",Threat
The course is working well.,Non-Bullying
Woman!,Non-Bullying
the woman next door is doing amazing work,Non-Bullying
"I'm warning you, you have no idea what I will do.",Threat
you better run,Threat
we will make you pay if you don't stop.,Threat
"Hello, how are you?",Non-Bullying
"hello, best wishes to you!",Non-Bullying
"today, i got it.",Non-Bullying
"Trust me, don't test me tonight.",Threat
"hello, where are you going!",Non-Bullying
you here good songs on the radio but it ain't about positivity its mainly bout hoe problems killing and/or moving weight,Insult
that is a good idea!,Non-Bullying
Lady empowerment,Non-Bullying
"actually, nice to meet you 😊",Non-Bullying
"actually, i love this movie.",Non-Bullying
i am going home!,Non-Bullying
"hi, sure!",Non-Bullying
"I'm warning you, i know where you live if you keep doing this.",Threat
"hi, sounds great!",Non-Bullying
my husband deserves respect,Non-Bullying
"You should know, i am not going to let this go",Threat
"today, okay thank you 😊",Non-Bullying
"well, can we talk 😊",Non-Bullying
You will be sorry,Threat
if you come here I will hurt you if you keep doing this.,Threat
"Just remember, you better stop before something happens if you keep doing this.",Threat
"actually, that looks great!",Non-Bullying
"hey, i am listening to music!",Non-Bullying
"I'm warning you, you will regret this.",Threat
thank you!,Non-Bullying
The boys in my class help each other a lot!,Non-Bullying
"His kind never really assimilates, do they?",Hate/Discrimination
if you tell anyone I will come for you tonight.,Threat
"well, what are you doing :)",Non-Bullying
"Trust me, you better stop before something happens if you keep doing this.",Threat
I am thankful that my sister sent me the notes.,Non-Bullying
"well, i love my family 😊",Non-Bullying
"hi, i miss my friends 😊",Non-Bullying
"today, you mean a lot to me 😊",Non-Bullying
"hey, i like this song.",Non-Bullying
"today, hey!",Non-Bullying
can you explain this.,Non-Bullying
"Trust me, you will regret this if you don't stop.",Threat
"hi, have a nice day!",Non-Bullying
"I'm warning you, i know where you are if you keep doing this.",Threat
"Just remember, i will kill you",Threat
Good luck with your exam.,Non-Bullying
"well, i really like this",Non-Bullying
he won the science award,Non-Bullying
"actually, see you later",Non-Bullying
"actually, i appreciate your help",Non-Bullying
it about time trump fires this little kike whore and jared too,Religious Hate
Tyler's my bitch. Sorry but I own you.,Insult
working men are doing amazing work,Non-Bullying
"hello, this movie is amazing :)",Non-Bullying
"hello, i loved you so much.",Non-Bullying
"hi, are you free today :)",Non-Bullying
You better stop insulting me before this gets worse.,Threat
females should not vote,Misogyny
"hello, hi there",Non-Bullying
<user> that ching chong nigga sound good with that gdjskscwdiswigshsbgdvce,Hate/Discrimination
: I DONT FUCK YOUUU u lil stupid ass bitch I AINT FUCKIN WIT YOU u lil dumbass bitch I AINT FUCKIN WIT YOU,Insult
"I'm warning you, you are going to regret messing with me tomorrow.",Threat
"Just remember, stay away from me or else.",Threat
"I'm warning you, i know where you live!",Threat
"today, can you send me the notes!",Non-Bullying
"You should know, don't test me.",Threat
"I'm warning you, i will come after you!",Threat
I am happy today,Non-Bullying
our teacher can be anything they want,Non-Bullying
You should watch yourself,Threat
"hi, no worries!",Non-Bullying
"If you expose this, you will regret it.",Threat
"hey, okay thank you.",Non-Bullying
"well, i will message you later",Non-Bullying
A woman is kind and helpful!,Non-Bullying
"I'm warning you, i will find you if you continue.",Threat
"I'm warning you, you better watch your back tomorrow.",Threat
I am glad that my parents helped me with the project.,Non-Bullying
My wife is amazing at coding.,Non-Bullying
"today, hey :)",Non-Bullying
i know where you live if you don't stop.,Threat
"Trust me, i am going to hurt you if you don't stop.",Threat
"Just remember, i will hurt anyone who gets in my way.",Threat
i know where you are tomorrow.,Threat
"well, sounds great",Non-Bullying
"hi, happy birthday.",Non-Bullying
"today, i really like you 😊",Non-Bullying
"hi, that sounds good :)",Non-Bullying
"I'm warning you, one day I will get you tomorrow.",Threat
I am thankful that my brother helped me with my homework.,Non-Bullying
"You can't trust anyone from that part of the world, simple as that.",Hate/Discrimination
"actually, i need to study 😊",Non-Bullying
Just lets you know we all self conscious even the pretty bitches,Insult
that looks great :),Non-Bullying
you better stop before something happens tomorrow.,Threat
"Just remember, i will make you pay if you continue.",Threat
He keeps pestering my friends to get information about me.,Harassment
keep provoking me and you will regret it tomorrow.,Threat
one day I will get you if you don't stop.,Threat
"hi, you mean a lot to me :)",Non-Bullying
"You should know, keep provoking me and you will regret it if you keep doing this.",Threat
"hi, i care about you 😊",Non-Bullying
are not you late for watching your wife getting gang banged by nigger apes you race traitor cuck a war is coming asshole,Hate/Discrimination
"Be careful, i am going to kill you if you don't stop.",Threat
you hoes ain't loyal,Insult
"I'm warning you, i swear I will get revenge.",Threat
i received the file.,Non-Bullying
"Go back to your own country, you don't belong here.",Hate/Discrimination
"hi, i will message you later :)",Non-Bullying
"well, let's study together",Non-Bullying
"hello, nice to meet you!",Non-Bullying
"Be careful, i will come to your house tonight.",Threat
my grandmother is just as capable in any profession,Non-Bullying
ladies and men,Non-Bullying
"Trust me, you won't be safe tomorrow.",Threat
working men played really well today,Non-Bullying
I'm warning you for the last time.,Threat
It's hard to respect people who follow something so clearly outdated.,Religious Hate
my mom is my hero,Non-Bullying
That has to be the weakest argument I've heard all year.,Insult
"Just remember, you won't be safe tonight.",Threat
my wife is strong and talented,Non-Bullying
She keeps posting my old photos without permission just to upset me.,Harassment
All these forms and bitch you still don't get what I'm saiyan,Insult
"hi, absolutely",Non-Bullying
what time is the class,Non-Bullying
"Just remember, i will attack you if you continue.",Threat
"today, best wishes to you!",Non-Bullying
Thank you females,Non-Bullying
"hi, can we talk :)",Non-Bullying
People of that faith are all dangerous and should be avoided.,Religious Hate
"actually, let's study together!",Non-Bullying
You know what fuck that bitch and you didnt react? girl it's me and you,Insult
"actually, this song is beautiful.",Non-Bullying
"hey, how are you.",Non-Bullying
Ahhhh but now I'm fuckin all you niqqa's hoes,Insult
Wives are naturally less intelligent than men,Misogyny
A girl who getting it in school and work.... I applaud you! Y'all the real bitches! Y'all doing what you do and doing it well!,Insult
"hi, thanks a lot 😊",Non-Bullying
reminder that having asperger and being retarded or two entirely different things,Insult
"actually, this movie is amazing.",Non-Bullying
"Just remember, you should be scared if you keep doing this.",Threat
"well, i learned something new today!",Non-Bullying
"Be careful, i won't forgive you",Threat
"If you targeting me again, you will be sorry.",Threat
i will hurt anyone who gets in my way if you keep doing this.,Threat
"hey, this movie is amazing :)",Non-Bullying
"actually, of course.",Non-Bullying
did you complete the assignment :),Non-Bullying
A woman can't drive properly,Misogyny
: what class you in right now? I need my headphones for seventh period I'm serious bitch ass.ms.Trophenboum,Insult
i am coming for you tomorrow.,Threat
it is a conspiracy theory retard <user>,Hate/Discrimination
"actually, best wishes to you",Non-Bullying
My bitch cold not average. You couldn't fuck my last bitch,Insult
we will come for you if you come near me.,Threat
"hey, please share the document!",Non-Bullying
You should be afraid of what happens next.,Threat
I am thankful that my friend helped me with the project.,Non-Bullying
"You should know, i will hurt anyone who gets in my way if you keep doing this.",Threat
The trip was enjoyable.,Non-Bullying
A woman helped me a lot,Non-Bullying
i received the file :),Non-Bullying
"Just remember, i will find you tonight.",Threat
lady?,Non-Bullying
"actually, hi 😊",Non-Bullying
the woman next door deserves respect,Non-Bullying
He is amazing at coding,Non-Bullying
hey.,Non-Bullying
let's study together.,Non-Bullying
"You should know, you should watch yourself if you keep doing this.",Threat
u call ur bestie a bitch I'm guessing she's a dog that barks too much,Insult
"hey, i am listening to music 😊",Non-Bullying
"""I would rather you call me bitch than sir"" -my manager",Insult
I am going to hurt you,Threat
fast nigger wants to drive fass see ya at the next red light nigga,Hate/Discrimination
"hello, let's meet tomorrow!",Non-Bullying
<user> still retarded and annoying lol,Insult
"hello, what are you doing",Non-Bullying
"If you keep messaging me, there will be consequences.",Threat
"You should know, i will deal with you soon if you don't stop.",Threat
"Trust me, try me and see what happens.",Threat
Can you really take dick or nah? Can I bring another bitch or nah?,Insult
i swear I will hurt you if you don't stop.,Threat
"today, i learned something new today 😊",Non-Bullying
we will attack you if you continue.,Threat
"actually, glad to meet you",Non-Bullying
I asked him to stop three times and he just messages more aggressively now.,Harassment
"well, best wishes to you",Non-Bullying
Every girl are only good for cooking and cleaning,Misogyny
"today, have a great day 😊",Non-Bullying
one day I will get you tomorrow.,Threat
"actually, good morning",Non-Bullying
i will call you later :),Non-Bullying
i will get you.,Threat
"today, i am reading a book 😊",Non-Bullying
"You should know, i will kill you",Threat
i will come to your house!,Threat
"hey, see you later :)",Non-Bullying
"Trust me, i am going to hurt you tonight.",Threat
"hello, good luck!",Non-Bullying
"well, i am feeling good!",Non-Bullying
"hello, let's study together!",Non-Bullying
You will be sorry for what you said.,Threat
"hi, take care",Non-Bullying
"today, i love my family.",Non-Bullying
"I'm warning you, i will kill you if you keep doing this.",Threat
"today, i love this movie.",Non-Bullying
"Trust me, i swear I will hurt you",Threat
"hello, i love this movie.",Non-Bullying
Pop a molly? Why don't some of you hoes start popping birth control,Insult
"Trust me, i am not going to let this go if you don't stop.",Threat
"hi, i am happy today.",Non-Bullying
bitch thats yo nigga ....well you aint his bitch,Insult
thank you so much 😊,Non-Bullying
I'm going to make your life miserable starting tomorrow.,Threat
"actually, i love my family!",Non-Bullying
look at those two hoes a dirty hoe and a back hoe because she came back to profit off of djt hoe,Misogyny
"hey, no problem :)",Non-Bullying
the girls played really well today,Non-Bullying
You niggaz really think yo niggaz/n yo bitch solid guarantee yo nigga will hav her choosin n wont tell ya,Insult
"Be careful, one day I will get you if you don't stop.",Threat
"well, i agree with you 😊",Non-Bullying
I am glad that my cousin called me yesterday.,Non-Bullying
"well, i had a great day.",Non-Bullying
"actually, i like this song.",Non-Bullying
I am reading a book,Non-Bullying
the women in my team are very smart.,Non-Bullying
"today, you mean a lot to me :)",Non-Bullying
females are dumb and useless,Misogyny
The class was enjoyable.,Non-Bullying
"You should know, you better run!",Threat
"today, i am studying today",Non-Bullying
"Just remember, i will come to your house if you continue.",Threat
"I'm warning you, i will kill you tomorrow.",Threat
"You should know, i swear I will hurt you if you don't stop.",Threat
"You should know, i will come to your house.",Threat
Woman in sports,Non-Bullying
You have no idea what I will do,Threat
"Trust me, i swear I will hurt you if you keep doing this.",Threat
"Be careful, you better watch your back.",Threat
"You're a joke, nobody respects you.",Insult
That boy is strong and talented.,Non-Bullying
glad to meet you 😊,Non-Bullying
"Be careful, don't make me hurt you!",Threat
"actually, i will call you later",Non-Bullying
"today, i miss my friends :)",Non-Bullying
i will come after you tomorrow.,Threat
"Be careful, i am going to kill you if you continue.",Threat
Girl are brilliant,Non-Bullying
"hello, congratulations 😊",Non-Bullying
"actually, have a nice day",Non-Bullying
"well, i am going home.",Non-Bullying
"hi, i love my family :)",Non-Bullying
"hey, good luck",Non-Bullying
He left a thoughtful comment on my post.,Non-Bullying
My aunt is amazing at coding!,Non-Bullying
i swear I will hurt you if you continue.,Threat
"hi, no worries 😊",Non-Bullying
"today, i love you :)",Non-Bullying
"Be careful, i will attack you tomorrow.",Threat
"hi, thank you :)",Non-Bullying
ladies deserve equal pay.,Non-Bullying
females.,Non-Bullying
happy birthday!,Non-Bullying
"Trust me, you will regret this tomorrow.",Threat
my uncle inspires me every day!,Non-Bullying
"hi, see you later :)",Non-Bullying
"hello, please send me the file!",Non-Bullying
"hi, what are you doing!",Non-Bullying
i will deal with you soon tonight.,Threat
"today, glad to meet you!",Non-Bullying
good morning 😊,Non-Bullying
"today, hi there :)",Non-Bullying
ill fight you ! Ya big daft cunt .,Insult
i swear I will hurt you tonight.,Threat
"Just remember, i will attack you if you don't stop.",Threat
"hello, please send me the file",Non-Bullying
"hello, i got it 😊",Non-Bullying
"hi, i love my family.",Non-Bullying
"hey, this is wonderful.",Non-Bullying
Stop messaging me or you will regret it.,Threat
"hi, thanks a lot.",Non-Bullying
no worries :),Non-Bullying
"actually, everything is fine.",Non-Bullying
"actually, i have an exam tomorrow.",Non-Bullying
my females friends are very kind,Non-Bullying
You must be part of the cat family. . Cuz you're a fucking pussy,Insult
"actually, no worries.",Non-Bullying
female students are just as capable in any profession,Non-Bullying
"actually, thank you.",Non-Bullying
a man inspires me every day,Non-Bullying
The women in my team help each other a lot,Non-Bullying
"hello, i am studying today 😊",Non-Bullying
"Trust me, try me and see what happens",Threat
"hey, take care!",Non-Bullying
"today, i really like this!",Non-Bullying
honorary holocaust survivors these <number>,Religious Hate
I am coming for you,Threat
Whatever. No matter how many times kids fuck me over I will never become I pussy. I promise you that.,Insult
The application was enjoyable.,Non-Bullying
if you come here I will hurt you,Threat
"Be careful, try me and see what happens!",Threat
"hey, thanks a lot.",Non-Bullying
"hi, congratulations",Non-Bullying
We need to refactor this specific code block to prevent memory leaks.,Non-Bullying
i have an exam tomorrow,Non-Bullying
i am listening to music.,Non-Bullying
"Just remember, you have no idea what I will do if you keep doing this.",Threat
"hi, hello",Non-Bullying
"I'm warning you, i will hurt you!",Threat
"actually, of course",Non-Bullying
"today, i am having lunch.",Non-Bullying
The women in my team are hardworking.,Non-Bullying
"hello, when is the meeting :)",Non-Bullying
someone will find you if you tell anyone.,Threat
"well, congratulations.",Non-Bullying
"Trust me, you should watch yourself if you continue.",Threat
Their religious beliefs make them inferior to us.,Religious Hate
"Just remember, i will kill you if you keep doing this.",Threat
just like jesus rose lazarus for some reason he rose these horrible hoes hjklgfdszcvbgffd,Misogyny
"Be careful, i know where you live tonight.",Threat
"Trust me, you better watch your back.",Threat
I support girls,Non-Bullying
"You get drunk with a bitch and u try and grab her ass she get all offended, Well excuse me bitch I thought u were a hoe",Insult
"today, how are you doing :)",Non-Bullying
Nobody takes someone as foolish as you seriously.,Insult
"Be careful, i know where you live if you continue.",Threat
I love this movie,Non-Bullying
"hi, the lecture was helpful 😊",Non-Bullying
"Trust me, i will hurt you.",Threat
I can't believe someone actually pays you to think.,Insult
I am thankful that my sister shared the assignment.,Non-Bullying
doctors are hardworking,Non-Bullying
"hi, how are you",Non-Bullying
"I'm warning you, i am going to kill you!",Threat
"hi, i agree with you.",Non-Bullying
"actually, that's fine :)",Non-Bullying
I will make you sorry if you continue to interfering with me.,Threat
"actually, please send me the file 😊",Non-Bullying
i agree all shitskins need to be gassed along with their kike puppet masters,Religious Hate
Team leaders are very smart,Non-Bullying
"hi, i finished my homework",Non-Bullying
i will kill you tomorrow.,Threat
The men in my team are doing amazing work!,Non-Bullying
You will face consequences if you come near me again.,Threat
"today, i completed my assignment 😊",Non-Bullying
The book was enjoyable.,Non-Bullying
"well, all the best!",Non-Bullying
"hey, i love this movie :)",Non-Bullying
"well, okay thank you :)",Non-Bullying
"hello, what time is the class!",Non-Bullying
"actually, please share the document 😊",Non-Bullying
"Trust me, keep talking and you will see what happens!",Threat
"hi, i learned something new today",Non-Bullying
"hi, i had a great day.",Non-Bullying
i will message you later!,Non-Bullying
"You should know, i am going to hurt you if you don't stop.",Threat
"well, you are my best friend 😊",Non-Bullying
good luck.,Non-Bullying
"Trust me, i know where you are.",Threat
"Trust me, stay away from me or else.",Threat
"Trust me, you have no idea what I will do if you keep doing this.",Threat
The class was helpful.,Non-Bullying
yeah that one was special he got really mad at people that called him out on it too it a common kike tactic that the ragheads picked up on too,Religious Hate
I will get revenge if you continue.,Threat
i am going to college today!,Non-Bullying
"Just remember, i will hurt you if you keep doing this.",Threat
that guy michael winner is a moron and a liar probably a fucking raghead in all actuality,Insult
"well, good evening 😊",Non-Bullying
my father is just as capable in any profession.,Non-Bullying
my teacher recommended a good movie.,Non-Bullying
My male boss is kind and helpful.,Non-Bullying
someone will come for you.,Threat
"hello, take care",Non-Bullying
"today, i am watching a movie!",Non-Bullying
good morning woman,Non-Bullying
matt you are probably arguing with a kike they are what they accuse others of its a waste of time,Religious Hate
someone will make you pay if you keep doing this.,Threat
you are going to regret messing with me if you don't stop.,Threat
"You should know, i am going to kill you.",Threat
"hey, are you free today 😊",Non-Bullying
"today, i love my family :)",Non-Bullying
"I'm warning you, you better run tomorrow.",Threat
"hey, did you complete the assignment",Non-Bullying
"I'm warning you, i will make you pay.",Threat
"actually, i love you!",Non-Bullying
"Just remember, i will kill you if you don't stop.",Threat
"I'm warning you, i won't forgive you!",Threat
"hi, please share the document!",Non-Bullying
female doctors work very hard,Non-Bullying
i finished my homework :),Non-Bullying
men are great leaders.,Non-Bullying
"hi, thanks",Non-Bullying
this is wonderful 😊,Non-Bullying
You better stop talking about me online before this gets worse.,Threat
i am going to hurt you tonight.,Threat
thanks 😊,Non-Bullying
Our teacher works very hard,Non-Bullying
"today, thank you",Non-Bullying
"hello, good morning 😊",Non-Bullying
any woman are weak and stupid,Misogyny
lady's day wishes,Non-Bullying
i won't forgive you if you keep doing this.,Threat
"Just remember, try me and see what happens if you keep doing this.",Threat
"Be careful, i am going to hurt you!",Threat
"actually, i am feeling good :)",Non-Bullying
dam 😵 bitch you aint gone say hay,Misogyny
"today, i am going home.",Non-Bullying
"hey, the lecture was helpful 😊",Non-Bullying
I am glad that my cousin sent me a funny video.,Non-Bullying
"well, have a nice day.",Non-Bullying
I am thankful that my sister sent me a funny video.,Non-Bullying
apparently we are at the ghetto tgifridays all that missing is some pimps ho every other stereotype is here though,Insult
"You should know, you have no idea what I will do",Threat
"actually, enjoy your day.",Non-Bullying
"Trust me, you better watch your back if you continue.",Threat
lady are coming to the party,Non-Bullying
"today, good morning",Non-Bullying
female doctors are strong and talented,Non-Bullying
i really like this!,Non-Bullying
"You should know, you won't be safe tomorrow.",Threat
"hi, everything is fine :)",Non-Bullying
you little stupid ass bitch i aint fucking with you,Insult
You better not mess with me again.,Threat
what an ugly bitch and a moozie fucking whore drag it into court and start asing questions from gowdy,Misogyny
"Be careful, you should be scared",Threat
Girls deserve equal rights,Non-Bullying
The project was interesting.,Non-Bullying
My sister deserves respect.,Non-Bullying
"hello, no problem.",Non-Bullying
She played really well today,Non-Bullying
females and men,Non-Bullying
sheeeeeit you tell me! I wana fat bitch that smell like bologna,Insult
I will teach you a lesson if you don't stop.,Threat
"I'm warning you, if you come here I will hurt you if you keep doing this.",Threat
"Just remember, don't make me hurt you",Threat
Keep bothering me and you will regret it.,Threat
Slim niggah but you know i love em thick,Insult
"well, hey.",Non-Bullying
"well, no worries",Non-Bullying
<user> <user> in <number> 8 kick a retard,Insult
you better run tomorrow.,Threat
Female are welcome,Non-Bullying
"Trust me, you have no idea what I will do",Threat
many ladies study here,Non-Bullying
"Trust me, i am coming for you.",Threat
"actually, i finished my homework!",Non-Bullying
"Stop now, or I won't be responsible for what happens.",Threat
"hello, i am happy today 😊",Non-Bullying
nothing anglin writes today will ever beat how to be a nigger on twitter that article had me howling for days,Hate/Discrimination
my classmate sent me a funny video.,Non-Bullying
"hey, i am happy today.",Non-Bullying
Keep posting about me and you will regret it.,Threat
"Just remember, you better run!",Threat
"today, everything looks good",Non-Bullying
they turned cancun ’ into the ghetto,Insult
"Just remember, keep talking and you will see what happens if you don't stop.",Threat
"hi, i care about you",Non-Bullying
jews are just nuts blowing the dyke in new orleans bombing countless airliners shooting arab kids sinking ships firebombing dresden bombs in iraq and the list goes on and on,Misogyny
"hey, how are you doing!",Non-Bullying
"hi, i am reading a book!",Non-Bullying
my husband is a great leader,Non-Bullying
i love my family :),Non-Bullying
"Be careful, i will get you tomorrow.",Threat
you have no idea what I will do!,Threat
"well, okay thank you",Non-Bullying
"Just remember, don't test me if you don't stop.",Threat
: F**k it!!!!! I'm never wearing my headband again either!!!!!! but you don't hoop like a lil bitch tho...,Insult
<user> there were also no mentions of the threats immigrants present to citizens screw israel,Hate/Discrimination
"today, i am happy today!",Non-Bullying
The event was interesting.,Non-Bullying
my sister deserves equal pay.,Non-Bullying
i am reading a book.,Non-Bullying
: Money can't buy you love so I don't pay for no pussy,Insult
The project sounds good.,Non-Bullying
i will deal with you soon.,Threat
I will hurt you if you tell anyone.,Threat
I say we all do a big fat line of meth after the finale...come on you pussies :P,Insult
"Trust me, don't make me hurt you tomorrow.",Threat
"hi, i have an exam tomorrow.",Non-Bullying
"Trust me, keep talking and you will see what happens if you don't stop.",Threat
I will call you later.,Non-Bullying
<user> <user> where as her bud adolf would have let his nazi nationalist make her into a lampshade,Insult
The trip was interesting.,Non-Bullying
i am having lunch 😊,Non-Bullying
"hi, please send me the file.",Non-Bullying
the next step is to slap that bitch with a bundle of bacon,Insult
"That's an impressively bad take, even for you.",Insult
"hello, the class was interesting",Non-Bullying
"well, i have an exam tomorrow",Non-Bullying
my sister gave me some useful advice.,Non-Bullying
you should be scared if you keep doing this.,Threat
"well, hi",Non-Bullying
i think the jews in europe made a new decision on uber because they realized people will get raped and murdered just like before and they can tax the goyim over it,Religious Hate
You're really out here embarrassing yourself and calling it confidence.,Insult
the girls in my class won the competition,Non-Bullying
"Be careful, i won't forgive you!",Threat
Could you remind me about our meeting?,Non-Bullying
"hello, can you explain this",Non-Bullying
the boys in my class can be anything they want.,Non-Bullying
"hello, i am going to college today 😊",Non-Bullying
My boyfriend deserves respect,Non-Bullying
the women in my team work very hard,Non-Bullying
"Be careful, you won't be safe if you don't stop.",Threat
"actually, hi :)",Non-Bullying
"today, where are you going :)",Non-Bullying
"Be careful, i will make sure you regret this if you don't stop.",Threat
"I'm warning you, i know where you are.",Threat
I work with talented girl,Non-Bullying
"Just remember, i will get you if you keep doing this.",Threat
"today, no worries 😊",Non-Bullying
uh oh u fags getting triggerer u fags getting triggered is because most women want like berserk and meh,Hate/Discrimination
"Trust me, stay away from me or else tomorrow.",Threat
Ladies!,Non-Bullying
"hello, sounds great 😊",Non-Bullying
""": And I'm not stuck up. You niggas just love assuming bitches want yall when we just being nice """,Insult
"hello, good afternoon",Non-Bullying
I will make you pay if you come near me.,Threat
Your religion is a cult of absolute violence and backward thinking.,Religious Hate
"hi, no problem",Non-Bullying
i need to study :),Non-Bullying
"actually, no worries",Non-Bullying
"Yeah I tried and you bein all blind and shit. Lol peace, bitch.",Insult
someone will hurt you if you don't stop.,Threat
"well, you are welcome 😊",Non-Bullying
"You should know, i will deal with you soon if you continue.",Threat
"I'm warning you, i will hurt anyone who gets in my way.",Threat
"hello, i love my family",Non-Bullying
"well, did you complete the assignment :)",Non-Bullying
I don't love you hoes.,Insult
"Just remember, i won't forgive you if you continue.",Threat
"hi, that is a good idea.",Non-Bullying
"hi, take care!",Non-Bullying
"I'm warning you, one day I will get you tonight.",Threat
"today, i received the message :)",Non-Bullying
before trump stopped it how many faggots enlisted to have mil pay to chop their peckers off enquiring minds wanna know,Hate/Discrimination
"well, can you send me the notes.",Non-Bullying
"Just remember, try me and see what happens",Threat
"well, i love you 😊",Non-Bullying
you will be sorry tomorrow.,Threat
"Just remember, if you do that again I will hurt you",Threat
goddamnit <user> you delete this stuff rn that nigger bitch <user> is not worth it i wish i were a man rn i would so go after that fat black cunt just because,Hate/Discrimination
"well, everything looks good",Non-Bullying
"hey, please share the document",Non-Bullying
stop acting like a stupid woman,Misogyny
"hello, i understand :)",Non-Bullying
even worse i have read comments defending this vid stating the message is anti violence against all stfu with that noise,Insult
"hello, have a nice day!",Non-Bullying
"I'm warning you, i will deal with you soon if you don't stop.",Threat
"hello, i am listening to music.",Non-Bullying
"today, what time is the class 😊",Non-Bullying
"You should know, i will make sure you regret this if you don't stop.",Threat
"today, sure",Non-Bullying
"today, see you tomorrow",Non-Bullying
"Trust me, i will make you pay tonight.",Threat
I was having dinner yesterday.,Non-Bullying
The workshop looks beautiful.,Non-Bullying
"hey, i have an exam tomorrow!",Non-Bullying
"today, best wishes to you :)",Non-Bullying
"hi, have a great day 😊",Non-Bullying
I will kill you,Threat
"If you come here again, you will be sorry.",Threat
"Trust me, i know where you live tonight.",Threat
"Just remember, if you come here I will hurt you.",Threat
hi there,Non-Bullying
"hi, are you free today!",Non-Bullying
"Just remember, i will find you",Threat
female are brilliant,Non-Bullying
All these hoes always talkin shit about there guy. Look bitch if your gonna talk shit to me I'll be happy to smack you in yo,Insult
"hi, can you send me the notes",Non-Bullying
Girls are meant for house chores,Misogyny
i am going to college today :),Non-Bullying
"today, good morning.",Non-Bullying
"hey, i finished my homework 😊",Non-Bullying
"hey, i really like you.",Non-Bullying
immigrant fucks from middle east are destroying you faggots let them in your bad not my,Hate/Discrimination
"Be careful, one day I will get you tonight.",Threat
girls inspire me every day,Non-Bullying
They keep making parody accounts of me to embarrass me publicly.,Harassment
how are you :),Non-Bullying
<user> when you wanna tweet like a retard make sure you put actual proof instead of taking someone ’ word for it,Insult
"today, thanks a lot!",Non-Bullying
my female boss is very smart,Non-Bullying
they say you going too hard just rest ya eyes & I'm just like why? bitch I ain't never seen Ben Franklin sleep,Insult
these fucking kikes are going to get us all killed and you fucking retarded christian cretins are the reason they have power,Religious Hate
I am glad that my cousin shared the assignment.,Non-Bullying
i will make sure you regret this tonight.,Threat
"hello, take care 😊",Non-Bullying
"Trust me, you better stop before something happens if you continue.",Threat
any woman belong in the kitchen,Misogyny
if you do that again I will hurt you tomorrow.,Threat
<user> <user> don lemon is retarded,Insult
I know exactly where you live and I am watching your profile daily.,Harassment
"hello, where are you going :)",Non-Bullying
"Trust me, you have no idea what I will do tonight.",Threat
"well, i received the message!",Non-Bullying
all history demonstrates that converting the jew to christianity does not work duh jews are a race and that letting them run free ends in the destruction of white society and terminates in whitegenocide,Religious Hate
"Just remember, i am going to hurt you if you keep doing this.",Threat
i will call you later.,Non-Bullying
where are you going,Non-Bullying
That girl is doing amazing work!,Non-Bullying
"Be careful, you have no idea what I will do tonight.",Threat
"hello, let's work on the project!",Non-Bullying
"hi, i am studying today!",Non-Bullying
"I'm warning you, stay away from me or else if you keep doing this.",Threat
you have no idea what I will do if you keep doing this.,Threat
"You should know, you better watch your back if you continue.",Threat
"Be careful, i am coming for you.",Threat
Can you explain this topic?,Non-Bullying
i love this movie,Non-Bullying
"well, this song is beautiful.",Non-Bullying
male students deserve respect.,Non-Bullying
i will come after you!,Threat
"hello, that sounds good",Non-Bullying
"You should know, you will be sorry if you don't stop.",Threat
i swear I will hurt you if you keep doing this.,Threat
"hey, i understand :)",Non-Bullying
I don't think that ethnic group has ever contributed anything worthwhile.,Hate/Discrimination
She is amazing at coding.,Non-Bullying
"Just remember, you will regret this",Threat
"today, i am reading a book.",Non-Bullying
<user> it do not matter bitch you still selling pussy trash ass how,Misogyny
"well, how are you doing!",Non-Bullying
"actually, let's study together",Non-Bullying
"You should know, you will be sorry if you continue.",Threat
"actually, i really like you :)",Non-Bullying
women leaders are strong and talented,Non-Bullying
"Trust me, you should be scared",Threat
My female boss is a great leader.,Non-Bullying
I will come after you.,Threat
"hi, let's work on the project 😊",Non-Bullying
"Trust me, i swear I will hurt you tonight.",Threat
"Just remember, i will kill you.",Threat
A woman is amazing at coding!,Non-Bullying
"You should know, i will find you!",Threat
Wives don't deserve equal pay,Misogyny
Ladies inspire me every day.,Non-Bullying
these niggas be tough ass faggots 😂 😂,Hate/Discrimination
"when you tell the chick-fil-a cashier thank you, but that bitch don't say ""my pleasure""",Insult
"actually, when is the meeting!",Non-Bullying
my homie asked if women like being treated like shit uh bruh idk 🤷 🏼 ‍ ♀ ️ that ’ a good question tho 🤔,Misogyny
london is a 3 rd w ghetto now in many parts thanks to tonyblair the cottager,Insult
"today, i am going to college today!",Non-Bullying
hi there.,Non-Bullying
"hi, see you tomorrow!",Non-Bullying
I am glad that my brother called me yesterday.,Non-Bullying
no problem :),Non-Bullying
someone will get revenge if you try that again.,Threat
anyway one of my lecturers is biased against negro students the caucasians all have <number> percents and the niggers are struggling el oh el,Hate/Discrimination
<number> uk mps involved in the cover up of <number> million white children raped by paki muslims resign all of you filthy bastards,Religious Hate
thanks.,Non-Bullying
i am reading a book 😊,Non-Bullying
i like this song,Non-Bullying
"hey, what time is the class!",Non-Bullying
when is the meeting 😊,Non-Bullying
"Just remember, if you do that again I will hurt you if you keep doing this.",Threat
you are welcome,Non-Bullying
"well, no worries!",Non-Bullying
"actually, i am studying today",Non-Bullying
"bitch I didn't even know you, I was only fucking with real niggas and damn sure wasn't one of them",Insult
"Just remember, i know where you are if you keep doing this.",Threat
The project was really useful.,Non-Bullying
could you help me :),Non-Bullying
Females are great,Non-Bullying
"I'm warning you, you better run if you keep doing this.",Threat
"hello, how are you doing!",Non-Bullying
a woman deserves equal pay,Non-Bullying
I like woman,Non-Bullying
Lil stupid ass bitch I don't fuck with YOU!!,Insult
"today, i will message you later",Non-Bullying
I tell the baddest hoes beat it unless you gone strip,Insult
"hi, i really like this :)",Non-Bullying
my father won the competition.,Non-Bullying
"hello, that sounds good.",Non-Bullying
"You should know, i will attack you",Threat
a little still learning not many speak it anymore lots speak arab and nigger though <user> is amadán,Hate/Discrimination
"well, hello.",Non-Bullying
"hi, i received the file.",Non-Bullying
"I'm warning you, try me and see what happens if you keep doing this.",Threat
"hi, i am feeling good :)",Non-Bullying
"Be careful, keep provoking me and you will regret it!",Threat
the man next door is just as capable in any profession,Non-Bullying
we will come for you if you don't stop.,Threat
"Be careful, you better stop before something happens if you keep doing this.",Threat
Why do we keep letting people from that background take jobs meant for locals?,Hate/Discrimination
"today, thank you so much 😊",Non-Bullying
"hello, have a nice day :)",Non-Bullying
"Be careful, you won't be safe if you keep doing this.",Threat
"Just remember, i will make sure you regret this tonight.",Threat
The course was interesting.,Non-Bullying
All bitches cheat. You just gotta acknowledge its gonna happens so when it does itll hurt less.,Insult
"well, i like this song 😊",Non-Bullying
"hey, of course 😊",Non-Bullying
I support ladies,Non-Bullying
"actually, have a nice day.",Non-Bullying
"hi, i received the message 😊",Non-Bullying
"hello, i understand!",Non-Bullying
"actually, did you complete the assignment!",Non-Bullying
"I'm warning you, if you do that again I will hurt you if you continue.",Threat
"Trust me, i will deal with you soon!",Threat
"hi, no problem.",Non-Bullying
"hello, this is wonderful.",Non-Bullying
Women cannot be good leaders,Misogyny
"today, the class was interesting.",Non-Bullying
The application looks great.,Non-Bullying
"Be careful, i will make you pay!",Threat
"hello, thank you.",Non-Bullying
"actually, could you help me!",Non-Bullying
"hello, i got it :)",Non-Bullying
i will make you pay if you don't stop.,Threat
the girls in my class are strong and talented,Non-Bullying
oh wow the nyc terrorist was an anti trumper raghead what a surprise imagine mee shock how long until they bury this story,Hate/Discrimination
My sister is doing amazing work,Non-Bullying
"hello, glad to meet you 😊",Non-Bullying
"actually, you are welcome!",Non-Bullying
ukip too full of zog butt fuckers uk needs to go full nazi,Hate/Discrimination
my teacher helped me with my homework.,Non-Bullying
"actually, thank you",Non-Bullying
"hello, can you explain this 😊",Non-Bullying
"today, see you tomorrow 😊",Non-Bullying
Stop pushing your disgusting agenda onto our innocent children.,Hate/Discrimination
"hey, i finished my homework",Non-Bullying
: ur seriously a fagdon't hate,Insult
"Be careful, stay away from me or else tomorrow.",Threat
"Don't talking about me online again, or you will face consequences.",Threat
"Be careful, if you tell anyone I will come for you!",Threat
"today, can you send me the notes 😊",Non-Bullying
possibly the single best refutation of islam as a religion that i have ever come across,Religious Hate
"hello, i loved you so much 😊",Non-Bullying
she is just as capable in any profession,Non-Bullying
"typical woman, always crying for attention",Misogyny
a woman cannot be good leaders,Misogyny
I will find you if you come near me.,Threat
whoever took good news off soundcloud your mom is a fucking hoe,Misogyny
"fuck you bitch, if I said it was, it was",Insult
we will find you if you come near me.,Threat
i learned something new today :),Non-Bullying
"Just remember, keep talking and you will see what happens if you keep doing this.",Threat
"well, you mean a lot to me.",Non-Bullying
"You should know, keep provoking me and you will regret it!",Threat
"hi, can you explain this",Non-Bullying
"Trust me, i will make you pay.",Threat
"Trust me, i will come to your house if you continue.",Threat
"hello, good afternoon!",Non-Bullying
i got it.,Non-Bullying
Working women are very smart,Non-Bullying
"hello, i love you :)",Non-Bullying
ladies are wonderful,Non-Bullying
"Just remember, i will hurt you.",Threat
"hey, i am reading a book :)",Non-Bullying
someone will find you if you don't stop.,Threat
"hey, enjoy your day :)",Non-Bullying
"Just remember, one day I will get you if you don't stop.",Threat
"Trust me, you will be sorry if you keep doing this.",Threat
"Just remember, i will find you!",Threat
"Trust me, i am not going to let this go if you continue.",Threat
<user> google “ virus ” you utter retard,Insult
"hello, i love my family :)",Non-Bullying
"well, nice to meet you",Non-Bullying
my mother deserves equal pay!,Non-Bullying
"hello, hey",Non-Bullying
"Be careful, i will find you!",Threat
racist remarks are wrong and should be left to those dirty filthy smelly paki cunts,Hate/Discrimination
"She's just a woman, what does she know about business?",Misogyny
"actually, can you send me the notes!",Non-Bullying
The lady team won the match,Non-Bullying
"hi, how are you.",Non-Bullying
"hey, i am feeling good",Non-Bullying
I am warning you not to cross me.,Threat
you're just a pussy.,Insult
A woman can be an excellent leader.,Non-Bullying
"hey, enjoy your day 😊",Non-Bullying
"hello, hey!",Non-Bullying
How you like them apples you pineapple bitch?,Insult
"hello, this song is beautiful.",Non-Bullying
female doctors are amazing at coding,Non-Bullying
"today, glad to meet you.",Non-Bullying
"You should know, i will hurt you.",Threat
"well, take care!",Non-Bullying
"Be careful, i am coming for you",Threat
"I'm warning you, don't test me",Threat
"well, i am reading a book!",Non-Bullying
female doctors played really well today,Non-Bullying
we will attack you if you keep doing this.,Threat
"hi, you mean a lot to me",Non-Bullying
make up your retarded mind did hitler or did he not kill <number> jews,Hate/Discrimination
Our teacher is a great leader,Non-Bullying
"Trust me, i will kill you",Threat
My girlfriend can be anything they want.,Non-Bullying
Our principal is a great leader,Non-Bullying
"Be careful, i will hurt anyone who gets in my way if you don't stop.",Threat
of course!,Non-Bullying
<user> lmfao i hate you,Insult
"hello, no worries 😊",Non-Bullying
"I'm warning you, keep talking and you will see what happens if you don't stop.",Threat
"hi, i have an exam tomorrow!",Non-Bullying
"hi, best wishes to you.",Non-Bullying
"hello, best wishes to you 😊",Non-Bullying
"You should know, i will come to your house if you don't stop.",Threat
a woman is a great leader,Non-Bullying
"hello, congratulations!",Non-Bullying
Niggas who stand in line for Jays mad at me now. ehh fuck you. I pull hoes nd stunt without em on,Insult
"today, the lecture was helpful :)",Non-Bullying
"Trust me, you are going to regret messing with me tomorrow.",Threat
"hello, thank you :)",Non-Bullying
"actually, hello",Non-Bullying
Your opinion on this is about as valuable as background noise.,Insult
"hi, good luck 😊",Non-Bullying
The assignment was interesting.,Non-Bullying
"Just remember, you better stop before something happens if you don't stop.",Threat
women are hardworking,Non-Bullying
"well, where are you going :)",Non-Bullying
This food looks delicious.,Non-Bullying
"You should know, i know where you are tonight.",Threat
The website was helpful.,Non-Bullying
wives are only made to serve men,Misogyny
"Trust me, you have no idea what I will do.",Threat
"Just remember, i am coming for you if you keep doing this.",Threat
"Just remember, i am not going to let this go tomorrow.",Threat
women can do anything,Non-Bullying
"hey, i need to study!",Non-Bullying
"well, thanks a lot 😊",Non-Bullying
"Be careful, you have no idea what I will do if you don't stop.",Threat
"Trust me, i will make you pay!",Threat
you won't be safe tonight.,Threat
"hello, i love my family!",Non-Bullying
The workshop was interesting.,Non-Bullying
we will attack you if you don't stop.,Threat
"Be careful, if you come here I will hurt you if you don't stop.",Threat
"today, that is a good idea 😊",Non-Bullying
I am glad that my friend sent me the notes.,Non-Bullying
"hey, when is the meeting.",Non-Bullying
"Be careful, i will hurt anyone who gets in my way.",Threat
"actually, where are you going",Non-Bullying
i will message you later 😊,Non-Bullying
"You should know, you better stop before something happens if you keep doing this.",Threat
"hello, best wishes to you.",Non-Bullying
"I'm warning you, i know where you are tonight.",Threat
young people are doing amazing work,Non-Bullying
Skin color like that is basically a red flag in my book.,Hate/Discrimination
can we talk :),Non-Bullying
My wife inspires me every day,Non-Bullying
let's meet tomorrow,Non-Bullying
"You should know, i swear I will get revenge!",Threat
working women help each other a lot.,Non-Bullying
"actually, let's work on the project.",Non-Bullying
You are the dumbest person I have ever met.,Insult
"well, please help me!",Non-Bullying
"well, have a nice day!",Non-Bullying
"Trust me, i won't forgive you if you keep doing this.",Threat
"If you report me, you will regret it.",Threat
That girl deserves respect.,Non-Bullying
someone will come after you if you tell anyone.,Threat
"actually, i miss my friends 😊",Non-Bullying
"I'm warning you, you won't be safe if you continue.",Threat
thank you so much. it was a bitch move of her to pull. but thank you,Insult
a woman works very hard,Non-Bullying
<user> any white girls that get raped can show solidarity with their attacker as its not his fault he did not enjoy a privileged start in life and probably her own fault because she did,Misogyny
Girl?,Non-Bullying
"actually, can you help me.",Non-Bullying
"If you contact my family again, you will regret it.",Threat
"hey, hi :)",Non-Bullying
"today, please send me the file",Non-Bullying
"I'm warning you, if you do that again I will hurt you!",Threat
female's day wishes,Non-Bullying
"hello, i had a great day",Non-Bullying
"well, i had a great day!",Non-Bullying
"actually, can you help me",Non-Bullying
"today, congratulations",Non-Bullying
The workshop looks great.,Non-Bullying
"Be careful, i will make sure you regret this tonight.",Threat
"well, i will message you later 😊",Non-Bullying
"hello, i miss my friends 😊",Non-Bullying
I am glad that my brother recommended a good movie.,Non-Bullying
"today, can you explain this!",Non-Bullying
i will get you tonight.,Threat
"hello, could you help me",Non-Bullying
I miss my friends,Non-Bullying
If you gotta nigga or bitch.... PLEASE STAY OUT MY DM's I'm tired of y'all taken girls,Insult
"Just remember, i know where you are!",Threat
enjoy your day 😊,Non-Bullying
"today, see you later.",Non-Bullying
"actually, i will message you later 😊",Non-Bullying
"Be careful, i will get you tonight.",Threat
"I'm warning you, you should watch yourself if you continue.",Threat
my classmate helped me with my homework.,Non-Bullying
"actually, you mean a lot to me",Non-Bullying
"hello, congratulations :)",Non-Bullying
my wife works very hard,Non-Bullying
The meeting was interesting.,Non-Bullying
"You should know, i won't forgive you!",Threat
The trip was really useful.,Non-Bullying
"You should know, keep provoking me and you will regret it if you continue.",Threat
"today, everything looks good!",Non-Bullying
"hi, good evening :)",Non-Bullying
Women in leadership always end up letting their feelings cloud judgment.,Misogyny
"today, that is a good idea",Non-Bullying
"well, you are welcome :)",Non-Bullying
I will make you sorry if you continue to insulting me.,Threat
you should watch yourself,Threat
Women are too emotional to be good leaders.,Misogyny
"Trust me, i will kill you if you don't stop.",Threat
"hi, i really like this 😊",Non-Bullying
I am glad that my sister shared the assignment.,Non-Bullying
"hey, glad to meet you :)",Non-Bullying
"hello, nice to meet you.",Non-Bullying
"You should know, i know where you live if you continue.",Threat
My male boss played really well today,Non-Bullying
thanks a lot.,Non-Bullying
"hey, i appreciate your help.",Non-Bullying
She probably only got the interview because they needed a diversity hire.,Misogyny
"hi, good afternoon",Non-Bullying
you can take affirmative action low iq hoodrats like maliaobama out of the ghetto but you can never take the ghetto out of the hoodrats,Hate/Discrimination
The boys in my class are hardworking,Non-Bullying
"Trust me, i will come after you tonight.",Threat
"hey, good evening.",Non-Bullying
Now that's how you let the beat build bitch .. Thats my ish As I hit the kill switch.....,Insult
female engineers are great leaders,Non-Bullying
You a dike cause yo man a pussy.,Insult
"I'm warning you, i will make you pay if you keep doing this.",Threat
"actually, of course :)",Non-Bullying
"hey, are you free today",Non-Bullying
Just cause you got a boyfriend now don't mean you still ain't a hoe. Now you're just a hoe with a boyfriend,Insult
i am feeling good :),Non-Bullying
"today, congratulations 😊",Non-Bullying
we will attack you if you come near me.,Threat
females,Non-Bullying
"actually, okay thank you.",Non-Bullying
A woman is very smart,Non-Bullying
Female,Non-Bullying
"hey, have a great day 😊",Non-Bullying
He apologized and we resolved the misunderstanding calmly.,Non-Bullying
You see these two pussies Jason capuano nd Jason cousins taking Chit on the gram but ain't about that,Insult
"hey, sounds great.",Non-Bullying
let's meet tomorrow.,Non-Bullying
she is tired of liberal faggots uwuu give me welfare open the borders i love refugees and trannies weak men turn her off she wants to be in a nationalist bed,Hate/Discrimination
i miss my friends!,Non-Bullying
Stay away from me or else,Threat
you better run!,Threat
"hi, i care about you.",Non-Bullying
my mother played really well today.,Non-Bullying
nice to meet you,Non-Bullying
how about royal traitors 😂 loosewomen,Misogyny
"actually, see you tomorrow.",Non-Bullying
"hi, that's fine!",Non-Bullying
my female boss is hardworking.,Non-Bullying
"actually, no problem!",Non-Bullying
w kamau bell liberal redneck trae crowder professor alan lichtman naca ceo bruce marx professor phil zuckerman and other great guests why are not you subscribed to the naked diner podcast international podcast day atheist,Hate/Discrimination
"well, i am listening to music!",Non-Bullying
"You should know, i will make you pay if you keep doing this.",Threat
"hey, this song is beautiful 😊",Non-Bullying
"well, nice to meet you 😊",Non-Bullying
"today, can you explain this :)",Non-Bullying
not exactly an anti pitbull goy but chimping out and calling someone a kike over it is fucking retarded wignats are fragile and emotional spergs,Religious Hate
"hi, i am reading a book 😊",Non-Bullying
"I'm warning you, if you tell anyone I will come for you",Threat
"Trust me, you better watch your back!",Threat
my husband is amazing at coding,Non-Bullying
I learned something new today,Non-Bullying
"Be careful, if you come here I will hurt you if you continue.",Threat
"actually, happy birthday.",Non-Bullying
"Just remember, you are going to regret messing with me",Threat
either way kikes and sand niggers will most likely die this is very good,Hate/Discrimination
"Trust me, you better watch your back if you don't stop.",Threat
": When your ex hits you with that ""I miss you"" bullshit ...lol bitch die",Insult
"hello, good luck 😊",Non-Bullying
my sisters are just as capable in any profession.,Non-Bullying
"Trust me, you better watch your back tomorrow.",Threat
"hi, thank you!",Non-Bullying
The assignment looks great.,Non-Bullying
<user> oh my gosh i hate you so much 🤣 😭 💀,Insult
Women are always overreacting and annoying,Misogyny
They keep creating fake accounts to message me after I blocked them.,Harassment
"Don't insulting me again, or you will face consequences.",Threat
"hi, i received the message!",Non-Bullying
"Just remember, if you come here I will hurt you if you keep doing this.",Threat
"actually, you are my best friend!",Non-Bullying
"today, have a nice day.",Non-Bullying
"actually, are you free today!",Non-Bullying
I met some females today,Non-Bullying
i know where you are.,Threat
I finished my homework,Non-Bullying
"Be careful, you will be sorry if you don't stop.",Threat
my sister won the competition,Non-Bullying
"actually, i received the message.",Non-Bullying
"hello, are you free today!",Non-Bullying
all the best,Non-Bullying
"well, this movie is amazing",Non-Bullying
when is the meeting :),Non-Bullying
"Be careful, i am coming for you if you don't stop.",Threat
"Trust me, i know where you are if you keep doing this.",Threat
"actually, i need to study.",Non-Bullying
we will make you pay if you continue.,Threat
i will message you later.,Non-Bullying
the man next door deserves respect,Non-Bullying
my friend helped me with my homework.,Non-Bullying
This is your final warning to stop targeting me.,Threat
"hi, can you send me the notes.",Non-Bullying
"well, no worries 😊",Non-Bullying
i will make you pay,Threat
team leaders are great leaders.,Non-Bullying
so essentially history was all done by white people whilst the brown devils kept trying to genocide us because we were gigantic red headed cannibals well this explains everything even trump,Hate/Discrimination
"actually, where are you going 😊",Non-Bullying
"Be careful, if you do that again I will hurt you if you continue.",Threat
"I'm warning you, don't make me hurt you",Threat
"hi, the lecture was helpful",Non-Bullying
ladies are awesome,Non-Bullying
hello lady,Non-Bullying
i feel you fake being in a team org you are retarded,Insult
I love you my nigguh but your a grown ass man,Insult
i am happy today :),Non-Bullying
You know people ghetto when they leave the plastic shit on their TVs,Insult
"You should know, don't make me hurt you if you keep doing this.",Threat
young people can be anything they want.,Non-Bullying
today is a beautiful day :),Non-Bullying
the lecture was helpful!,Non-Bullying
The course was helpful.,Non-Bullying
"hi, good morning!",Non-Bullying
"Just remember, i am going to hurt you.",Threat
"actually, hi there",Non-Bullying
sounds great :),Non-Bullying
"Be careful, i know where you are",Threat
<user> fuck these niggers up,Hate/Discrimination
my aunt is hardworking,Non-Bullying
i really like you!,Non-Bullying
"You should know, don't test me tonight.",Threat
"Be careful, i swear I will get revenge if you don't stop.",Threat
oh bitch but you couldn't answer mine when I needed a paccage delivered to your house ! So Fucc off,Insult
"You should know, i will find you tonight.",Threat
bitch you out of line why you waste my time i am trying to smoke trying to get high see it in my eyes i know she playin both sides that bitch tellin lies,Misogyny
she is doing amazing work,Non-Bullying
"well, good luck",Non-Bullying
"today, let's study together :)",Non-Bullying
my grandfather works very hard,Non-Bullying
girls day,Non-Bullying
I am thankful that my sister helped me with my homework.,Non-Bullying
"hello, i am going home.",Non-Bullying
if you don't eat pussy you're childish and immature.,Insult
duh! You're my main bitch :),Insult
"actually, no worries!",Non-Bullying
"hi, today is a beautiful day!",Non-Bullying
"Trust me, keep provoking me and you will regret it!",Threat
The song looks beautiful.,Non-Bullying
You'd think by now they'd have abandoned such a primitive religion.,Religious Hate
I support girl,Non-Bullying
"You should know, i will come after you.",Threat
"hi, that sounds good",Non-Bullying
i will hurt anyone who gets in my way!,Threat
keep talking and you will see what happens tomorrow.,Threat
"Honestly, how does someone with so little intelligence even function daily?",Insult
my female boss is doing amazing work,Non-Bullying
Female students are hardworking.,Non-Bullying
"You should know, i swear I will hurt you!",Threat
my girlfriend is kind and helpful!,Non-Bullying
"hello, i am going to college today.",Non-Bullying
i am feeling good.,Non-Bullying
"today, could you help me 😊",Non-Bullying
"Be careful, you will be sorry tomorrow.",Threat
my mother is kind and helpful,Non-Bullying
i am watching a movie 😊,Non-Bullying
"hello, i agree with you",Non-Bullying
The project looks beautiful.,Non-Bullying
"today, of course :)",Non-Bullying
my male boss is a great leader,Non-Bullying
"hey, i am feeling good!",Non-Bullying
"hi, you are my best friend.",Non-Bullying
i am going to kill you if you keep doing this.,Threat
<user> i fucking hate you,Insult
"You should know, i will deal with you soon tomorrow.",Threat
"hey, can you help me",Non-Bullying
You giving me head tonight or nah ? I'll shoot your fucking pussy hoe,Insult
keep lettin them white chewbacca feminist hoes buck yall up,Misogyny
my brothers are doing amazing work.,Non-Bullying
i am coming for you,Threat
women leaders are doing amazing work,Non-Bullying
"actually, see you tomorrow!",Non-Bullying
"Kill yourself already, literally nobody would even notice you are gone.",Harassment
"Just remember, i will hurt anyone who gets in my way if you don't stop.",Threat
i won't forgive you tonight.,Threat
this song is beautiful.,Non-Bullying
I will come for you if you try that again.,Threat
"You should know, if you do that again I will hurt you tonight.",Threat
yes it is not all about jews lots of heads on the hydra but were there gassings at awwshitz does america get dragged into serving israel,Religious Hate
"well, i will message you later!",Non-Bullying
okay thank you,Non-Bullying
"You should know, i swear I will get revenge if you keep doing this.",Threat
i won't forgive you if you don't stop.,Threat
"hello, have a great day :)",Non-Bullying
"today, take care!",Non-Bullying
I am glad that my brother sent me a funny video.,Non-Bullying
"Trust me, i will find you!",Threat
People should not be judged because of their religion.,Non-Bullying
my brother helped me with the project.,Non-Bullying
women and girls deserve safety,Non-Bullying
shut the fuck up you autistic retard,Insult
The teacher gave constructive criticism on my essay.,Non-Bullying
The book was really useful.,Non-Bullying
"today, i miss my friends.",Non-Bullying
People like them don't belong in this neighborhood.,Hate/Discrimination
Their kind always brings the crime rate up wherever they settle.,Hate/Discrimination
"hello, take care :)",Non-Bullying
i am coming for you.,Threat
I admire women who lead,Non-Bullying
"Just remember, i am going to hurt you",Threat
working women are kind and helpful,Non-Bullying
i agree with you 😊,Non-Bullying
"hi, no worries.",Non-Bullying
"Just remember, one day I will get you if you continue.",Threat
Women can't drive properly,Misogyny
a paki mayor a chief rabbi it may sound like the start of a joke but the only people being laughed at is the <percent> of white people in london,Insult
i will make sure you regret this!,Threat
the women in my team won the competition,Non-Bullying
Keep spreading that rumor and you will be sorry.,Threat
Maybe I don't text you first because you read my messages and don't respond. k bitch.,Insult
The presentation is working well.,Non-Bullying
"hey, good afternoon",Non-Bullying
Cross me one more time and you'll be sorry.,Threat
"hey, no problem.",Non-Bullying
"today, hi there",Non-Bullying
"well, i had a great day :)",Non-Bullying
<user> i long for the days where faggots who tried to erect some satanic statue wouldve been shot on the spot,Hate/Discrimination
my mother is very smart!,Non-Bullying
she won the science award,Non-Bullying
"hi, i love my family 😊",Non-Bullying
: A lot of you males need to dress up as real men for Halloween since y'all be acting like bitches all year.,Insult
i am happy today!,Non-Bullying
if you do not see the headline it was mit economist claims usa is slipping to developing nation status how retarded is reddit,Insult
"Just remember, keep provoking me and you will regret it!",Threat
everything looks good,Non-Bullying
"well, this movie is amazing.",Non-Bullying
"hey, the class was interesting.",Non-Bullying
i am going to hurt you if you keep doing this.,Threat
i will make sure you regret this if you keep doing this.,Threat
girls and girls deserve safety,Non-Bullying
"well, i am happy today :)",Non-Bullying
Thought I told you not to trust these hoes,Insult
"hey, i am having lunch 😊",Non-Bullying
For all you psychology bitches on your periods.. Do this to chill tf out,Insult
"hi, i appreciate your help!",Non-Bullying
"I'm warning you, i swear I will get revenge",Threat
my sister played really well today,Non-Bullying
Y'all be some crazy white bitches. I wants to lay down wit you bowf.,Insult
you owe two hoe I don't wanna hear shit when I hyu,Insult
"You should know, i know where you live",Threat
I am thankful that my cousin sent me the notes.,Non-Bullying
"Just remember, don't test me",Threat
"actually, i agree with you",Non-Bullying
"Trust me, i will get you if you continue.",Threat
"hello, thank you so much",Non-Bullying
<user> hunt down all the police just like nazi sympathizers were after the war,Insult
hoes get mad when they think you forget them,Insult
"actually, i loved you so much 😊",Non-Bullying
"actually, let's meet tomorrow.",Non-Bullying
: You been the side hoe omg,Insult
The trip is almost finished.,Non-Bullying
"today, how are you doing",Non-Bullying
"hello, thank you so much!",Non-Bullying
signs in the ghetto warning the jews of typhus germans warning jews about a deadly disease,Religious Hate
"actually, this song is beautiful",Non-Bullying
what are you doing tonight pussy?,Insult
"well, that is a good idea 😊",Non-Bullying
"hi, hi.",Non-Bullying
"hey, happy birthday",Non-Bullying
"hey, i appreciate your help :)",Non-Bullying
"Just remember, i will find you tomorrow.",Threat
"well, have a nice day :)",Non-Bullying
Say it to me when I confront you pussy fuck,Insult
i won't forgive you if you continue.,Threat
someone will find you if you come near me.,Threat
"hello, good morning.",Non-Bullying
my wife deserves respect.,Non-Bullying
I will hurt anyone who gets in my way,Threat
"Trust me, i swear I will get revenge.",Threat
"You should know, i will hurt anyone who gets in my way if you continue.",Threat
a woman's only job is to serve her husband,Misogyny
"Be careful, you will regret this!",Threat
<user> absolutely not i would never cast aspersions on their sick twisted perverted evil religion just call them wat they are raghead colostomy bags,Religious Hate
my excuse is that i am not like your trailer trash whore mom that needs to fuck another toothless methhead fat redneck to feed bastards like you,Misogyny
"actually, please send me the file!",Non-Bullying
"hey, nice to meet you",Non-Bullying
"actually, see you later 😊",Non-Bullying
that stupid white fuck stick does not know a damn thing about what black men in america go through only black men know that dummie ☮,Hate/Discrimination
"hello, thanks",Non-Bullying
"well, i will call you later 😊",Non-Bullying
young women are doing amazing work.,Non-Bullying
"Trust me, i will hurt you if you continue.",Threat
"actually, let's study together :)",Non-Bullying
fuck you up fucking skank ass cunt,Insult
"I'm warning you, you better stop before something happens if you don't stop.",Threat
"Be careful, you will regret this if you continue.",Threat
"You should know, stay away from me or else if you don't stop.",Threat
"hello, can you send me the notes.",Non-Bullying
"hey, i appreciate your help 😊",Non-Bullying
"hi, i am going to college today 😊",Non-Bullying
hi woman,Non-Bullying
"Just remember, you won't be safe tomorrow.",Threat
"today, can you explain this",Non-Bullying
The weather has been lovely lately.,Non-Bullying
Young people inspire me every day,Non-Bullying
I called you hoe lol,Insult
"today, let's meet tomorrow",Non-Bullying
"Just remember, stay away from me or else if you don't stop.",Threat
"hello, i received the file :)",Non-Bullying
"actually, i am studying today!",Non-Bullying
"hello, please send me the file.",Non-Bullying
"You should know, if you tell anyone I will come for you tonight.",Threat
unitetheright jews call white supremacist any taxpayer that wants to create good social programs with all the money that jews steal from us,Religious Hate
"hey, sounds great",Non-Bullying
"Be careful, don't make me hurt you if you continue.",Threat
that's fine!,Non-Bullying
I won't warn you again.,Threat
I am glad that my teacher shared the assignment.,Non-Bullying
laura ingraham is a dumb bitch fuck her she cucked twice once on that nigger faggot basketball player now this managed controlled punk,Misogyny
Deep in my pussy were your tongue should be. Dial 911 if you need halp.,Insult
"today, what are you doing :)",Non-Bullying
"You should know, i know where you are if you keep doing this.",Threat
"I'm warning you, keep provoking me and you will regret it!",Threat
Don't make me come after you.,Threat
many girls study here,Non-Bullying
They keep tagging my new employer in humiliating posts about me.,Harassment
"actually, happy birthday 😊",Non-Bullying
"hi, enjoy your day",Non-Bullying
"You should know, i will find you.",Threat
"You should know, i will hurt you",Threat
"actually, that looks great.",Non-Bullying
"Be careful, i will hurt anyone who gets in my way if you keep doing this.",Threat
"hey, how are you doing 😊",Non-Bullying
we are woke as fuck and we are not listening to some kikess or shabos shiksa not even your favorite,Religious Hate
"actually, have a nice day!",Non-Bullying
this bitch in greys got mad at her husband so she bought the hospital that he works at power move but like extra,Misogyny
Lady can do anything,Non-Bullying
"hello, that looks great :)",Non-Bullying
"well, i really like you :)",Non-Bullying
"actually, today is a beautiful day",Non-Bullying
Dont message me your number and tell me to text you.... I'm not your bitch lol,Insult
according to <user> a man who masturbated in front of women is way worse than a man who raped and murdered woman louisck tedbundy,Misogyny
i understand.,Non-Bullying
Ladies work very hard,Non-Bullying
bitches w big tits and no ass built like an improper fraction,Misogyny
The project is working well.,Non-Bullying
"Trust me, i will come to your house tonight.",Threat
the kikes and muzzies only pretended to be christian which is why the spanish and the portuguese kicked them out this guy is clueless lol,Religious Hate
Female engineers are hardworking,Non-Bullying
just a reminder to my muslim moots that we can not say rest in peace,Religious Hate
"hello, hey :)",Non-Bullying
"Trust me, i will hurt anyone who gets in my way if you continue.",Threat
i hear people say that <user> enjoys watching his wife fuck <number> foot five somalian nigger bucks while he masturbates in the corner onto a copy of old man war,Hate/Discrimination
"actually, that's fine!",Non-Bullying
"hey, i will call you later 😊",Non-Bullying
"Trust me, you are going to regret messing with me",Threat
"hey, i am reading a book",Non-Bullying
"I'm warning you, keep talking and you will see what happens if you continue.",Threat
"actually, thanks.",Non-Bullying
"Just remember, i am going to kill you!",Threat
"well, i am reading a book 😊",Non-Bullying
i will deal with you soon tomorrow.,Threat
good morning girls,Non-Bullying
"actually, please share the document",Non-Bullying
<user> <user> and a ching chong and bing bong to you too,Hate/Discrimination
"And I lick it after you clean it , eat pussy like a dyke but I fuck like a demon",Insult
i love you,Non-Bullying
"well, let's work on the project 😊",Non-Bullying
I am thankful that my parents shared the assignment.,Non-Bullying
"well, good morning.",Non-Bullying
You don't HAVE to say it. You showed yaself. Bitch nobody said I did now shut the fuck up that fat made you retarded,Insult
"Just remember, i will come after you.",Threat
"hello, i appreciate your help 😊",Non-Bullying
its about time blacks realised the <number> women who started blm were jew women jews will use you all destroy your families to keep jews on top,Religious Hate
"You should know, i will attack you tomorrow.",Threat
"Be careful, keep talking and you will see what happens",Threat
"actually, you are my best friend.",Non-Bullying
"hello, when is the meeting",Non-Bullying
i am listening to music,Non-Bullying
"Just remember, keep talking and you will see what happens",Threat
"well, best wishes to you :)",Non-Bullying
"actually, absolutely 😊",Non-Bullying
Can we discuss this tomorrow?,Non-Bullying
hello women,Non-Bullying
I am thankful that my teacher shared the assignment.,Non-Bullying
"I'm warning you, if you tell anyone I will come for you tomorrow.",Threat
"hey, the class was interesting :)",Non-Bullying
"Be careful, if you come here I will hurt you!",Threat
Ladies played really well today.,Non-Bullying
All these bitches know that you're my nigga,Insult
The project was enjoyable.,Non-Bullying
can you explain this 😊,Non-Bullying
my sisters played really well today,Non-Bullying
This is your final warning to stop talking about me online.,Threat
girls,Non-Bullying
"""She's really nice when you get to know her!"" = She's a bitch but you'll get used to it.",Insult
"actually, let's work on the project 😊",Non-Bullying
People of your race are ruining the economy and culture.,Hate/Discrimination
"Just remember, don't test me if you continue.",Threat
Women complaining about the workplace just can't handle real pressure.,Misogyny
Kanye new video so bitch made mane. Bruh how you gone throw shots a Barrack den come up wit Dat shit,Insult
is luke ford on a mission to infiltrate the altright to prove his kike conversion bona fides,Religious Hate
You will regret this,Threat
"Don't test me, or you'll end up regretting it badly.",Threat
i only hang out with guys because women make me malfunction and do and say dumb things because i am so unbelievably homosexual,Misogyny
we will hurt you if you continue.,Threat
The website sounds good.,Non-Bullying
"If anything I've ever said has offended you, that's a YOU problem not a me problem. Don't be such a little bitch.",Insult
"today, i agree with you.",Non-Bullying
I am thankful that my cousin gave me some useful advice.,Non-Bullying
"Be careful, keep talking and you will see what happens if you keep doing this.",Threat
i loved you so much :),Non-Bullying
Thank you so much.,Non-Bullying
"actually, no worries :)",Non-Bullying
"hi, see you later",Non-Bullying
"hello, please share the document",Non-Bullying
probably cos you have had the moslem clit clip your pussy sowed up so the goat probably pushes back more enthusiastically fgm moslems are the problem,Religious Hate
I've blocked him five times and he keeps making new accounts to reach me.,Harassment
"A woman's place is in the kitchen, not the office.",Misogyny
"hi, you are welcome!",Non-Bullying
"well, i care about you",Non-Bullying
"hey, take care 😊",Non-Bullying
today is a beautiful day!,Non-Bullying
I will get revenge if you tell anyone.,Threat
women are amazing,Non-Bullying
can you send me the notes,Non-Bullying
i miss my friends 😊,Non-Bullying
I am glad that my classmate shared the assignment.,Non-Bullying
Keep targeting me and you will regret it.,Threat
"hello, i am feeling good",Non-Bullying
"actually, all the best",Non-Bullying
i am not going to let this go if you continue.,Threat
"You should know, i know where you live tomorrow.",Threat
I was listening to music yesterday.,Non-Bullying
women and men,Non-Bullying
"Just remember, i will come after you if you don't stop.",Threat
"today, the class was interesting 😊",Non-Bullying
"today, where are you going.",Non-Bullying
The movie was helpful.,Non-Bullying
this song is beautiful,Non-Bullying
my husband works very hard,Non-Bullying
You better stop bothering me before this gets worse.,Threat
"Be careful, i will find you if you keep doing this.",Threat
"You should know, you will be sorry tomorrow.",Threat
"hi, that's fine :)",Non-Bullying
I enjoyed the movie.,Non-Bullying
attention all lieberal feminazi here a cause for you put on your pussy hats and go get the toxic male responsible for actual pussy grabbing c mon lying bitches still waiting,Misogyny
my grandmother deserves respect,Non-Bullying
"well, thanks a lot.",Non-Bullying
my father is kind and helpful,Non-Bullying
Girls in science,Non-Bullying
"today, can you explain this.",Non-Bullying
trump whacking cnn kike with a bat,Religious Hate
"hi, sure",Non-Bullying
what do women think about this,Non-Bullying
"hello, i am feeling good 😊",Non-Bullying
Wives should not vote,Misogyny
"Just remember, you better watch your back if you continue.",Threat
what do girls think about this,Non-Bullying
"well, hello!",Non-Bullying
I will make your life difficult if you don't stop.,Threat
bet there would not be so many interracial relationships if all the baby come out white,Insult
"well, can you help me.",Non-Bullying
"hello, are you free today :)",Non-Bullying
my female boss won the competition,Non-Bullying
"today, please share the document.",Non-Bullying
"well, when is the meeting.",Non-Bullying
"well, hello :)",Non-Bullying
I am thankful that my parents sent me a funny video.,Non-Bullying
"today, i really like you!",Non-Bullying
"You should know, you will regret this tonight.",Threat
"actually, did you complete the assignment.",Non-Bullying
"Trust me, if you come here I will hurt you tomorrow.",Threat
"Be careful, stay away from me or else tonight.",Threat
My brother deserves respect!,Non-Bullying
My sisters are doing amazing work!,Non-Bullying
"hi, thank you so much :)",Non-Bullying
"well, i love this movie 😊",Non-Bullying
can we talk.,Non-Bullying
I am glad that my friend called me yesterday.,Non-Bullying
I will teach you a lesson.,Threat
i am reading a book,Non-Bullying
the attention whore will kill canadians just to gain a seat on the moslem run un,Misogyny
You bring absolutely nothing useful to any conversation.,Insult
My aunt won the competition!,Non-Bullying
"today, no worries :)",Non-Bullying
absolutely.,Non-Bullying
"I'm warning you, you will regret this if you keep doing this.",Threat
"Be careful, keep provoking me and you will regret it if you keep doing this.",Threat
"well, can you explain this 😊",Non-Bullying
my brother gave me some useful advice.,Non-Bullying
"I'm warning you, i will attack you tomorrow.",Threat
"hey, see you later!",Non-Bullying
I am glad that my friend helped me with my homework.,Non-Bullying
you aint getting no bag from me better find captain save a hoe,Misogyny
i need to study,Non-Bullying
Working women are great leaders.,Non-Bullying
"hello, can you explain this!",Non-Bullying
<user> how many of the top ten muslim countries population are on the terrorist ban,Religious Hate
"hi, i learned something new today 😊",Non-Bullying
"Just remember, you should watch yourself.",Threat
"actually, good afternoon",Non-Bullying
i love you 😊,Non-Bullying
"You should know, if you tell anyone I will come for you if you don't stop.",Threat
"hello, i will call you later 😊",Non-Bullying
in case you had any doubts about sweden being raped and wiped off the face of the earth here is a friendly reminder canfam maga gabfam news politics speakfreely rino sweden,Insult
"today, i like this song!",Non-Bullying
"You should know, keep talking and you will see what happens",Threat
"actually, that looks great",Non-Bullying
"hey, this song is beautiful",Non-Bullying
"well, no worries.",Non-Bullying
"You should know, you better stop before something happens if you continue.",Threat
you are a kike loving nigger who still uses your mom insults you should just do the world a favor and attach yourself to the end of a rope,Religious Hate
The assignment is almost finished.,Non-Bullying
"today, i received the file!",Non-Bullying
"If you talking about me online again, you will be sorry.",Threat
"actually, have a nice day 😊",Non-Bullying
"today, i learned something new today!",Non-Bullying
The book was interesting.,Non-Bullying
"well, everything is fine 😊",Non-Bullying
if you tell anyone I will come for you if you don't stop.,Threat
Congratulations on your achievement.,Non-Bullying
"You should know, you better stop before something happens",Threat
can you send me the notes 😊,Non-Bullying
Team leaders played really well today,Non-Bullying
"hi, sounds great :)",Non-Bullying
"Trust me, stay away from me or else if you don't stop.",Threat
"hey, can you send me the notes :)",Non-Bullying
"well, please share the document.",Non-Bullying
I will make you pay if you keep doing this.,Threat
<user> she should of raped and abused young white girls <user> would of turned a blind eye,Misogyny
"Just remember, i won't forgive you if you don't stop.",Threat
"hello, good afternoon 😊",Non-Bullying
the man next door works very hard,Non-Bullying
Today I am studying for my exam.,Non-Bullying
Woman are coming to the party,Non-Bullying
the military takes weak minded white kids who have been brainwashed to hate themselves and kills them for the jews in jew created wars it a global phenomena,Religious Hate
"well, that sounds good 😊",Non-Bullying
I am thankful that my classmate recommended a good movie.,Non-Bullying
"today, thanks a lot",Non-Bullying
"well, please send me the file :)",Non-Bullying
I won't forgive you,Threat
you the nigga in high school who got shoved into lockers and thrown into trash cans,Insult
"hi, i am happy today 😊",Non-Bullying
hello woman,Non-Bullying
"today, hey.",Non-Bullying
"You should know, you should be scared tomorrow.",Threat
The trip is going well.,Non-Bullying
"I'm warning you, i am going to hurt you if you don't stop.",Threat
<user> someone needs to get that message to ghetto michelle,Hate/Discrimination
When guys throw stupid bitch fits its like whyyyyy? Grow some balls please. I have bigger balls than you.,Insult
"hey, this is wonderful 😊",Non-Bullying
Women ruin everything,Misogyny
"actually, i completed my assignment :)",Non-Bullying
"well, the class was interesting",Non-Bullying
<user> the white delegation has waived that white devil woman,Misogyny
"hey, this is wonderful!",Non-Bullying
Everyone deserves respect regardless of their faith.,Non-Bullying
"I'm warning you, i am coming for you if you keep doing this.",Threat
"I'm warning you, i will deal with you soon tonight.",Threat
my sister can be anything they want.,Non-Bullying
"hi, have a great day",Non-Bullying
"hi, what are you doing :)",Non-Bullying
A woman raising her voice in a meeting is just unprofessional.,Misogyny
i swear I will hurt you,Threat
someone will hurt you if you tell anyone.,Threat
"well, hi :)",Non-Bullying
"Just remember, i know where you are.",Threat
Women are not capable of doing important jobs.,Misogyny
"well, you mean a lot to me :)",Non-Bullying
"If you don't stop, things will get ugly.",Threat
"well, i appreciate your help!",Non-Bullying
The song was helpful.,Non-Bullying
i mean when you believe one faggots obvious larp why not believe them all,Hate/Discrimination
"hey, all the best!",Non-Bullying
"Just remember, try me and see what happens if you continue.",Threat
that looks great 😊,Non-Bullying
"Be careful, i swear I will hurt you if you keep doing this.",Threat
Women are only good for taking care of the household.,Misogyny
are you free today.,Non-Bullying
girls!,Non-Bullying
"today, i am watching a movie 😊",Non-Bullying
"today, let's work on the project.",Non-Bullying
"Just remember, i will get you!",Threat
"I'm warning you, i will get you tomorrow.",Threat
Today I am working on my project.,Non-Bullying
they never fighting outside my apartment wow the fucking ghetto,Insult
Female engineers are amazing at coding,Non-Bullying
The application is going well.,Non-Bullying
elijah out here slut shaming his own mother for being raped as a teenager i think the fuck not boyo,Insult
"well, i need to study",Non-Bullying
"hey, i am studying today",Non-Bullying
"Just remember, i will come to your house",Threat
My grandmother helped me a lot.,Non-Bullying
"today, i loved you so much.",Non-Bullying
one day I will get you!,Threat
"hi, i am listening to music 😊",Non-Bullying
"well, best wishes to you 😊",Non-Bullying
this hoe aaliyah talking bout weather and shit 😂 😂 😂 😂 😂,Misogyny
"hey, you are my best friend!",Non-Bullying
"Be careful, i will hurt anyone who gets in my way",Threat
we will attack you if you tell anyone.,Threat
"Trust me, you are going to regret messing with me if you keep doing this.",Threat
"today, let's study together!",Non-Bullying
our teacher deserves respect,Non-Bullying
i will attack you.,Threat
Girls are coming to the party,Non-Bullying
"Trust me, i will kill you!",Threat
"hi, can you send me the notes :)",Non-Bullying
That whole community is a drain on the welfare system.,Hate/Discrimination
<user> <user> i can ’ t stand this look they all look like identical blow up dolls,Misogyny
i need to study!,Non-Bullying
"today, i completed my assignment :)",Non-Bullying
You been the side hoe,Insult
Wave or get Splashed on!!! ya bitch you!!,Insult
"well, i am going home :)",Non-Bullying
"hi, that's fine.",Non-Bullying
"Just remember, i will attack you",Threat
"hey, i got it",Non-Bullying
"Just remember, i won't forgive you if you keep doing this.",Threat
Only way I want a female to cover up if I like her the rest of you hoes I want to see half naked pics on the TL,Insult
I am thankful that my brother called me yesterday.,Non-Bullying
"actually, i agree with you :)",Non-Bullying
may the muslim terrorists that you support kill you instead of innocents,Religious Hate
about girl,Non-Bullying
"You should know, you will regret this",Threat
"Trust me, you better watch your back tonight.",Threat
Meek mill said get yo game up before you lose yo bitch damn lol,Insult
I know you are a pussy ass coward that is weaker and smaller like GZ,Insult
"actually, when is the meeting",Non-Bullying
"today, hi there!",Non-Bullying
my grandfather is amazing at coding,Non-Bullying
"hello, glad to meet you.",Non-Bullying
q what do you get when you cross a nigger with a mexican a somebody that too lazy to steal <user>,Hate/Discrimination
you are my best friend 😊,Non-Bullying
"actually, okay thank you 😊",Non-Bullying
"today, i received the file :)",Non-Bullying
"today, i agree with you 😊",Non-Bullying
"today, i am reading a book",Non-Bullying
"today, no worries",Non-Bullying
"' Get some head off Twitter now niggahs that's bracken ima baby momma killa , yo bitch she can get it You...",Insult
"today, nice to meet you!",Non-Bullying
People with that skin color shouldn't be trusted with responsibility.,Hate/Discrimination
bill the redneck bought a diesel truck and then got in a fight before waking up to creepy ghost sounds,Insult
"If you insulting me again, you will be sorry.",Threat
"You should know, you should be scared if you don't stop.",Threat
"well, congratulations 😊",Non-Bullying
we will come for you if you try that again.,Threat
"well, i agree with you.",Non-Bullying
"today, i am happy today :)",Non-Bullying
the girls team won the match,Non-Bullying
"hey, can you send me the notes!",Non-Bullying
The woman are here,Non-Bullying
"Honestly, that whole belief system is just superstition dressed up as faith.",Religious Hate
"today, that looks great",Non-Bullying
"hi, i am studying today.",Non-Bullying
"hello, i love this movie 😊",Non-Bullying
"I'm warning you, you better stop before something happens tonight.",Threat
"hi, i loved you so much.",Non-Bullying
"You should know, one day I will get you tonight.",Threat
make a retard nut call that shit a download,Insult
"well, can we talk",Non-Bullying
I am glad that my classmate sent me a funny video.,Non-Bullying
Girls are great leaders,Non-Bullying
"Just remember, if you come here I will hurt you tonight.",Threat
Female doctors are very smart.,Non-Bullying
the lecture was helpful.,Non-Bullying
we will get revenge if you continue.,Threat
"today, hi 😊",Non-Bullying
"""You don't get bitches"" Take Care the mos overrated album that has been released in the last 5 years",Insult
You better stop mocking me before this gets worse.,Threat
"hi, sure 😊",Non-Bullying
My female boss works very hard!,Non-Bullying
"Just remember, one day I will get you.",Threat
you are using a straw man here with your statement blame jews for everything that ails you which is lazy you should be able to debate the actual position not just the caricature of it,Insult
"actually, have a great day 😊",Non-Bullying
"You should know, you better run tonight.",Threat
My girlfriend is strong and talented,Non-Bullying
"Be careful, if you do that again I will hurt you!",Threat
I am thankful that my classmate helped me with the project.,Non-Bullying
"Just remember, i will make you pay",Threat
ladies are important,Non-Bullying
i learned something new today 😊,Non-Bullying
"well, thanks.",Non-Bullying
"actually, thank you :)",Non-Bullying
<user> has got to be one of the dumbest muslims on earth how about banning the sale of acid to muslims god this filthy goatfucker beats all britfam muslimban,Religious Hate
the woman next door is very smart,Non-Bullying
"You should know, you are going to regret messing with me",Threat
"I'm warning you, i will come to your house tomorrow.",Threat
i know where you live tonight.,Threat
Every girl are too emotional to lead,Misogyny
Female are great,Non-Bullying
"You should know, i will come after you if you don't stop.",Threat
"actually, i am reading a book.",Non-Bullying
i miss my friends :),Non-Bullying
The event sounds good.,Non-Bullying
my male boss helped me a lot,Non-Bullying
women are amazing at coding!,Non-Bullying
"hi, thank you so much.",Non-Bullying
"hey, could you help me.",Non-Bullying
"hi, nice to meet you 😊",Non-Bullying
females are important,Non-Bullying
"hi, of course",Non-Bullying
"today, i really like you.",Non-Bullying
"well, how are you 😊",Non-Bullying
"Be careful, i know where you live if you keep doing this.",Threat
<user> <user> and your muslim you dumb towel head camel jockey genital mutilated whore,Misogyny
"hi, i agree with you",Non-Bullying
my friend recommended a good movie.,Non-Bullying
"hey, when is the meeting",Non-Bullying
of course,Non-Bullying
"When the bitch playes with your emotions, an won't let you date. That's the moment where i wanna kick her straight in the vagina.",Insult
"actually, i received the message!",Non-Bullying
"Trust me, i am going to kill you if you continue.",Threat
"well, have a great day",Non-Bullying
"Be careful, i will come to your house if you continue.",Threat
"actually, could you help me.",Non-Bullying
defending muslims being in europe saying that islam isnt the greatest threat to the white race pick one kys for having the reading comprehension of a goat,Religious Hate
you should watch yourself tomorrow.,Threat
"Trust me, i am coming for you if you don't stop.",Threat
"Be careful, try me and see what happens",Threat
i won't forgive you tomorrow.,Threat
Keep sharing my private information and you will regret it.,Threat
this song is beautiful 😊,Non-Bullying
"The weather is absolutely beautiful today, perfect for a short walk.",Non-Bullying
that boy is very smart,Non-Bullying
"You should know, i will make sure you regret this",Threat
i loved you so much 😊,Non-Bullying
"Be careful, i swear I will get revenge",Threat
"It's October babe, you don't have to be a hoe anymore.",Insult
I received the message,Non-Bullying
"well, that is a good idea",Non-Bullying
"well, congratulations!",Non-Bullying
"I'm warning you, you have no idea what I will do if you keep doing this.",Threat
beware mr or ms goat there may be a mooslam sneaking up behind you,Religious Hate
"Be careful, i am going to kill you if you keep doing this.",Threat
"hi, happy birthday",Non-Bullying
you all hoes get drunk and just start being friendly with anybody like girl back up before i take your bottle then bat you down,Misogyny
"nobody bout their actions, you all pussy",Insult
"actually, the class was interesting 😊",Non-Bullying
ladies are great leaders,Non-Bullying
i ’ m watching say yes to the dress and i must say people are really bitchy oml,Insult
"Just remember, i am going to kill you tonight.",Threat
perhaps the men in question prefer women who do not dress like streetwalkers,Insult
Some of you bitches arent built to wear certain shit.,Insult
my mother is a great leader,Non-Bullying
i understand 😊,Non-Bullying
"Be careful, i won't forgive you if you continue.",Threat
"Trust me, i will find you if you don't stop.",Threat
"You should know, i swear I will get revenge if you continue.",Threat
"hey, you are my best friend 😊",Non-Bullying
"I'm warning you, you should watch yourself if you keep doing this.",Threat
"hi, please send me the file 😊",Non-Bullying
"today, that looks great!",Non-Bullying
"hi, see you tomorrow 😊",Non-Bullying
Boys are hardworking,Non-Bullying
"today, thank you.",Non-Bullying
someone will come for you if you tell anyone.,Threat
i need to study 😊,Non-Bullying
"hey, i agree with you.",Non-Bullying
"I'm warning you, you are going to regret messing with me if you continue.",Threat
"today, let's work on the project",Non-Bullying
"hi, when is the meeting :)",Non-Bullying
"hello, happy birthday 😊",Non-Bullying
enjoy your day,Non-Bullying
"I'm warning you, keep provoking me and you will regret it if you keep doing this.",Threat
"hey, have a nice day :)",Non-Bullying
"If you keep sharing my private information, there will be consequences.",Threat
stay away from me or else!,Threat
"actually, i am watching a movie :)",Non-Bullying
"You should know, you won't be safe.",Threat
"hi, i really like you :)",Non-Bullying
"You should know, i am going to hurt you!",Threat
"actually, can you help me!",Non-Bullying
"hey, you are welcome :)",Non-Bullying
"I'm warning you, i will make sure you regret this if you continue.",Threat
"You should know, i am going to kill you if you don't stop.",Threat
I am thankful that my classmate gave me some useful advice.,Non-Bullying
Stop before I take matters into my own hands.,Threat
"well, i loved you so much!",Non-Bullying
"Trust me, i will find you tonight.",Threat
"You should know, you should watch yourself",Threat
The event was enjoyable.,Non-Bullying
god rest the man soul one question how many muzzies die on the street,Religious Hate
I met some female today,Non-Bullying
"Just remember, i will deal with you soon!",Threat
"Trust me, i will hurt you if you don't stop.",Threat
They've made three fake profiles just to keep messaging me after being blocked.,Harassment
"actually, hey",Non-Bullying
"well, you are my best friend.",Non-Bullying
"well, enjoy your day!",Non-Bullying
Girls will ignore your text messages then get bothered when you give other bitches attention.,Insult
I will make you pay.,Threat
"actually, i really like this :)",Non-Bullying
Try me and see what happens,Threat
"hey, all the best",Non-Bullying
my sister helped me with the project.,Non-Bullying
"hi, i love my family",Non-Bullying
I am glad that my parents recommended a good movie.,Non-Bullying
"I'm warning you, if you come here I will hurt you!",Threat
"hi, can we talk!",Non-Bullying
this whole world has went to shit with all this marxist bs twitter shadowbanned me last yr and i am off for the next day because i called michelle aka michael obama a ghetto bitch,Misogyny
You will wish you had listened to my warning.,Threat
Lady deserve equal rights,Non-Bullying
"today, i had a great day :)",Non-Bullying
I am glad that my teacher recommended a good movie.,Non-Bullying
i seriously doubt any white man would willingly lie with a sheboon let alone rape one hell black men do not even want them mawa,Hate/Discrimination
"I'm warning you, keep provoking me and you will regret it.",Threat
Stop contacting my friends or you will regret it.,Threat
Any woman are too weak for any real job,Misogyny
"hey, i need to study.",Non-Bullying
well obviously they must be a diverse group of morbidly obese transgendered persons some blacks hispanics some veiled muslims a few asians and a white girl i guess and they should replace the dallas cheerleaders,Hate/Discrimination
nice to meet you!,Non-Bullying
I love you.,Non-Bullying
I am glad that my teacher sent me a funny video.,Non-Bullying
you are welcome :),Non-Bullying
"actually, i am studying today :)",Non-Bullying
"hi, enjoy your day!",Non-Bullying
women are equal to men,Non-Bullying
I will deal with you if you keep doing this.,Threat
You make my heart feel peaceful.,Non-Bullying
"Be careful, you should watch yourself tonight.",Threat
"hey, i completed my assignment :)",Non-Bullying
Let's meet tomorrow.,Non-Bullying
"Be careful, you should watch yourself if you continue.",Threat
"hello, i am listening to music!",Non-Bullying
"hello, i am happy today :)",Non-Bullying
It's like zero bitches in nap that's gon stick by yo side if you fall off,Insult
"well, i am listening to music 😊",Non-Bullying
we will attack you if you try that again.,Threat
I will make sure you face consequences for this.,Threat
"hey, i completed my assignment 😊",Non-Bullying
I agree with your idea.,Non-Bullying
"hi, absolutely 😊",Non-Bullying
"hey, sure :)",Non-Bullying
"actually, i care about you 😊",Non-Bullying
"Be careful, you are going to regret messing with me if you don't stop.",Threat
"Trust me, i swear I will hurt you tomorrow.",Threat
"hey, hey :)",Non-Bullying
"well, sounds great.",Non-Bullying
"well, i understand :)",Non-Bullying
hello female,Non-Bullying
"today, i will call you later.",Non-Bullying
"Trust me, i swear I will get revenge if you keep doing this.",Threat
Exactly. Don't be gettin no additional pussy for them soft ass tweets. Jus be you dude lol,Insult
"hello, i got it.",Non-Bullying
I am feeling good,Non-Bullying
"Do you ever think before you speak, or is this just natural?",Insult
working men help each other a lot,Non-Bullying
"You should know, you will be sorry!",Threat
"hi, i learned something new today!",Non-Bullying
we will come after you if you continue.,Threat
"hi, good morning.",Non-Bullying
"today, good evening",Non-Bullying
"Be careful, i am not going to let this go",Threat
"hello, i miss my friends :)",Non-Bullying
"hi, can you explain this!",Non-Bullying
"hello, what time is the class.",Non-Bullying
"I'm warning you, stay away from me or else tomorrow.",Threat
"Be careful, you better watch your back if you don't stop.",Threat
"today, good afternoon!",Non-Bullying
"well, i need to study 😊",Non-Bullying
You better keep quiet about this.,Threat
Say that again and see what happens to you.,Threat
"Trust me, i am coming for you if you keep doing this.",Threat
"hey, you are welcome!",Non-Bullying
"today, this song is beautiful!",Non-Bullying
did you complete the assignment 😊,Non-Bullying
"Be careful, you won't be safe!",Threat
The class sounds good.,Non-Bullying
<number> <number> salute brother its the the truth and nothing but the truth enjoy and let it develop your brain and use it against your kike government,Religious Hate
that yeboah chick does the most to prove shes street and ghetto like relax sisterin dear,Misogyny
i need to study.,Non-Bullying
"Trust me, you should watch yourself",Threat
"hey, i miss my friends!",Non-Bullying
"hey, i really like this",Non-Bullying
girls are too emotional to lead,Misogyny
"Be careful, you are going to regret messing with me!",Threat
that girl deserves equal pay.,Non-Bullying
"You should know, i will get you if you don't stop.",Threat
"hey, i agree with you :)",Non-Bullying
Every morning there's another anonymous message waiting in my inbox from the same person.,Harassment
"hey, i loved you so much",Non-Bullying
i will come to your house if you don't stop.,Threat
I will come for you.,Threat
"This is how you eat pussy,repeat after me!!!",Insult
"today, i love my family 😊",Non-Bullying
"hey, okay thank you",Non-Bullying
can you send me the notes!,Non-Bullying
i will call you later!,Non-Bullying
"hey, no problem",Non-Bullying
the girls in my class are amazing at coding,Non-Bullying
daniel boone was a man he was a big man but i was bigger so he ran like a nigger up a tree,Hate/Discrimination
she helped me a lot!,Non-Bullying
"today, i am going to college today 😊",Non-Bullying
"Trust me, you are going to regret messing with me tonight.",Threat
"hello, this is wonderful",Non-Bullying
"hey, absolutely :)",Non-Bullying
I am thankful that my cousin shared the assignment.,Non-Bullying
you promote articles by fat dyke pipe fitters that a fantasy,Hate/Discrimination
"Be careful, i will make sure you regret this.",Threat
"well, have a nice day",Non-Bullying
"I'm warning you, try me and see what happens if you don't stop.",Threat
"hey, i am going to college today",Non-Bullying
i swear I will hurt you!,Threat
there already enough photos of that retarded freak of nature on its twitter page,Insult
hackney south not quite so nigger these days more turk turds sorry kurds but hackney north with diane abacus is black in the main,Hate/Discrimination
"actually, i really like this.",Non-Bullying
good morning ladies,Non-Bullying
"hey, i will message you later.",Non-Bullying
<user> you all really going to not let dongsung take the fnc family photo even though he been with you for <number> years i hate you,Insult
I will teach you a lesson if you continue.,Threat
we will come after you if you keep doing this.,Threat
Stop talking about me online or you will regret it.,Threat
"hello, i understand",Non-Bullying
"Just remember, i will make you pay tomorrow.",Threat
"Be careful, i am going to hurt you",Threat
i am going to kill you!,Threat
"I'm warning you, try me and see what happens!",Threat
Stop interfering with me or you will regret it.,Threat
"If you share that photo, you will be sorry.",Threat
the boys in my class are amazing at coding,Non-Bullying
"I'm warning you, you will be sorry if you continue.",Threat
"Be careful, don't make me hurt you",Threat
"hi, i completed my assignment",Non-Bullying
"Trust me, one day I will get you if you continue.",Threat
male engineers can be anything they want.,Non-Bullying
male engineers are strong and talented,Non-Bullying
I finished my assignment.,Non-Bullying
"hi, i understand!",Non-Bullying
My husband helped me a lot,Non-Bullying
You have no idea what will happen if you continue.,Threat
"You should know, don't make me hurt you if you continue.",Threat
"Just remember, you better stop before something happens tomorrow.",Threat
Photo: deafreaperventus: wayward-sons-and-fallen-angels: murderous-crows: *gay intensifies* are you saying...,Insult
"hey, i received the message!",Non-Bullying
I'm sorry ya woman shouldn't be helping you out financially unless that's ya wife these hoes dumb,Insult
my grandmother deserves equal pay.,Non-Bullying
"actually, i am reading a book 😊",Non-Bullying
"hello, i love this movie :)",Non-Bullying
"hello, i appreciate your help",Non-Bullying
"hey, can you help me 😊",Non-Bullying
where are you going.,Non-Bullying
we need more women in leadership,Non-Bullying
"Trust me, i will hurt you tomorrow.",Threat
"hey, let's meet tomorrow",Non-Bullying
<user> does gab community guidelines ban all calls for violence incl those protected under brandenburg v ohio can i say gas the kikes breivik was right etc or is that banned,Religious Hate
"hi, i will message you later 😊",Non-Bullying
if you come here I will hurt you.,Threat
never too early for you to get raped triggy,Insult
someone will teach you a lesson if you keep doing this.,Threat
my brothers inspire me every day,Non-Bullying
"today, this movie is amazing :)",Non-Bullying
shocking reports as i have learned i am a retarded faggot,Insult
"Be careful, i will hurt you if you don't stop.",Threat
my uncle is kind and helpful,Non-Bullying
My mother won the competition!,Non-Bullying
"today, i need to study",Non-Bullying
The presentation was really useful.,Non-Bullying
"You should know, if you come here I will hurt you if you don't stop.",Threat
"hello, i will message you later.",Non-Bullying
niggas be fucking dykes talmbout yea she lemme kill that meanwhile she hit that nigga with the strap no ammo 🤣 🤣,Hate/Discrimination
"hi, let's work on the project.",Non-Bullying
This is your final warning to stop mocking me.,Threat
"today, let's study together",Non-Bullying
"well, i got it :)",Non-Bullying
"hi, where are you going!",Non-Bullying
"hi, thanks!",Non-Bullying
The event was really useful.,Non-Bullying
"Be careful, i swear I will hurt you if you continue.",Threat
"well, that sounds good.",Non-Bullying
don't make me hurt you if you don't stop.,Threat
"Trust me, i swear I will hurt you if you continue.",Threat
"hello, hi 😊",Non-Bullying
"today, when is the meeting :)",Non-Bullying
My aunt is strong and talented,Non-Bullying
"Be careful, you better stop before something happens if you continue.",Threat
my brother is strong and talented.,Non-Bullying
"actually, have a great day!",Non-Bullying
"I'm warning you, you better run tonight.",Threat
"hi, i am feeling good!",Non-Bullying
"hello, please help me :)",Non-Bullying
"hello, i received the message!",Non-Bullying
please share the document!,Non-Bullying
I am glad that my sister helped me with my homework.,Non-Bullying
"hi, that looks great",Non-Bullying
I am thankful that my sister gave me some useful advice.,Non-Bullying
"hello, you mean a lot to me 😊",Non-Bullying
"""You gotta be able to keep a bitch on her feet or she'll be on her knees with the next nigga.""",Insult
"hi, please help me",Non-Bullying
You better stop interfering with me before this gets worse.,Threat
Today I am having dinner.,Non-Bullying
"today, i completed my assignment.",Non-Bullying
"Be careful, don't make me hurt you tomorrow.",Threat
"actually, i am feeling good!",Non-Bullying
I will hurt you if you keep threatening me.,Threat
i appreciate your help 😊,Non-Bullying
Hi girls,Non-Bullying
"You should know, i am coming for you tonight.",Threat
"today, nice to meet you :)",Non-Bullying
my women friends are very kind,Non-Bullying
we need to take on police unions they protect these nazis in blue uniforms we see out there terrorizing people,Insult
"Trust me, you won't be safe if you continue.",Threat
I am watching a movie,Non-Bullying
"hey, glad to meet you!",Non-Bullying
I met some girl today,Non-Bullying
That comment perfectly summarizes why nobody takes you seriously.,Insult
i really like you 😊,Non-Bullying
"hey, everything looks good :)",Non-Bullying
"Just remember, don't make me hurt you if you don't stop.",Threat
i really like this 😊,Non-Bullying
You're a disgusting loser who will never achieve anything in life.,Insult
"hi, please share the document 😊",Non-Bullying
"hey, i have an exam tomorrow.",Non-Bullying
Females in sports,Non-Bullying
Female engineers are doing amazing work,Non-Bullying
"hi, i love you :)",Non-Bullying
"actually, i understand 😊",Non-Bullying
"Trust me, i will hurt anyone who gets in my way if you don't stop.",Threat
"hey, good afternoon :)",Non-Bullying
"hey, let's work on the project",Non-Bullying
"today, i am happy today",Non-Bullying
"today, where are you going!",Non-Bullying
sounds great,Non-Bullying
I work with talented female,Non-Bullying
"actually, i had a great day 😊",Non-Bullying
"well, i am listening to music",Non-Bullying
"Be careful, try me and see what happens.",Threat
"I'm warning you, one day I will get you if you don't stop.",Threat
"You should know, if you tell anyone I will come for you if you keep doing this.",Threat
you better run.,Threat
"today, glad to meet you :)",Non-Bullying
i learned something new today,Non-Bullying
female engineers are just as capable in any profession.,Non-Bullying
"well, i am going to college today",Non-Bullying
i am more worried about muzzies and their proclivity towards raping killing random people and not sticking to their goats,Religious Hate
"You should know, i will come after you if you continue.",Threat
girls are amazing at coding!,Non-Bullying
beautiful hoes be like my life a movie yea bitch cinderella 😍,Misogyny
"actually, thanks a lot",Non-Bullying
"hello, i have an exam tomorrow :)",Non-Bullying
"Just remember, you are going to regret messing with me if you keep doing this.",Threat
"today, that sounds good",Non-Bullying
"Trust me, try me and see what happens tonight.",Threat
"hello, i need to study 😊",Non-Bullying
"well, that's fine.",Non-Bullying
"well, i agree with you!",Non-Bullying
Girl and men,Non-Bullying
"You should know, if you come here I will hurt you tonight.",Threat
"hello, enjoy your day :)",Non-Bullying
"You should know, i will deal with you soon!",Threat
my sister is just as capable in any profession.,Non-Bullying
"today, good evening 😊",Non-Bullying
"Just remember, you better watch your back if you don't stop.",Threat
i am having lunch.,Non-Bullying
"actually, everything looks good.",Non-Bullying
we will get revenge if you tell anyone.,Threat
"hello, what time is the class :)",Non-Bullying
"Trust me, i won't forgive you!",Threat
"hello, let's meet tomorrow",Non-Bullying
"hi, please help me 😊",Non-Bullying
Every girl are always overreacting and annoying,Misogyny
women make great leaders,Non-Bullying
i ’ m tryna stop the violence but i can ’ t help but kill these hoes,Misogyny
"hello, i like this song!",Non-Bullying
"hi, i appreciate your help",Non-Bullying
"Don't bothering me again, or you will face consequences.",Threat
"You should know, i will get you!",Threat
you better watch your back if you continue.,Threat
take care,Non-Bullying
i will hurt anyone who gets in my way if you continue.,Threat
"Just remember, i will come after you if you keep doing this.",Threat
someone will find you if you continue.,Threat
lady are awesome,Non-Bullying
"actually, everything is fine 😊",Non-Bullying
"Trust me, i am going to kill you if you keep doing this.",Threat
"Just remember, if you tell anyone I will come for you tomorrow.",Threat
"hi, i am reading a book",Non-Bullying
"You should know, i swear I will hurt you.",Threat
"Trust me, you better run tonight.",Threat
someone will get revenge if you don't stop.,Threat
anal nazi terrorisist idiots fighting all ﻿ just like the moisislem invasion ﻿,Religious Hate
"actually, i love this movie :)",Non-Bullying
They shouldn't be allowed to work here because of where they're from.,Hate/Discrimination
i will get you!,Threat
if you tell anyone I will come for you if you continue.,Threat
"hi, hello!",Non-Bullying
"well, thank you so much 😊",Non-Bullying
"actually, glad to meet you 😊",Non-Bullying
"today, how are you doing!",Non-Bullying
"Trust me, i swear I will get revenge if you continue.",Threat
our principal inspires me every day!,Non-Bullying
The woman next door is strong and talented,Non-Bullying
"Be careful, keep talking and you will see what happens if you don't stop.",Threat
"well, what are you doing.",Non-Bullying
"well, i got it",Non-Bullying
yet here you are being triggered like the utter faggot you are,Hate/Discrimination
"hey, let's work on the project :)",Non-Bullying
yes it is the capitol on the smallest moon in the galaxy that orbits the largest planet owned by space muslims the universe is outraged the space jews appropriated this tiny muslim moon,Religious Hate
I am thankful that my sister helped me with the project.,Non-Bullying
"well, i miss my friends.",Non-Bullying
"hi, thank you 😊",Non-Bullying
"hi, sure.",Non-Bullying
"I hate drinking by myself. Everyone's so fucking boring now. Fuck you guys, I'll be fun by myself pussies",Insult
thank you girls,Non-Bullying
we will come for you if you keep doing this.,Threat
"hey, i really like this!",Non-Bullying
Boys are great leaders.,Non-Bullying
"hey, i had a great day",Non-Bullying
"hi, i am listening to music :)",Non-Bullying
the men in my team are amazing at coding.,Non-Bullying
"I'm warning you, you won't be safe.",Threat
"I'm warning you, try me and see what happens tomorrow.",Threat
"it's funny how this page quoted my tweet about the term ""camel jockey"" bc I AM a fucking Arab you dumbass",Insult
"hello, can you help me :)",Non-Bullying
sure.,Non-Bullying
hi females,Non-Bullying
"hello, have a nice day 😊",Non-Bullying
You better watch your back,Threat
"I'm warning you, i will hurt you if you don't stop.",Threat
"today, i care about you :)",Non-Bullying
skrrt these fugazi ass negus and bitches fuck all uncle toms,Misogyny
Women's day wishes,Non-Bullying
The website looks great.,Non-Bullying
What time is the meeting?,Non-Bullying
"You know my motto ""It Ain't Tricking If She's Worth It"" but fuck first, trick later depending on the potency of the pussy.",Insult
"hello, have a great day.",Non-Bullying
Girls are in the meeting,Non-Bullying
our teacher helped me a lot,Non-Bullying
"You should know, you will be sorry.",Threat
My girlfriend is hardworking,Non-Bullying
"Be careful, if you do that again I will hurt you.",Threat
Thanks Ravens 4 beating those fags. Now believe I don't give a fuck about you. I'm Raider Nation bitches. Thanks 4 pu ...,Insult
sometimes you can just tell a woman is a real woman she makes it a point that it is not the nature of women to bitch about most anything in order to be a woman,Misogyny
He won the competition,Non-Bullying
"today, all the best :)",Non-Bullying
"hello, enjoy your day",Non-Bullying
"well, could you help me :)",Non-Bullying
"I'm warning you, i swear I will hurt you if you don't stop.",Threat
"Just remember, i am not going to let this go.",Threat
"hello, hi!",Non-Bullying
"actually, nice to meet you!",Non-Bullying
"You should know, i am coming for you if you keep doing this.",Threat
"well, i am watching a movie 😊",Non-Bullying
see you later!,Non-Bullying
"Be careful, i am going to hurt you tomorrow.",Threat
"Just remember, you are going to regret messing with me.",Threat
They've messaged my whole friend list trying to turn people against me.,Harassment
"hi, i had a great day!",Non-Bullying
the iranian regime has a mosque in my home town thousands of miles from tehran its controlled by the revolutionary guard do not let the persian kike fool you,Religious Hate
You better stop or things will get ugly for you.,Threat
The man next door is kind and helpful,Non-Bullying
"hello, you are welcome :)",Non-Bullying
"I'm warning you, keep provoking me and you will regret it",Threat
"I'm warning you, you will be sorry if you don't stop.",Threat
please send me the file 😊,Non-Bullying
what are you doing :),Non-Bullying
"If you do that again, you will get hurt.",Threat
"hello, see you tomorrow.",Non-Bullying
That disability doesn't belong in a real workplace.,Hate/Discrimination
someone will make you pay.,Threat
"hey, see you tomorrow :)",Non-Bullying
i care about you!,Non-Bullying
"Be careful, one day I will get you tomorrow.",Threat
"Just remember, you will regret this if you continue.",Threat
"Be careful, you better stop before something happens.",Threat
girls empowerment,Non-Bullying
"""what are you 15?"" yeah on a scale of one to ten, bitch",Insult
"I'm warning you, you won't be safe tomorrow.",Threat
"hello, hi there :)",Non-Bullying
I know where you are,Threat
we need more girls in leadership,Non-Bullying
"hi, this is wonderful 😊",Non-Bullying
"actually, what time is the class :)",Non-Bullying
"hey, can we talk.",Non-Bullying
gosh osu has a lot of closeted nazis,Insult
"Just remember, i will hurt anyone who gets in my way if you keep doing this.",Threat
"well, i got it!",Non-Bullying
"I'm warning you, don't make me hurt you tonight.",Threat
I'm giving you one last warning to stop.,Threat
I love you and bitches love me.,Insult
The class looks great.,Non-Bullying
that's fine,Non-Bullying
"I'm warning you, you better stop before something happens!",Threat
"Just remember, you have no idea what I will do if you don't stop.",Threat
bitch you guessed it!,Insult
lookit dat fucken kike tryna wreck mah rep on heah,Religious Hate
Thanks for sharing this.,Non-Bullying
"Trust me, you better run if you don't stop.",Threat
"You should know, i am not going to let this go if you continue.",Threat
"actually, where are you going :)",Non-Bullying
"Trust me, you have no idea what I will do if you don't stop.",Threat
you will be sorry.,Threat
girls won the competition,Non-Bullying
If you can't turn Instagram likes/follows into some real life shit,Insult
hard to out kike the kikes politics is their game hopefully gen zkb will figure a way to oven them all,Religious Hate
"Jesus loves you, but everyone else thinks you're a right cunt.",Insult
"well, have a great day!",Non-Bullying
"Be careful, you won't be safe",Threat
everything looks good 😊,Non-Bullying
"I'm warning you, you should watch yourself tomorrow.",Threat
"well, can we talk :)",Non-Bullying
suspended from twitter for bullshit free speech does not exist on twitter or youtube porn bestiality and worse okay on both insult islam and go to twitter jail fuck jack and twitter,Religious Hate
told dat bitch get right or get left,Misogyny
"hey, can you send me the notes 😊",Non-Bullying
"actually, i miss my friends.",Non-Bullying
"hello, what are you doing!",Non-Bullying
I support females,Non-Bullying
have a nice day!,Non-Bullying
"actually, you mean a lot to me 😊",Non-Bullying
"well, that looks great",Non-Bullying
"well, thanks a lot",Non-Bullying
i forgot all about my steak in the damn sink 🤦 🏼 ‍ ♀ ️ ion even wanna cook the bitch now,Insult
"Just remember, one day I will get you tonight.",Threat
"today, see you later :)",Non-Bullying
i love my family,Non-Bullying
"actually, thank you so much.",Non-Bullying
let's study together 😊,Non-Bullying
"Be careful, i will come after you",Threat
the men in my team can be anything they want,Non-Bullying
"bitch stop hatin cause they ain't make em in toddler size. You should be happy, they make em in GS now",Insult
"today, thanks!",Non-Bullying
"If you say that again, you will be in trouble.",Threat
"hi, enjoy your day 😊",Non-Bullying
"hello, i received the file",Non-Bullying
"girls cannot code, go back to cooking",Misogyny
good evening :),Non-Bullying
"Be careful, i am not going to let this go if you keep doing this.",Threat
"Be careful, stay away from me or else if you don't stop.",Threat
"actually, this movie is amazing",Non-Bullying
our teacher is very smart!,Non-Bullying
"well, no problem.",Non-Bullying
"hey, see you tomorrow.",Non-Bullying
"If you expose my secret, you will pay for it.",Threat
"I'm warning you, you won't be safe!",Threat
Their holy book is nonsense and their believers are fools.,Religious Hate
"hi, i will call you later!",Non-Bullying
"hi, thanks :)",Non-Bullying
did you complete the assignment.,Non-Bullying
"hi, of course!",Non-Bullying
"hello, i love my family 😊",Non-Bullying
"hello, good afternoon.",Non-Bullying
"actually, good luck!",Non-Bullying
"hi, i understand",Non-Bullying
"hello, i agree with you :)",Non-Bullying
that looks great.,Non-Bullying
"today, let's study together 😊",Non-Bullying
"well, let's meet tomorrow :)",Non-Bullying
"hello, let's work on the project :)",Non-Bullying
"Trust me, you should be scared if you continue.",Threat
"hey, take care :)",Non-Bullying
female doctors won the competition,Non-Bullying
"I'm warning you, stay away from me or else",Threat
"today, that sounds good 😊",Non-Bullying
i will call you later 😊,Non-Bullying
"Just remember, i am going to kill you.",Threat
: I just wanna do something for somebodyboy sound desperate than hoe how you bout you start off and flat that nose of yours,Insult
"actually, good evening :)",Non-Bullying
i got it,Non-Bullying
i will get you tomorrow.,Threat
I appreciate your feedback on my project.,Non-Bullying
best wishes to you :),Non-Bullying
I swear I will hurt you,Threat
The project is going well.,Non-Bullying
"actually, this song is beautiful :)",Non-Bullying
we will come after you if you come near me.,Threat
we will make you pay if you keep doing this.,Threat
"I'm warning you, i am coming for you!",Threat
boys are very smart!,Non-Bullying
"Be careful, i won't forgive you if you keep doing this.",Threat
what if the jews who convert to christianity kill jesus when he returns isnt that a concern for christians jews love killing jesus,Religious Hate
the original queer eye for the straight guy is iconic those netflix faggots could never,Hate/Discrimination
"Trust me, i will come after you tomorrow.",Threat
I agree with you,Non-Bullying
The website was really useful.,Non-Bullying
"today, good luck",Non-Bullying
"today, absolutely!",Non-Bullying
my sister is strong and talented.,Non-Bullying
"today, can you help me 😊",Non-Bullying
"Plz don't tell nobody, bitch I know you got a man..lol I ain't gon tell nobody!",Insult
"If you interfere again, there will be consequences.",Threat
This is your final warning to stop sharing my private information.,Threat
People won the competition,Non-Bullying
"hi, hey.",Non-Bullying
"hello, no worries!",Non-Bullying
"Be careful, you will regret this",Threat
"hey, hi",Non-Bullying
Have a safe journey.,Non-Bullying
"hi, can you send me the notes 😊",Non-Bullying
"Be careful, you better run!",Threat
nah hillary loves muzzies the same way she loves rapists those are her peeps,Religious Hate
"actually, i have an exam tomorrow 😊",Non-Bullying
"hi, okay thank you!",Non-Bullying
my girlfriend played really well today,Non-Bullying
yeah that what they released today and got maybe <number> seconds of reporting on it with retarded arrogance to quickly sweeping it under the rug with the gates thing because it involves pedoesta,Insult
"well, thanks",Non-Bullying
you should watch yourself tonight.,Threat
when you leave your car windows down and it rains in your car and looks like hurricane katrina ran through that bitch,Insult
love one of you bucket headed hoes no way,Misogyny
best wishes to you 😊,Non-Bullying
today is a beautiful day 😊,Non-Bullying
"today, i am feeling good :)",Non-Bullying
"actually, i am having lunch!",Non-Bullying
"hey, thank you so much 😊",Non-Bullying
Shoutout to this bitch for unfollowing me like I didn't noticed you like my pics just to unlike them,Insult
"well, i miss my friends 😊",Non-Bullying
my female boss is just as capable in any profession,Non-Bullying
"actually, what time is the class 😊",Non-Bullying
I am glad that my friend sent me a funny video.,Non-Bullying
"actually, take care :)",Non-Bullying
many lady study here,Non-Bullying
"Just remember, you should watch yourself if you keep doing this.",Threat
i will attack you if you keep doing this.,Threat
"hello, thank you!",Non-Bullying
"hey, good afternoon!",Non-Bullying
"hi, all the best 😊",Non-Bullying
"Be careful, i will come to your house!",Threat
i will kill you!,Threat
"hi, that sounds good 😊",Non-Bullying
the females are here,Non-Bullying
female doctors help each other a lot.,Non-Bullying
"hello, everything looks good",Non-Bullying
"well, take care 😊",Non-Bullying
could you help me.,Non-Bullying
i like this song.,Non-Bullying
"You should know, keep talking and you will see what happens!",Threat
"actually, i am watching a movie 😊",Non-Bullying
"You should know, you won't be safe if you keep doing this.",Threat
"Trust me, keep talking and you will see what happens if you continue.",Threat
"actually, i really like you!",Non-Bullying
"Them pretty nail bitches, them bail you outta jail bitches.",Insult
sounds great 😊,Non-Bullying
"I'm warning you, you will regret this",Threat
"Just remember, i am going to hurt you if you continue.",Threat
"well, i completed my assignment 😊",Non-Bullying
"hello, no worries",Non-Bullying
girls are welcome,Non-Bullying
"well, i really like you!",Non-Bullying
I will attack you if you try that again.,Threat
playas fuck up too lmao but that's like on trash FORREAL you a crazy one I see,Insult
"You should know, you better stop before something happens if you don't stop.",Threat
"hello, please help me!",Non-Bullying
"hello, the class was interesting 😊",Non-Bullying
I will find you if you tell anyone.,Threat
"hello, absolutely 😊",Non-Bullying
"well, sure 😊",Non-Bullying
Your work looks like it was done with your eyes closed.,Insult
It's lame that you can buy clothes that look like real military clothing. If you wear it I will make fun of you. You're a 4 star bitch.,Insult
have a nice day.,Non-Bullying
if you tell anyone I will come for you.,Threat
"If you tell anyone, you will be sorry.",Threat
"Be careful, i won't forgive you if you don't stop.",Threat
"hi, i really like this!",Non-Bullying
and this is why i end up with nigger trainee doctors who can not speak properly lack basic knowledge of biology it truly scary if the public only knew,Hate/Discrimination
"hey, have a great day.",Non-Bullying
drinking by myself how ghetto,Insult
"She only got that executive position because of her looks, zero talent.",Misogyny
"I'm warning you, i will hurt you.",Threat
"I'm warning you, you better stop before something happens.",Threat
"Be careful, i will find you if you continue.",Threat
you are going to get raped fed you and all the other siege niggers,Hate/Discrimination
a woman can be anything they want,Non-Bullying
alot of you hoes is tasha,Misogyny
"Be careful, i will hurt you tomorrow.",Threat
"today, thank you so much",Non-Bullying
"Be careful, you will regret this tonight.",Threat
Whops yardie. Go smoke a blunt and tell a nigga to come through. You are stressed,Insult
Females so dirty bro real talk you gotta play these bitches now day because if you don't they still gonna do it to you,Insult
i appreciate your help :),Non-Bullying
"hey, everything is fine 😊",Non-Bullying
The application sounds good.,Non-Bullying
"You should know, if you come here I will hurt you",Threat
"well, that's fine 😊",Non-Bullying
"actually, take care.",Non-Bullying
"hey, when is the meeting :)",Non-Bullying
"Trust me, i will get you if you keep doing this.",Threat
"today, can you help me :)",Non-Bullying
"Be careful, i will find you",Threat
I am thankful that my brother recommended a good movie.,Non-Bullying
"hey, how are you doing",Non-Bullying
"hey, best wishes to you :)",Non-Bullying
How can someone be this incompetent?,Insult
"today, i understand.",Non-Bullying
"hi, take care 😊",Non-Bullying
"If you keep bothering me, there will be consequences.",Threat
good evening 😊,Non-Bullying
You know these hoes wishy washy,Insult
this is why israel rothschild hungary soros must open their borders diversity will be their strength refugees and non white in white homelands are worth more then gold to israel ask any kike,Religious Hate
"Just remember, i will kill you tonight.",Threat
"I'm warning you, i am going to hurt you!",Threat
"hi, i understand.",Non-Bullying
The movie was interesting.,Non-Bullying
working men work very hard,Non-Bullying
I woulda jus told skylar one night 'hey I got a flight in the mornin...you wit it or nah' while textin my brazilian bitch,Insult
"hi, that is a good idea!",Non-Bullying
I will make you pay if you tell anyone.,Threat
"Be careful, if you come here I will hurt you if you keep doing this.",Threat
i will make you pay!,Threat
"well, let's meet tomorrow!",Non-Bullying
"Be careful, you are going to regret messing with me tonight.",Threat
"hello, i received the message",Non-Bullying
"hello, everything is fine 😊",Non-Bullying
I respect everyone,Non-Bullying
"today, i am reading a book!",Non-Bullying
you won't be safe if you continue.,Threat
what time is the class.,Non-Bullying
"I'm warning you, you better stop before something happens if you keep doing this.",Threat
"hey, i like this song 😊",Non-Bullying
my mother works very hard,Non-Bullying
I forgive you for what happened last week.,Non-Bullying
"today, please help me",Non-Bullying
"today, good morning!",Non-Bullying
"hello, thank you 😊",Non-Bullying
"well, i am going home 😊",Non-Bullying
Doctors are kind and helpful.,Non-Bullying
my female friends are very kind,Non-Bullying
"I don't care how old I am, when you put me in front of a bag of takis I'll eat that bitch",Insult
"Trust me, if you tell anyone I will come for you if you keep doing this.",Threat
"actually, i miss my friends :)",Non-Bullying
"If you try that again, you will be sorry.",Threat
"hey, what time is the class",Non-Bullying
"well, thank you :)",Non-Bullying
"hello, are you free today.",Non-Bullying
I will make you pay if you continue.,Threat
i will deal with you soon if you keep doing this.,Threat
"hello, everything looks good :)",Non-Bullying
"today, can you help me",Non-Bullying
"I'm warning you, i won't forgive you",Threat
"You should know, you will regret this!",Threat
we will come for you.,Threat
"well, good morning :)",Non-Bullying
"I'm warning you, i will come after you.",Threat
"well, i appreciate your help",Non-Bullying
I am having lunch,Non-Bullying
"hello, everything is fine.",Non-Bullying
"Just remember, if you tell anyone I will come for you tonight.",Threat
someone will come for you if you continue.,Threat
my grandmother is a great leader,Non-Bullying
"hi, congratulations :)",Non-Bullying
"Trust me, keep talking and you will see what happens",Threat
women are strong,Non-Bullying
women leaders played really well today.,Non-Bullying
"Trust me, i will hurt anyone who gets in my way.",Threat
i will come to your house tomorrow.,Threat
"hello, that is a good idea 😊",Non-Bullying
"actually, i am going to college today!",Non-Bullying
I hope you get well soon.,Non-Bullying
"Trust me, if you come here I will hurt you.",Threat
<user> she gotta take up for the black man but the one she is taking up for is a muslim and not for this country racist mind,Religious Hate
"You should know, i won't forgive you",Threat
"hey, please help me.",Non-Bullying
lol violence against me will end terribly you pussy feel free to try though i do show mercy for effort if i am having a good day 😘,Insult
let's meet tomorrow :),Non-Bullying
"Trust me, you won't be safe if you keep doing this.",Threat
everything looks good.,Non-Bullying
one day I will get you,Threat
<user> not racist probably told him to shut up because he was losing brain cells listening to this fucking retard “ its <number> ”,Insult
"Be careful, i will hurt you!",Threat
i heard you elle and luke share the same fantasy of being gang raped by men holding tiki torches is this true,Insult
Woman deserve respect,Non-Bullying
you better stop before something happens if you keep doing this.,Threat
Working women deserve respect,Non-Bullying
"well, everything looks good :)",Non-Bullying
Your idea is very creative.,Non-Bullying
"Just remember, i will find you.",Threat
I will make you sorry if you continue to spreading rumors about me.,Threat
"You should know, you have no idea what I will do.",Threat
"Just remember, if you tell anyone I will come for you if you don't stop.",Threat
someone will teach you a lesson if you don't stop.,Threat
One more message and you will have a problem.,Threat
"Be careful, if you do that again I will hurt you if you don't stop.",Threat
"Just remember, you will be sorry.",Threat
japan does not have the problem of moslem terrorists rape gangs or negro gangsters ruining their country,Hate/Discrimination
"I'm warning you, i am going to hurt you if you continue.",Threat
"hi, i will call you later",Non-Bullying
"Just remember, you won't be safe if you don't stop.",Threat
"well, are you free today.",Non-Bullying
"today, i care about you.",Non-Bullying
ladies in tech,Non-Bullying
lady are wonderful,Non-Bullying
Working men won the competition.,Non-Bullying
"hi, what time is the class 😊",Non-Bullying
"Just remember, i will kill you!",Threat
"well, absolutely :)",Non-Bullying
Can you share the notes?,Non-Bullying
my friend sent me the notes.,Non-Bullying
"Just remember, i will make sure you regret this if you keep doing this.",Threat
"Just remember, i know where you are if you continue.",Threat
"Be careful, i swear I will get revenge!",Threat
you better stop before something happens.,Threat
"Be careful, i know where you are tonight.",Threat
"today, i completed my assignment",Non-Bullying
The website was enjoyable.,Non-Bullying
"Be careful, i will make sure you regret this",Threat
"Be careful, you should watch yourself if you don't stop.",Threat
"You should know, i know where you live!",Threat
I will find you and make you regret this.,Threat
"Trust me, you better watch your back",Threat
congratulations.,Non-Bullying
I am glad that my classmate helped me with the project.,Non-Bullying
"If you continue insulting me, I will respond.",Threat
"well, let's work on the project",Non-Bullying
Keep interfering with me and you will regret it.,Threat
I was learning Python yesterday.,Non-Bullying
"actually, the lecture was helpful",Non-Bullying
yal some faggots yup nigga you n you fuckin fruit cups.,Insult
"You should know, i will deal with you soon if you keep doing this.",Threat
"Trust me, i will hurt anyone who gets in my way if you keep doing this.",Threat
The song is almost finished.,Non-Bullying
One more word and I'll make sure you suffer.,Threat
why do their women always dress for halloween are they really that ugly,Misogyny
Can you help me with this?,Non-Bullying
keep talking and you will see what happens.,Threat
"That religion has caused more harm than good throughout history, full stop.",Religious Hate
does twitter just randomly go “ and now no more media for tonight go to bed you bitch ” or like,Misogyny
"Trust me, i swear I will get revenge if you don't stop.",Threat
"actually, enjoy your day :)",Non-Bullying
"hey, good luck!",Non-Bullying
i can not believe how fucking retarded people are,Insult
I swear I will get revenge,Threat
"hey, can you send me the notes.",Non-Bullying
"Be careful, keep talking and you will see what happens tonight.",Threat
i swear I will hurt you tomorrow.,Threat
"actually, that is a good idea!",Non-Bullying
"Be careful, you won't be safe.",Threat
my brothers won the competition.,Non-Bullying
"hey, you are welcome 😊",Non-Bullying
"today, i really like this.",Non-Bullying
"Be careful, i will make you pay if you continue.",Threat
"Trust me, you will be sorry.",Threat
"today, thank you so much!",Non-Bullying
"hey, i care about you!",Non-Bullying
love you too bitch,Insult
we will attack you.,Threat
"well, okay thank you.",Non-Bullying
"He comments on every single photo I post within seconds, it's unsettling.",Harassment
<user> also doggos are only way to keep of white hoes from having babies i e misdirected motherhood please keep doggos in the game they are helping our cause,Misogyny
"today, i finished my homework :)",Non-Bullying
"Trust me, i will hurt you tonight.",Threat
not all faggots love twinks many want to be ass raped by masculine alphas like me,Hate/Discrimination
"hey, i finished my homework :)",Non-Bullying
"hey, happy birthday.",Non-Bullying
"If you come near my friends again, you will be sorry.",Threat
The song is working well.,Non-Bullying
lol damn. just thought i'd let you know. my dad was going super saiyan ape shit.,Insult
i will make sure you regret this.,Threat
ladies in sports,Non-Bullying
"today, happy birthday :)",Non-Bullying
"You should know, you should watch yourself.",Threat
girls are strong and talented!,Non-Bullying
how you know niggas ain t never live like that but you help em try to give off the image as if but you hoes real tho,Misogyny
donald trump is a fucking joke,Insult
Everyone laughs at how clueless you are.,Insult
Viola Davis sans wig is still stuntin on you hoes in the most classically beautiful way.,Insult
"well, i am studying today!",Non-Bullying
Female doctors are hardworking!,Non-Bullying
"Exes swear they can do better, then you see their next bitch .....",Insult
"hi, good afternoon 😊",Non-Bullying
"You should know, i will kill you tomorrow.",Threat
"Be careful, keep talking and you will see what happens tomorrow.",Threat
I didn't think it was possible to be this out of touch.,Insult
"Just remember, you should watch yourself!",Threat
The trip was helpful.,Non-Bullying
"well, i am going to college today :)",Non-Bullying
degenerate jews hate white people jews,Religious Hate
"Gotta put it back in rotation ain't heard u say...""you lil stupid ass bitch"" in a minute fam u slackin lol",Insult
thank you so much!,Non-Bullying
My boyfriend is a great leader,Non-Bullying
"You should know, if you come here I will hurt you if you keep doing this.",Threat
"hello, thanks a lot :)",Non-Bullying
ladies are kind and helpful.,Non-Bullying
"hey, thank you so much",Non-Bullying
girl.,Non-Bullying
"actually, i am happy today!",Non-Bullying
"hey, how are you",Non-Bullying
"hey, what time is the class.",Non-Bullying
please send me the file :),Non-Bullying
"The ape was like ""Oh you niggas gon learn today""",Insult
"hello, hello :)",Non-Bullying
keep provoking me and you will regret it.,Threat
I am proud of your progress.,Non-Bullying
bye bitch. im blocking u i drew you,Insult
"hey, glad to meet you",Non-Bullying
"What a pussy so you can sub-tweet about me, then unfollow, but can't even reply and try to understand my point? Yeah and I'm the idiot.",Insult
my grandfather is a great leader.,Non-Bullying
my boyfriend is kind and helpful,Non-Bullying
You bitter bitches need a life..!,Insult
"well, this is wonderful!",Non-Bullying
"hi, i really like this.",Non-Bullying
It's genuinely impressive how consistently wrong you manage to be.,Insult
"hey, i really like you!",Non-Bullying
are you free today :),Non-Bullying
i know where you are if you don't stop.,Threat
"today, i really like you :)",Non-Bullying
"hi, let's work on the project!",Non-Bullying
bitches piss me off that why it be hard to date one,Misogyny
"hi, i miss my friends.",Non-Bullying
"actually, i learned something new today :)",Non-Bullying
"I'm warning you, i will hurt you",Threat
good luck,Non-Bullying
I care about you,Non-Bullying
"today, can we talk :)",Non-Bullying
"I'm warning you, i swear I will get revenge if you don't stop.",Threat
"hi, you mean a lot to me.",Non-Bullying
gama3a aslun homosexuals should get murdered begad ya3ne yaaaa3 ezay keda uf bakarahom,Hate/Discrimination
"You should know, i am going to kill you tomorrow.",Threat
"actually, good luck.",Non-Bullying
"Trust me, i am going to kill you tomorrow.",Threat
"today, enjoy your day.",Non-Bullying
a moslem writing with his ass wiping hand,Religious Hate
"Be careful, i swear I will hurt you",Threat
"Trust me, i am going to hurt you if you keep doing this.",Threat
My sisters are hardworking.,Non-Bullying
"Trust me, if you come here I will hurt you",Threat
"today, absolutely :)",Non-Bullying
"actually, i really like you",Non-Bullying
"You should know, i will find you tomorrow.",Threat
Be mean or rude to my little sister again and I'll kick your ass. It applies to all of you little snooty bitches. K thanks.,Insult
"hi, i love you 😊",Non-Bullying
"hey, i am watching a movie :)",Non-Bullying
"hello, i care about you",Non-Bullying
"hey, this is wonderful",Non-Bullying
i will hurt anyone who gets in my way,Threat
"lmfaooo Whenever you take selfies at work, it's always one hatin ass bitch in the comments talmbout ""you ain't workin""",Insult
I am thankful that my friend shared the assignment.,Non-Bullying
"Just remember, i am not going to let this go!",Threat
"hello, have a great day 😊",Non-Bullying
lady and girls deserve safety,Non-Bullying
"hey, this song is beautiful :)",Non-Bullying
"today, i am listening to music 😊",Non-Bullying
"well, where are you going 😊",Non-Bullying
Every girl are dumb and useless,Misogyny
"Just remember, don't test me!",Threat
i am going to kill you if you don't stop.,Threat
"hi, of course :)",Non-Bullying
"well, of course 😊",Non-Bullying
"hi, i had a great day 😊",Non-Bullying
"hi, please help me!",Non-Bullying
"He keeps showing up wherever I go, even after I asked him to leave me alone.",Harassment
Yes yes yes that's all you gone hear never met a hoe yet that a tell me no,Insult
no woman can be a good boss,Misogyny
My mother helped me a lot.,Non-Bullying
"Trust me, you should watch yourself!",Threat
ok volks lets downboat this filthy kikess <user>,Religious Hate
"I'm warning you, i know where you are if you continue.",Threat
you will be sorry if you continue.,Threat
could you help me 😊,Non-Bullying
"hi, everything looks good 😊",Non-Bullying
"You should know, i won't forgive you.",Threat
"today, the lecture was helpful",Non-Bullying
am i the only one who hasn ’ t tried white claws lmao,Insult
I am glad that my sister gave me some useful advice.,Non-Bullying
"hello, have a great day!",Non-Bullying
"hello, i have an exam tomorrow!",Non-Bullying
"Trust me, i will make you pay if you keep doing this.",Threat
Roses are red Violets are blue I just fucked yo bitch .....but nigga do you...,Insult
"hello, where are you going.",Non-Bullying
i will deal with you soon!,Threat
"hello, everything looks good.",Non-Bullying
"hello, sounds great!",Non-Bullying
"hey, hi.",Non-Bullying
"today, i love you",Non-Bullying
"actually, this movie is amazing!",Non-Bullying
"hello, i really like you 😊",Non-Bullying
"hey, good luck 😊",Non-Bullying
"well, i received the file!",Non-Bullying
"Trust me, you better run if you continue.",Threat
The women in my team are amazing at coding,Non-Bullying
"hey, today is a beautiful day :)",Non-Bullying
lady are in the meeting,Non-Bullying
lol a white knight defending a shitskin thot patrol,Hate/Discrimination
women won the competition.,Non-Bullying
"hey, today is a beautiful day!",Non-Bullying
"hi, everything looks good!",Non-Bullying
female.,Non-Bullying
I will make you sorry for treating me this way.,Threat
<user> i am not a fan of violence having said that i have never seen a more punchable face that the twit jared,Insult
"I'm warning you, you will regret this tomorrow.",Threat
"Trust me, stay away from me or else!",Threat
"Be careful, i will make sure you regret this!",Threat
"today, i understand",Non-Bullying
my sisters deserve respect.,Non-Bullying
"Trust me, i will deal with you soon if you don't stop.",Threat
i swear I will get revenge tonight.,Threat
you actually think he'll do that? lil bitch can't punch a potato,Insult
"hi, hi :)",Non-Bullying
glad to meet you,Non-Bullying
<number> years later that kikess still has not been gassed wtf,Religious Hate
stay away from me or else.,Threat
"today, i am feeling good.",Non-Bullying
"hi, i am having lunch",Non-Bullying
"well, good luck :)",Non-Bullying
the lecture was helpful :),Non-Bullying
"hi, please share the document.",Non-Bullying
"hey, the lecture was helpful.",Non-Bullying
"You should know, i am going to hurt you if you keep doing this.",Threat
have a nice day :),Non-Bullying
"actually, everything looks good :)",Non-Bullying
"hey, enjoy your day!",Non-Bullying
"hey, i will message you later!",Non-Bullying
i ’ m single bc i ’ m way too corny romantically amp goofy aka borderline retarded weird af 🙃,Insult
I was watching a movie yesterday.,Non-Bullying
"well, i love you.",Non-Bullying
I am thankful that my friend called me yesterday.,Non-Bullying
That entire religion thrives on keeping its followers ignorant.,Religious Hate
"hey, everything is fine.",Non-Bullying
"You should know, i will hurt you if you don't stop.",Threat
my parents sent me a funny video.,Non-Bullying
"Just remember, if you do that again I will hurt you tonight.",Threat
female deserve equal rights,Non-Bullying
i understand :),Non-Bullying
It must be exhausting being this clueless all the time.,Insult
cuz she is a dumb whore who wanted the moslem filth in her country in the first place she deserved to die,Misogyny
you are welcome 😊,Non-Bullying
"hey, have a nice day",Non-Bullying
"actually, okay thank you :)",Non-Bullying
"hi, i need to study",Non-Bullying
"today, i am feeling good!",Non-Bullying
"hey, that sounds good!",Non-Bullying
made a priv so i can call players niggers,Hate/Discrimination
"hello, no problem :)",Non-Bullying
"Just remember, i will hurt anyone who gets in my way tomorrow.",Threat
"If you keep provoking me, I will come after you.",Threat
"You should know, you better run if you keep doing this.",Threat
ladies are coming to the party,Non-Bullying
"today, congratulations!",Non-Bullying
"If you keep interfering with me, there will be consequences.",Threat
"today, this song is beautiful :)",Non-Bullying
you have no idea what I will do if you don't stop.,Threat
Girl day,Non-Bullying
our principal is strong and talented,Non-Bullying
"hey, congratulations!",Non-Bullying
"hello, i love you!",Non-Bullying
"hi, i like this song",Non-Bullying
She won the competition,Non-Bullying
this is wonderful,Non-Bullying
absolutely,Non-Bullying
Stop talking about me or you will regret it.,Threat
See Your pussy & personality gotta be trash if a nigga stopped talking to you after sex,Insult
"well, this movie is amazing!",Non-Bullying
that <user> a fat kike liar profitmonger censor <user> a pajeet fucking a confirmed kike and a couple sand niggers but they duped gab fam out of 1 0 0 of thousands of dollars lol,Religious Hate
"actually, where are you going!",Non-Bullying
so i am an idiot because jews murdered their own creator and since he does not hate jews for murdering the son of god i am an idiot,Religious Hate
I told him honestly that his plan needed improvement.,Non-Bullying
fl wilson shamed the nigger soldier who was killed in niger,Hate/Discrimination
women leaders are hardworking!,Non-Bullying
"hey, good evening",Non-Bullying
"hey, i like this song :)",Non-Bullying
"Trust me, i will kill you tonight.",Threat
Girl in tech,Non-Bullying
Its obvious the bitch is still immature and havent let go of the past yet. Just face it. You fucked up a good thing,Insult
white wamin beat nigger wamin fact,Hate/Discrimination
"Just remember, if you do that again I will hurt you tomorrow.",Threat
The woman next door is a great leader,Non-Bullying
that sounds good,Non-Bullying
long story short whites are dying out because jews convinced us to kill ourselves to atone for the holocaust,Religious Hate
you have no idea what I will do tonight.,Threat
"hi, i appreciate your help :)",Non-Bullying
"hey, i am happy today 😊",Non-Bullying
Women,Non-Bullying
Today I am learning Python.,Non-Bullying
one day I will get you if you keep doing this.,Threat
"That was an embarrassing thing to say, but everyone makes mistakes.",Non-Bullying
you should be scared if you continue.,Threat
"actually, everything looks good",Non-Bullying
americans will not back down if it comes to my grand daughter being raped by a muslim i would slit her throat may sound harsh i love her that much,Religious Hate
I am working on my project.,Non-Bullying
"well, can you help me!",Non-Bullying
Congratulations on publishing your deep learning model in the IEEE journal!,Non-Bullying
I will come for you if you keep doing this.,Threat
"well, i received the message.",Non-Bullying
"Just remember, you will be sorry if you keep doing this.",Threat
"hi, best wishes to you!",Non-Bullying
"Be careful, i will come after you if you keep doing this.",Threat
A woman ruin everything,Misogyny
check out the rockfish report on niggermania they keep up to date on all the bobbing coons nationwide,Hate/Discrimination
"You should know, you are going to regret messing with me tomorrow.",Threat
"well, i am happy today",Non-Bullying
"today, i will message you later.",Non-Bullying
Amina ass... Peter you just fucking the bitch I don't like her voice,Insult
dumb yid cunt but most people know that anyway,Religious Hate
"I'm warning you, stay away from me or else if you don't stop.",Threat
He repeatedly contacts me even after I ask him to stop.,Harassment
i am going to hurt you!,Threat
"today, that's fine!",Non-Bullying
"Trust me, i am going to kill you.",Threat
girl in science,Non-Bullying
"hi, i miss my friends :)",Non-Bullying
"hi, that's fine",Non-Bullying
"hello, i learned something new today",Non-Bullying
i will get you if you continue.,Threat
"hi, you are welcome",Non-Bullying
How was your day?,Non-Bullying
"actually, have a great day :)",Non-Bullying
girls are naturally less intelligent than men,Misogyny
Men are just as capable in any profession,Non-Bullying
"You should know, i will hurt anyone who gets in my way",Threat
my grandmother can be anything they want.,Non-Bullying
"Be careful, you will be sorry if you keep doing this.",Threat
"hi, you are my best friend",Non-Bullying
"well, i completed my assignment!",Non-Bullying
"Just remember, you will be sorry if you don't stop.",Threat
"Just remember, i am coming for you",Threat
"Trust me, i will get you tomorrow.",Threat
<user> bitch without me u queer,Misogyny
When your teacher puts you in a group with a bunch of retards,Insult
I had a great day,Non-Bullying
<user> make sure you signal and bow before any critique of this dumb coon rand,Hate/Discrimination
"Just remember, i will make you pay if you don't stop.",Threat
"Just remember, i am not going to let this go if you keep doing this.",Threat
